ncm;nac;imp;est;mun
00000000;13.45;15.45;20.00;0.00
0101;13.45;15.45;0.00;3.03
01012100;13.45;15.45;18.00;0.00
01012900;13.45;15.45;18.00;0.00
01013000;13.45;17.88;18.00;0.00
01019000;13.45;17.88;18.00;0.00
0102;13.45;15.45;0.00;3.03
01022110;13.45;15.45;18.00;0.00
01022190;13.45;15.45;18.00;0.00
01022911;13.45;15.45;18.00;0.00
01022919;13.45;15.45;18.00;0.00
01022990;13.45;15.45;18.00;0.00
01023110;13.45;15.45;18.00;0.00
01023190;13.45;15.45;18.00;0.00
01023911;13.45;15.45;18.00;0.00
01023919;13.45;15.45;18.00;0.00
01023990;13.45;15.45;18.00;0.00
01029000;13.45;15.45;18.00;0.00
0103;13.45;15.45;0.00;3.03
01031000;13.45;15.45;18.00;0.00
01039100;13.45;15.45;18.00;0.00
01039200;13.45;15.45;18.00;0.00
0104;13.45;15.45;0.00;2.98
01041011;13.45;15.45;18.00;0.00
01041019;13.45;15.45;18.00;0.00
01041090;13.45;15.45;18.00;0.00
01042010;13.45;15.45;18.00;0.00
01042090;13.45;15.45;18.00;0.00
0105;13.45;15.45;0.00;2.98
01051110;13.45;15.45;18.00;0.00
01051190;13.45;15.45;18.00;0.00
01051200;13.45;15.45;18.00;0.00
01051300;13.45;15.45;18.00;0.00
01051400;13.45;15.45;18.00;0.00
01051500;13.45;15.45;18.00;0.00
01059400;13.45;17.88;18.00;0.00
01059900;13.45;17.88;18.00;0.00
0106;13.45;15.45;0.00;3.03
01061100;13.45;17.88;18.00;0.00
01061200;13.45;17.88;18.00;0.00
01061300;13.45;17.88;18.00;0.00
01061400;13.45;17.88;18.00;0.00
01061900;13.45;17.88;18.00;0.00
01062000;13.45;17.88;18.00;0.00
01063100;13.45;17.88;18.00;0.00
01063200;13.45;17.88;18.00;0.00
01063310;13.45;15.45;18.00;0.00
01063390;13.45;17.88;18.00;0.00
01063900;13.45;17.88;18.00;0.00
01064100;13.45;17.88;18.00;0.00
01064900;13.45;17.88;18.00;0.00
01069000;13.45;17.88;18.00;0.00
0107;13.45;15.45;0.00;3.00
0108;13.45;15.45;0.00;3.03
0201;13.45;15.45;0.00;2.98
02011000;13.45;21.23;18.00;0.00
02012010;13.45;21.23;18.00;0.00
02012020;13.45;21.23;18.00;0.00
02012090;13.45;21.23;18.00;0.00
02013000;13.45;22.27;18.00;0.00
02021000;13.45;21.23;18.00;0.00
02022010;13.45;21.23;18.00;0.00
02022020;13.45;21.23;18.00;0.00
02022090;13.45;21.23;18.00;0.00
02023000;13.45;15.45;18.00;0.00
02031100;13.45;21.23;18.00;0.00
02031200;13.45;21.23;18.00;0.00
02031900;13.45;21.23;18.00;0.00
02032100;13.45;21.23;18.00;0.00
02032200;13.45;21.23;18.00;0.00
02032900;13.45;21.23;18.00;0.00
02041000;13.45;21.23;18.00;0.00
02042100;13.45;21.23;18.00;0.00
02042200;13.45;21.23;18.00;0.00
02042300;13.45;21.23;18.00;0.00
02043000;13.45;21.23;18.00;0.00
02044100;13.45;21.23;18.00;0.00
02044200;13.45;21.23;18.00;0.00
02044300;13.45;21.23;18.00;0.00
02045000;13.45;21.23;18.00;0.00
02050000;13.45;21.23;18.00;0.00
02061000;13.45;21.23;18.00;0.00
02062100;13.45;21.23;18.00;0.00
02062200;13.45;21.23;18.00;0.00
02062910;13.45;21.23;18.00;0.00
02062990;13.45;21.23;18.00;0.00
02063000;13.45;21.23;18.00;0.00
02064100;13.45;21.23;18.00;0.00
02064900;13.45;21.23;18.00;0.00
02068000;13.45;21.23;18.00;0.00
02069000;13.45;21.23;18.00;0.00
02071100;13.45;21.23;18.00;0.00
02071210;13.45;21.23;18.00;0.00
02071220;13.45;21.23;18.00;0.00
02071300;13.45;21.23;18.00;0.00
02071411;13.45;21.23;18.00;0.00
02071412;13.45;21.23;18.00;0.00
02071413;13.45;21.23;18.00;0.00
02071419;13.45;21.23;18.00;0.00
02071421;13.45;21.23;18.00;0.00
02071422;13.45;21.23;18.00;0.00
02071423;13.45;21.23;18.00;0.00
02071424;13.45;21.23;18.00;0.00
02071429;13.45;21.23;18.00;0.00
02071431;13.45;21.23;18.00;0.00
02071432;13.45;21.23;18.00;0.00
02071433;13.45;21.23;18.00;0.00
02071434;13.45;21.23;18.00;0.00
02071439;13.45;21.23;18.00;0.00
02072400;13.45;21.23;18.00;0.00
02072500;13.45;21.23;18.00;0.00
02072600;13.45;21.23;18.00;0.00
02072700;13.45;21.23;18.00;0.00
02074100;13.45;21.23;18.00;0.00
02074200;13.45;21.23;18.00;0.00
02074300;13.45;21.23;18.00;0.00
02074400;13.45;21.23;18.00;0.00
02074500;13.45;21.23;18.00;0.00
02075100;13.45;21.23;18.00;0.00
02075200;13.45;21.23;18.00;0.00
02075300;13.45;21.23;18.00;0.00
02075400;13.45;21.23;18.00;0.00
02075500;13.45;21.23;18.00;0.00
02076000;13.45;21.23;18.00;0.00
02081000;13.45;21.23;18.00;0.00
02083000;13.45;21.23;18.00;0.00
02084000;13.45;21.23;18.00;0.00
02085000;13.45;21.23;18.00;0.00
02086000;13.45;21.23;18.00;0.00
02089000;13.45;21.23;18.00;0.00
02091011;13.45;19.04;18.00;0.00
02091019;13.45;19.04;18.00;0.00
02091021;13.45;19.04;18.00;0.00
02091029;13.45;19.04;18.00;0.00
02099000;13.45;19.04;18.00;0.00
02101100;13.45;21.23;18.00;0.00
02101200;13.45;21.23;18.00;0.00
02101900;13.45;21.23;18.00;0.00
02102000;13.45;21.23;18.00;0.00
02109100;13.45;21.23;18.00;0.00
02109200;13.45;21.23;18.00;0.00
02109300;13.45;21.23;18.00;0.00
02109911;13.45;21.23;18.00;0.00
02109919;13.45;21.23;18.00;0.00
02109920;13.45;21.23;18.00;0.00
02109930;13.45;21.23;18.00;0.00
02109940;13.45;21.23;18.00;0.00
02109990;13.45;21.23;18.00;0.00
0301;13.45;15.45;0.00;2.00
03011110;13.45;21.23;18.00;0.00
03011190;13.45;21.23;18.00;0.00
03011900;13.45;21.23;18.00;0.00
03019110;13.45;15.45;18.00;0.00
03019190;13.45;21.23;18.00;0.00
03019210;13.45;15.45;18.00;0.00
03019290;13.45;21.23;18.00;0.00
03019310;13.45;15.45;18.00;0.00
03019390;13.45;21.23;18.00;0.00
03019410;13.45;15.45;18.00;0.00
03019490;13.45;21.23;18.00;0.00
03019510;13.45;15.45;18.00;0.00
03019590;13.45;21.23;18.00;0.00
03019911;13.45;15.45;18.00;0.00
03019912;13.45;15.45;18.00;0.00
03019919;13.45;15.45;18.00;0.00
03019991;13.45;21.23;18.00;0.00
03019992;13.45;21.23;18.00;0.00
03019999;13.45;21.23;18.00;0.00
0302;13.45;15.45;0.00;3.08
03021100;13.45;21.23;18.00;0.00
03021300;13.45;21.23;18.00;0.00
03021400;13.45;21.23;18.00;0.00
03021900;13.45;21.23;18.00;0.00
03022100;13.45;21.23;18.00;0.00
03022200;13.45;21.23;18.00;0.00
03022300;13.45;21.23;18.00;0.00
03022400;13.45;21.23;18.00;0.00
03022900;13.45;21.23;18.00;0.00
03023100;13.45;21.23;18.00;0.00
03023200;13.45;21.23;18.00;0.00
03023300;13.45;21.23;18.00;0.00
03023400;13.45;21.23;18.00;0.00
03023500;13.45;21.23;18.00;0.00
03023600;13.45;21.23;18.00;0.00
03023900;13.45;21.23;18.00;0.00
03024100;13.45;21.23;18.00;0.00
03024210;13.45;21.23;18.00;0.00
03024290;13.45;21.23;18.00;0.00
03024300;13.45;21.23;18.00;0.00
03024400;13.45;21.23;18.00;0.00
03024500;13.45;21.23;18.00;0.00
03024600;13.45;21.23;18.00;0.00
03024700;13.45;21.23;18.00;0.00
03024910;13.45;21.23;18.00;0.00
03024990;13.45;21.23;18.00;0.00
03025100;13.45;15.45;18.00;0.00
03025200;13.45;21.23;18.00;0.00
03025300;13.45;21.23;18.00;0.00
03025400;13.45;21.23;18.00;0.00
03025500;13.45;21.23;18.00;0.00
03025600;13.45;21.23;18.00;0.00
03025900;13.45;21.23;18.00;0.00
03027100;13.45;21.23;18.00;0.00
03027210;13.45;21.23;18.00;0.00
03027290;13.45;21.23;18.00;0.00
03027300;13.45;21.23;18.00;0.00
03027400;13.45;21.23;18.00;0.00
03027900;13.45;21.23;18.00;0.00
03028100;13.45;21.23;18.00;0.00
03028200;13.45;21.23;18.00;0.00
03028310;13.45;21.23;18.00;0.00
03028320;13.45;21.23;18.00;0.00
03028400;13.45;21.23;18.00;0.00
03028500;13.45;21.23;18.00;0.00
03028910;13.45;21.23;18.00;0.00
03028921;13.45;21.23;18.00;0.00
03028922;13.45;21.23;18.00;0.00
03028923;13.45;21.23;18.00;0.00
03028924;13.45;21.23;18.00;0.00
03028931;13.45;21.23;18.00;0.00
03028932;13.45;21.23;18.00;0.00
03028933;13.45;21.23;18.00;0.00
03028934;13.45;21.23;18.00;0.00
03028935;13.45;21.23;18.00;0.00
03028936;13.45;21.23;18.00;0.00
03028937;13.45;21.23;18.00;0.00
03028938;13.45;21.23;18.00;0.00
03028941;13.45;21.23;18.00;0.00
03028942;13.45;21.23;18.00;0.00
03028943;13.45;21.23;18.00;0.00
03028944;13.45;21.23;18.00;0.00
03028945;13.45;21.23;18.00;0.00
03028990;13.45;21.23;18.00;0.00
03029110;13.45;21.23;18.00;0.00
03029190;13.45;21.23;18.00;0.00
03029200;13.45;21.23;18.00;0.00
03029900;13.45;21.23;18.00;0.00
0303;13.45;15.45;0.00;3.04
03031100;13.45;21.23;18.00;0.00
03031200;13.45;21.23;18.00;0.00
03031300;13.45;21.23;18.00;0.00
03031400;13.45;21.23;18.00;0.00
03031900;13.45;21.23;18.00;0.00
03032300;13.45;21.23;18.00;0.00
03032410;13.45;21.23;18.00;0.00
03032490;13.45;21.23;18.00;0.00
03032500;13.45;21.23;18.00;0.00
03032600;13.45;21.23;18.00;0.00
03032900;13.45;21.23;18.00;0.00
03033100;13.45;21.23;18.00;0.00
03033200;13.45;21.23;18.00;0.00
03033300;13.45;21.23;18.00;0.00
03033400;13.45;21.23;18.00;0.00
03033900;13.45;21.23;18.00;0.00
03034100;13.45;21.23;18.00;0.00
03034200;13.45;21.23;18.00;0.00
03034300;13.45;21.23;18.00;0.00
03034400;13.45;21.23;18.00;0.00
03034500;13.45;21.23;18.00;0.00
03034600;13.45;21.23;18.00;0.00
03034900;13.45;21.23;18.00;0.00
03035100;13.45;21.23;18.00;0.00
03035300;13.45;15.45;18.00;0.00
03035400;13.45;21.23;18.00;0.00
03035500;13.45;21.23;18.00;0.00
03035600;13.45;21.23;18.00;0.00
03035700;13.45;21.23;18.00;0.00
03035910;13.45;21.23;18.00;0.00
03035920;13.45;21.23;18.00;0.00
03035990;13.45;21.23;18.00;0.00
03036300;13.45;15.45;18.00;0.00
03036400;13.45;21.23;18.00;0.00
03036500;13.45;21.23;18.00;0.00
03036600;13.45;21.23;18.00;0.00
03036700;13.45;21.23;18.00;0.00
03036800;13.45;21.23;18.00;0.00
03036910;13.45;21.23;18.00;0.00
03036990;13.45;21.23;18.00;0.00
03038111;13.45;21.23;18.00;0.00
03038112;13.45;21.23;18.00;0.00
03038113;13.45;21.23;18.00;0.00
03038114;13.45;21.23;18.00;0.00
03038119;13.45;21.23;18.00;0.00
03038190;13.45;21.23;18.00;0.00
03038200;13.45;21.23;18.00;0.00
03038311;13.45;21.23;18.00;0.00
03038319;13.45;21.23;18.00;0.00
03038321;13.45;21.23;18.00;0.00
03038329;13.45;21.23;18.00;0.00
03038400;13.45;21.23;18.00;0.00
03038910;13.45;21.23;18.00;0.00
03038920;13.45;21.23;18.00;0.00
03038932;13.45;21.23;18.00;0.00
03038933;13.45;21.23;18.00;0.00
03038941;13.45;21.23;18.00;0.00
03038942;13.45;21.23;18.00;0.00
03038943;13.45;21.23;18.00;0.00
03038944;13.45;21.23;18.00;0.00
03038945;13.45;21.23;18.00;0.00
03038946;13.45;21.23;18.00;0.00
03038951;13.45;21.23;18.00;0.00
03038952;13.45;21.23;18.00;0.00
03038953;13.45;21.23;18.00;0.00
03038954;13.45;21.23;18.00;0.00
03038955;13.45;21.23;18.00;0.00
03038956;13.45;21.23;18.00;0.00
03038961;13.45;21.23;18.00;0.00
03038962;13.45;21.23;18.00;0.00
03038963;13.45;21.23;18.00;0.00
03038964;13.45;21.23;18.00;0.00
03038965;13.45;21.23;18.00;0.00
03038990;13.45;21.23;18.00;0.00
03039110;13.45;21.23;18.00;0.00
03039190;13.45;21.23;18.00;0.00
03039200;13.45;21.23;18.00;0.00
03039910;13.45;21.23;18.00;0.00
03039920;13.45;21.23;18.00;0.00
03039990;13.45;21.23;18.00;0.00
0304;13.45;15.45;0.00;2.79
03043100;13.45;21.23;18.00;0.00
03043210;13.45;21.23;18.00;0.00
03043290;13.45;21.23;18.00;0.00
03043300;13.45;21.23;18.00;0.00
03043900;13.45;21.23;18.00;0.00
03044100;13.45;21.23;18.00;0.00
03044200;13.45;21.23;18.00;0.00
03044300;13.45;21.23;18.00;0.00
03044400;13.45;21.23;18.00;0.00
03044500;13.45;21.23;18.00;0.00
03044600;13.45;21.23;18.00;0.00
03044700;13.45;21.23;18.00;0.00
03044800;13.45;21.23;18.00;0.00
03044910;13.45;21.23;18.00;0.00
03044920;13.45;21.23;18.00;0.00
03044990;13.45;21.23;18.00;0.00
03045100;13.45;21.23;18.00;0.00
03045200;13.45;21.23;18.00;0.00
03045300;13.45;21.23;18.00;0.00
03045400;13.45;21.23;18.00;0.00
03045500;13.45;21.23;18.00;0.00
03045600;13.45;21.23;18.00;0.00
03045700;13.45;21.23;18.00;0.00
03045900;13.45;21.23;18.00;0.00
03046100;13.45;21.23;18.00;0.00
03046210;13.45;21.23;18.00;0.00
03046290;13.45;21.23;18.00;0.00
03046300;13.45;21.23;18.00;0.00
03046900;13.45;21.23;18.00;0.00
03047100;13.45;21.23;18.00;0.00
03047200;13.45;21.23;18.00;0.00
03047300;13.45;21.23;18.00;0.00
03047400;13.45;21.23;18.00;0.00
03047500;13.45;21.23;18.00;0.00
03047900;13.45;21.23;18.00;0.00
03048100;13.45;21.23;18.00;0.00
03048200;13.45;21.23;18.00;0.00
03048300;13.45;21.23;18.00;0.00
03048400;13.45;21.23;18.00;0.00
03048510;13.45;21.23;18.00;0.00
03048520;13.45;21.23;18.00;0.00
03048600;13.45;21.23;18.00;0.00
03048700;13.45;21.23;18.00;0.00
03048810;13.45;21.23;18.00;0.00
03048890;13.45;21.23;18.00;0.00
03048910;13.45;21.23;18.00;0.00
03048920;13.45;21.23;18.00;0.00
03048930;13.45;21.23;18.00;0.00
03048990;13.45;21.23;18.00;0.00
03049100;13.45;21.23;18.00;0.00
03049211;13.45;21.23;18.00;0.00
03049212;13.45;21.23;18.00;0.00
03049219;13.45;21.23;18.00;0.00
03049221;13.45;21.23;18.00;0.00
03049222;13.45;21.23;18.00;0.00
03049229;13.45;21.23;18.00;0.00
03049300;13.45;21.23;18.00;0.00
03049400;13.45;21.23;18.00;0.00
03049500;13.45;21.23;18.00;0.00
03049600;13.45;21.23;18.00;0.00
03049700;13.45;21.23;18.00;0.00
03049900;13.45;21.23;18.00;0.00
0305;13.45;15.45;0.00;2.47
03052010;13.45;21.23;18.00;0.00
03052090;13.45;21.23;18.00;0.00
03053100;13.45;21.23;18.00;0.00
03053210;13.45;15.45;18.00;0.00
03053220;13.45;21.23;18.00;0.00
03053230;13.45;21.23;18.00;0.00
03053290;13.45;21.23;18.00;0.00
03053900;13.45;21.23;18.00;0.00
03054100;15.65;23.43;18.00;0.00
03054200;15.65;23.43;18.00;0.00
03054300;13.45;21.23;18.00;0.00
03054400;13.45;21.23;18.00;0.00
03054910;15.65;17.65;18.00;0.00
03054920;13.45;21.23;18.00;0.00
03054990;13.45;21.23;18.00;0.00
03055100;15.65;17.65;18.00;0.00
03055200;15.65;23.43;18.00;0.00
03055310;15.65;17.65;18.00;0.00
03055390;15.65;23.43;18.00;0.00
03055400;15.65;23.43;18.00;0.00
03055900;15.65;23.43;18.00;0.00
03056100;15.65;23.43;18.00;0.00
03056200;15.65;17.65;18.00;0.00
03056300;13.45;21.23;18.00;0.00
03056400;13.45;21.23;18.00;0.00
03056910;13.45;21.23;18.00;0.00
03056990;13.45;21.23;18.00;0.00
03057100;13.45;21.23;18.00;0.00
03057200;15.65;23.43;18.00;0.00
03057900;15.65;23.43;18.00;0.00
03061110;13.45;21.23;18.00;0.00
03061190;13.45;21.23;18.00;0.00
03061200;13.45;21.23;18.00;0.00
03061400;13.45;21.23;18.00;0.00
03061500;13.45;21.23;18.00;0.00
03061610;13.45;21.23;18.00;0.00
03061690;13.45;21.23;18.00;0.00
03061710;13.45;21.23;18.00;0.00
03061790;13.45;21.23;18.00;0.00
03061910;13.45;21.23;18.00;0.00
03061990;13.45;21.23;18.00;0.00
03063100;13.45;21.23;18.00;0.00
03063200;13.45;21.23;18.00;0.00
03063300;13.45;21.23;18.00;0.00
03063400;13.45;21.23;18.00;0.00
03063500;13.45;21.23;18.00;0.00
03063600;13.45;21.23;18.00;0.00
03063910;13.45;21.23;18.00;0.00
03063990;13.45;21.23;18.00;0.00
03069100;13.45;21.23;18.00;0.00
03069200;13.45;21.23;18.00;0.00
03069300;13.45;21.23;18.00;0.00
03069400;13.45;21.23;18.00;0.00
03069500;13.45;21.23;18.00;0.00
03069910;13.45;21.23;18.00;0.00
03069990;13.45;21.23;18.00;0.00
03071100;13.45;21.23;18.00;0.00
03071200;13.45;21.23;18.00;0.00
03071900;13.45;21.23;18.00;0.00
03072100;13.45;21.23;18.00;0.00
03072200;13.45;21.23;18.00;0.00
03072900;13.45;21.23;18.00;0.00
03073100;13.45;21.23;18.00;0.00
03073200;13.45;21.23;18.00;0.00
03073900;13.45;21.23;18.00;0.00
03074200;13.45;21.23;18.00;0.00
03074310;13.45;21.23;18.00;0.00
03074320;13.45;21.23;18.00;0.00
03074900;13.45;21.23;18.00;0.00
03075100;13.45;21.23;18.00;0.00
03075200;13.45;21.23;18.00;0.00
03075900;13.45;21.23;18.00;0.00
03076000;13.45;21.23;18.00;0.00
03077100;13.45;21.23;18.00;0.00
03077200;13.45;21.23;18.00;0.00
03077900;13.45;21.23;18.00;0.00
03078100;13.45;21.23;18.00;0.00
03078200;13.45;21.23;18.00;0.00
03078300;13.45;21.23;18.00;0.00
03078400;13.45;21.23;18.00;0.00
03078700;13.45;21.23;18.00;0.00
03078800;13.45;21.23;18.00;0.00
03079100;13.45;21.23;18.00;0.00
03079200;13.45;21.23;18.00;0.00
03079900;13.45;21.23;18.00;0.00
03081100;13.45;21.23;18.00;0.00
03081200;13.45;21.23;18.00;0.00
03081900;13.45;21.23;18.00;0.00
03082100;13.45;21.23;18.00;0.00
03082200;13.45;21.23;18.00;0.00
03082900;13.45;21.23;18.00;0.00
03083000;13.45;21.23;18.00;0.00
03089000;13.45;21.23;18.00;0.00
03091000;13.45;21.23;18.00;0.00
03099000;13.45;21.23;18.00;0.00
0401;13.45;15.45;0.00;2.84
04011010;13.45;23.28;12.00;0.00
04011090;13.45;30.76;12.00;0.00
04012010;13.45;23.28;12.00;0.00
04012090;13.45;22.27;12.00;0.00
04014010;13.45;22.27;12.00;0.00
04014021;13.45;23.28;18.00;0.00
04014029;13.45;22.27;18.00;0.00
04015010;13.45;22.27;12.00;0.00
04015021;13.45;23.28;18.00;0.00
04015029;13.45;22.27;18.00;0.00
0402;13.45;15.45;0.00;2.62
04021010;13.45;30.76;18.00;0.00
04021090;13.45;30.76;18.00;0.00
04022110;13.45;30.76;18.00;0.00
04022120;13.45;30.76;18.00;0.00
04022130;13.45;24.26;18.00;0.00
04022910;13.45;30.76;18.00;0.00
04022920;13.45;30.76;18.00;0.00
04022930;13.45;24.26;18.00;0.00
04029100;13.45;23.28;12.00;0.00
04029900;13.45;30.76;12.00;0.00
0403;13.45;15.45;0.00;2.57
04032000;13.45;24.26;18.00;0.00
04039000;13.45;24.26;18.00;0.00
0404;13.45;15.45;0.00;2.76
04041000;13.45;30.76;18.00;0.00
04049000;13.45;23.28;18.00;0.00
0405;13.45;15.45;0.00;2.76
04051000;13.45;24.26;18.00;0.00
04052000;13.45;24.26;18.00;0.00
04059010;13.45;24.26;18.00;0.00
04059090;13.45;24.26;18.00;0.00
0406;13.45;15.45;0.00;2.76
04061010;13.45;30.76;18.00;0.00
04061090;13.45;24.26;18.00;0.00
04062000;13.45;24.26;18.00;0.00
04063000;13.45;24.26;18.00;0.00
04064000;13.45;24.26;18.00;0.00
04069010;13.45;30.76;18.00;0.00
04069020;13.45;30.76;18.00;0.00
04069030;13.45;24.26;18.00;0.00
04069090;13.45;24.26;18.00;0.00
0407;13.45;15.45;0.00;2.76
04071100;13.45;15.45;18.00;0.00
04071900;13.45;15.45;18.00;0.00
04072100;13.45;20.15;18.00;0.00
04072900;13.45;20.15;18.00;0.00
04079000;13.45;20.15;18.00;0.00
0408;13.45;15.45;0.00;2.76
04081100;13.45;21.23;18.00;0.00
04081900;13.45;21.23;18.00;0.00
04089100;13.45;21.23;18.00;0.00
04089900;13.45;21.23;18.00;0.00
0409;13.45;15.45;0.00;2.76
04090000;13.45;24.26;7.00;0.00
0410;13.45;15.45;0.00;2.76
04101000;13.45;23.28;18.00;0.00
04109000;13.45;23.28;7.00;0.00
0411;13.45;15.45;0.00;2.76
0412;13.45;15.45;0.00;2.76
0413;13.45;15.45;0.00;2.72
0414;13.45;15.45;0.00;2.76
0415;13.45;15.45;0.00;2.76
0416;13.45;15.45;0.00;2.72
0417;13.45;15.45;0.00;2.56
0418;13.45;15.45;0.00;2.80
0419;13.45;15.45;0.00;2.80
0420;13.45;15.45;0.00;2.80
0421;13.45;15.45;0.00;2.57
0422;13.45;15.45;0.00;2.81
0423;13.45;15.45;0.00;2.81
0501;13.45;15.45;0.00;2.85
05010000;13.45;20.15;18.00;0.00
0502;13.45;15.45;0.00;2.89
05021011;13.45;20.15;18.00;0.00
05021019;13.45;20.15;18.00;0.00
05021090;13.45;20.15;18.00;0.00
05029010;13.45;20.15;18.00;0.00
05029020;13.45;20.15;18.00;0.00
0503;13.45;15.45;0.00;2.89
0504;13.45;15.45;0.00;2.98
05040011;13.45;20.15;18.00;0.00
05040012;13.45;20.15;18.00;0.00
05040013;13.45;20.15;18.00;0.00
05040019;13.45;20.15;18.00;0.00
05040090;13.45;17.88;18.00;0.00
0505;13.45;15.45;0.00;2.89
05051000;13.45;20.15;18.00;0.00
05059000;13.45;20.15;18.00;0.00
0506;13.45;15.45;0.00;2.89
05061000;13.45;20.15;18.00;0.00
05069000;13.45;20.15;18.00;0.00
0507;13.45;15.45;0.00;2.89
05071000;13.45;20.15;18.00;0.00
05079000;13.45;20.15;18.00;0.00
0508;13.45;15.45;0.00;2.89
05080000;13.45;20.15;18.00;0.00
0509;13.45;15.45;0.00;2.94
05100010;13.45;15.45;18.00;0.00
05100090;13.45;15.45;18.00;0.00
05111000;13.45;15.45;18.00;0.00
05119110;13.45;15.45;18.00;0.00
05119190;13.45;20.15;18.00;0.00
05119910;13.45;15.45;18.00;0.00
05119920;13.45;15.45;18.00;0.00
05119930;13.45;15.45;18.00;0.00
05119991;13.45;20.15;18.00;0.00
05119999;13.45;20.15;18.00;0.00
0601;13.45;15.45;0.00;2.85
06011000;13.45;15.45;18.00;0.00
06012000;13.45;15.45;18.00;0.00
0602;13.45;15.45;0.00;2.91
06021000;13.45;15.45;18.00;0.00
06022000;13.45;15.45;18.00;0.00
06023000;13.45;15.45;18.00;0.00
06024000;13.45;15.45;18.00;0.00
06029010;13.45;15.45;18.00;0.00
06029021;13.45;15.45;18.00;0.00
06029029;13.45;15.45;18.00;0.00
06029081;13.45;15.45;18.00;0.00
06029082;13.45;15.45;18.00;0.00
06029083;13.45;15.45;18.00;0.00
06029089;13.45;15.45;18.00;0.00
06029090;13.45;15.45;18.00;0.00
0603;13.45;15.45;0.00;3.06
06031100;13.45;21.23;7.00;0.00
06031200;13.45;21.23;7.00;0.00
06031300;13.45;21.23;7.00;0.00
06031400;13.45;21.23;7.00;0.00
06031500;13.45;21.23;7.00;0.00
06031900;13.45;21.23;7.00;0.00
06039000;13.45;21.23;7.00;0.00
0604;13.45;15.45;0.00;2.86
06042000;13.45;20.15;7.00;0.00
06049000;13.45;20.15;7.00;0.00
0605;13.45;15.45;0.00;3.06
0701;13.45;15.45;0.00;3.12
07011000;13.45;15.45;18.00;0.00
07019000;13.45;21.23;18.00;0.00
0702;13.45;15.45;0.00;2.81
07020000;13.45;21.23;18.00;0.00
0703;13.45;15.45;0.00;2.83
07031011;13.45;15.45;18.00;0.00
07031019;13.45;21.23;18.00;0.00
07031021;13.45;15.45;18.00;0.00
07031029;13.45;21.23;18.00;0.00
07032010;13.45;15.45;18.00;0.00
07032090;13.45;33.60;18.00;0.00
07039010;13.45;15.45;18.00;0.00
07039090;13.45;21.23;18.00;0.00
0704;13.45;15.45;0.00;2.90
07041000;13.45;21.23;18.00;0.00
07042000;13.45;21.23;18.00;0.00
07049000;13.45;21.23;18.00;0.00
0705;13.45;15.45;0.00;2.81
07051100;13.45;21.23;18.00;0.00
07051900;13.45;21.23;18.00;0.00
07052100;13.45;21.23;18.00;0.00
07052900;13.45;21.23;18.00;0.00
0706;13.45;15.45;0.00;3.02
07061000;13.45;21.23;18.00;0.00
07069000;13.45;21.23;18.00;0.00
0707;13.45;15.45;0.00;3.16
07070000;13.45;21.23;18.00;0.00
0708;13.45;15.45;0.00;3.24
07081000;13.45;21.23;12.00;0.00
07082000;13.45;21.23;12.00;0.00
07089000;13.45;21.23;12.00;0.00
0709;13.45;15.45;0.00;3.16
07092000;13.45;21.23;18.00;0.00
07093000;13.45;21.23;18.00;0.00
07094000;13.45;21.23;18.00;0.00
07095100;13.45;21.23;18.00;0.00
07095200;13.45;21.23;18.00;0.00
07095300;13.45;21.23;18.00;0.00
07095400;13.45;21.23;18.00;0.00
07095500;13.45;21.23;18.00;0.00
07095600;13.45;21.23;18.00;0.00
07095900;13.45;21.23;18.00;0.00
07096000;13.45;21.23;18.00;0.00
07097000;13.45;21.23;18.00;0.00
07099100;13.45;21.23;18.00;0.00
07099200;13.45;21.23;18.00;0.00
07099300;13.45;21.23;18.00;0.00
07099911;13.45;15.45;18.00;0.00
07099919;13.45;21.23;18.00;0.00
07099990;13.45;21.23;18.00;0.00
0710;13.45;15.45;0.00;2.91
07101000;13.45;21.23;18.00;0.00
07102100;13.45;21.23;18.00;0.00
07102200;13.45;21.23;12.00;0.00
07102900;13.45;21.23;18.00;0.00
07103000;13.45;21.23;18.00;0.00
07104000;13.45;21.23;18.00;0.00
07108000;13.45;21.23;18.00;0.00
07109000;13.45;21.23;18.00;0.00
0711;13.45;15.45;0.00;3.06
07112010;13.45;21.23;18.00;0.00
07112020;13.45;21.23;18.00;0.00
07112090;13.45;21.23;18.00;0.00
07114000;13.45;21.23;18.00;0.00
07115100;13.45;21.23;18.00;0.00
07115900;15.65;23.43;18.00;0.00
07119000;13.45;21.23;18.00;0.00
0712;13.45;15.45;0.00;3.17
07122000;13.45;21.23;18.00;0.00
07123100;13.45;21.23;18.00;0.00
07123200;13.45;21.23;18.00;0.00
07123300;13.45;21.23;18.00;0.00
07123400;13.45;21.23;18.00;0.00
07123900;13.45;21.23;18.00;0.00
07129020;13.45;21.23;18.00;0.00
07129090;13.45;21.23;18.00;0.00
0713;13.45;15.45;0.00;3.22
07131010;13.45;15.45;18.00;0.00
07131090;13.45;21.23;18.00;0.00
07132010;13.45;15.45;18.00;0.00
07132090;13.45;21.23;18.00;0.00
07133110;13.45;15.45;12.00;0.00
07133190;13.45;21.23;12.00;0.00
07133210;13.45;15.45;12.00;0.00
07133290;13.45;21.23;12.00;0.00
07133311;13.45;15.45;12.00;0.00
07133319;13.45;21.23;12.00;0.00
07133321;13.45;15.45;12.00;0.00
07133329;13.45;21.23;12.00;0.00
07133391;13.45;15.45;12.00;0.00
07133399;13.45;21.23;12.00;0.00
07133410;13.45;15.45;12.00;0.00
07133490;13.45;21.23;12.00;0.00
07133510;13.45;15.45;12.00;0.00
07133590;13.45;21.23;12.00;0.00
07133910;13.45;15.45;12.00;0.00
07133990;13.45;21.23;12.00;0.00
07134010;13.45;15.45;18.00;0.00
07134090;13.45;21.23;18.00;0.00
07135010;13.45;15.45;18.00;0.00
07135090;13.45;21.23;18.00;0.00
07136010;13.45;15.45;12.00;0.00
07136090;13.45;21.23;12.00;0.00
07139010;13.45;15.45;18.00;0.00
07139090;13.45;21.23;18.00;0.00
0714;13.45;15.45;0.00;2.00
07141000;13.45;21.23;18.00;0.00
07142000;13.45;21.23;18.00;0.00
07143000;13.45;21.23;18.00;0.00
07144000;13.45;21.23;18.00;0.00
07145000;13.45;21.23;18.00;0.00
07149000;13.45;21.23;18.00;0.00
0715;13.45;15.45;0.00;2.00
0716;13.45;15.45;0.00;3.24
0717;13.45;15.45;0.00;3.25
0718;13.45;15.45;0.00;3.17
0719;13.45;15.45;0.00;3.17
0720;13.45;15.45;0.00;3.13
0721;13.45;15.45;0.00;2.40
0722;13.45;15.45;0.00;2.38
0801;13.45;15.45;0.00;2.41
08011100;13.45;40.29;12.00;0.00
08011200;13.45;21.23;12.00;0.00
08011900;13.45;21.23;12.00;0.00
08012100;13.45;21.23;12.00;0.00
08012200;13.45;21.23;12.00;0.00
08013100;13.45;21.23;12.00;0.00
08013200;13.45;21.23;12.00;0.00
0802;13.45;15.45;0.00;2.74
08021100;13.45;21.23;12.00;0.00
08021200;13.45;21.23;12.00;0.00
08022100;13.45;19.04;12.00;0.00
08022200;13.45;15.45;12.00;0.00
08023100;13.45;21.23;12.00;0.00
08023200;13.45;21.23;12.00;0.00
08024100;13.45;21.23;12.00;0.00
08024200;13.45;21.23;12.00;0.00
08025100;13.45;21.23;12.00;0.00
08025200;13.45;21.23;12.00;0.00
08026100;13.45;21.23;12.00;0.00
08026200;13.45;21.23;12.00;0.00
08027000;13.45;21.23;12.00;0.00
08028000;13.45;21.23;12.00;0.00
08029100;13.45;21.23;12.00;0.00
08029200;13.45;21.23;12.00;0.00
08029900;13.45;21.23;12.00;0.00
08031000;13.45;21.23;12.00;0.00
08039000;13.45;21.23;12.00;0.00
08041010;13.45;21.23;12.00;0.00
08041020;13.45;21.23;12.00;0.00
08042010;13.45;21.23;12.00;0.00
08042020;13.45;21.23;12.00;0.00
08043000;13.45;21.23;12.00;0.00
08044000;13.45;21.23;12.00;0.00
08045010;13.45;21.23;12.00;0.00
08045020;13.45;21.23;12.00;0.00
08045030;13.45;21.23;12.00;0.00
08051000;13.45;21.23;12.00;0.00
08052100;13.45;21.23;12.00;0.00
08052200;13.45;21.23;12.00;0.00
08052900;13.45;21.23;12.00;0.00
08054000;13.45;21.23;12.00;0.00
08055000;13.45;21.23;12.00;0.00
08059000;13.45;21.23;12.00;0.00
08061000;13.45;21.23;12.00;0.00
08062000;13.45;21.23;12.00;0.00
08071100;13.45;21.23;12.00;0.00
08071900;13.45;21.23;12.00;0.00
08072000;13.45;21.23;12.00;0.00
08081000;13.45;21.23;12.00;0.00
08083000;13.45;21.23;12.00;0.00
08084000;13.45;21.23;12.00;0.00
08091000;13.45;21.23;12.00;0.00
08092100;13.45;21.23;12.00;0.00
08092900;13.45;21.23;12.00;0.00
08093010;13.45;21.23;12.00;0.00
08093020;13.45;21.23;12.00;0.00
08094000;13.45;21.23;12.00;0.00
08101000;13.45;21.23;12.00;0.00
08102000;13.45;21.23;12.00;0.00
08103000;13.45;21.23;12.00;0.00
08104000;13.45;21.23;12.00;0.00
08105000;13.45;21.23;12.00;0.00
08106000;13.45;21.23;12.00;0.00
08107000;13.45;21.23;12.00;0.00
08109011;13.45;21.23;12.00;0.00
08109012;13.45;21.23;12.00;0.00
08109013;13.45;21.23;12.00;0.00
08109014;13.45;21.23;12.00;0.00
08109015;13.45;21.23;12.00;0.00
08109016;13.45;21.23;12.00;0.00
08109017;13.45;21.23;12.00;0.00
08109090;13.45;21.23;12.00;0.00
08111000;13.45;21.23;18.00;0.00
08112000;13.45;21.23;18.00;0.00
08119000;13.45;21.23;18.00;0.00
08121000;13.45;21.23;18.00;0.00
08129000;13.45;21.23;18.00;0.00
08131000;13.45;21.23;18.00;0.00
08132010;13.45;21.23;18.00;0.00
08132020;13.45;21.23;18.00;0.00
08133000;13.45;21.23;18.00;0.00
08134010;13.45;21.23;18.00;0.00
08134090;13.45;21.23;18.00;0.00
08135000;13.45;21.23;18.00;0.00
08140000;13.45;21.23;18.00;0.00
0901;13.45;15.45;0.00;3.08
09011110;13.45;15.45;18.00;0.00
09011190;13.45;21.23;18.00;0.00
09011200;13.45;21.23;18.00;0.00
09012100;13.45;21.23;18.00;0.00
09012200;13.45;21.23;18.00;0.00
09019000;13.45;21.23;18.00;0.00
0902;13.45;15.45;0.00;3.01
09021000;13.45;21.23;18.00;0.00
09022000;13.45;21.23;18.00;0.00
09023000;13.45;21.23;18.00;0.00
09024000;13.45;21.23;18.00;0.00
0903;13.45;15.45;0.00;2.98
09030010;13.45;21.23;18.00;0.00
09030090;13.45;21.23;18.00;0.00
09041100;13.45;21.23;18.00;0.00
09041200;13.45;21.23;18.00;0.00
09042100;13.45;21.23;18.00;0.00
09042200;13.45;21.23;18.00;0.00
09051000;13.45;21.23;18.00;0.00
09052000;13.45;21.23;18.00;0.00
09061100;13.45;21.23;18.00;0.00
09061900;13.45;21.23;18.00;0.00
09062000;13.45;21.23;18.00;0.00
09071000;13.45;21.23;18.00;0.00
09072000;13.45;21.23;18.00;0.00
09081100;13.45;21.23;18.00;0.00
09081200;13.45;21.23;18.00;0.00
09082100;13.45;21.23;18.00;0.00
09082200;13.45;21.23;18.00;0.00
09083100;13.45;21.23;18.00;0.00
09083200;13.45;21.23;18.00;0.00
09092100;13.45;21.23;18.00;0.00
09092200;13.45;21.23;18.00;0.00
09093100;13.45;21.23;18.00;0.00
09093200;13.45;21.23;18.00;0.00
09096110;13.45;21.23;18.00;0.00
09096120;13.45;21.23;18.00;0.00
09096190;13.45;21.23;18.00;0.00
09096210;13.45;21.23;18.00;0.00
09096220;13.45;21.23;18.00;0.00
09096290;13.45;21.23;18.00;0.00
09101100;13.45;21.23;18.00;0.00
09101200;13.45;21.23;18.00;0.00
09102000;13.45;21.23;18.00;0.00
09103000;13.45;21.23;18.00;0.00
09109100;13.45;21.23;18.00;0.00
09109900;13.45;21.23;18.00;0.00
1001;13.45;15.45;0.00;3.03
10011100;13.45;15.45;18.00;0.00
10011900;13.45;21.23;18.00;0.00
10019100;13.45;15.45;18.00;0.00
10019900;13.45;21.23;18.00;0.00
1002;13.45;15.45;0.00;3.07
10021000;13.45;15.45;18.00;0.00
10029000;13.45;20.15;18.00;0.00
1003;13.45;15.45;0.00;3.08
10031000;13.45;15.45;18.00;0.00
10039010;13.45;21.23;18.00;0.00
10039080;13.45;21.23;18.00;0.00
10039090;13.45;21.23;18.00;0.00
1004;13.45;15.45;0.00;3.28
10041000;13.45;15.45;18.00;0.00
10049000;13.45;20.15;18.00;0.00
1005;13.45;15.45;0.00;2.80
10051000;13.45;15.45;18.00;0.00
10059010;13.45;15.45;18.00;0.00
10059090;13.45;20.15;18.00;0.00
1006;13.45;15.45;0.00;3.04
10061010;13.45;15.45;12.00;0.00
10061091;13.45;21.23;12.00;0.00
10061092;13.45;21.23;12.00;0.00
10062010;13.45;21.23;12.00;0.00
10062020;13.45;21.23;12.00;0.00
10063011;13.45;22.27;12.00;0.00
10063019;13.45;21.23;12.00;0.00
10063021;13.45;22.27;12.00;0.00
10063029;13.45;21.23;12.00;0.00
10064000;13.45;21.23;12.00;0.00
1007;13.45;15.45;0.00;3.17
10071000;13.45;15.45;18.00;0.00
10079000;13.45;20.15;18.00;0.00
1008;13.45;15.45;0.00;2.90
10081010;13.45;15.45;18.00;0.00
10081090;13.45;20.15;18.00;0.00
10082110;13.45;15.45;18.00;0.00
10082190;13.45;15.45;18.00;0.00
10082910;13.45;20.15;18.00;0.00
10082990;13.45;20.15;18.00;0.00
10083010;13.45;15.45;18.00;0.00
10083090;13.45;20.15;18.00;0.00
10084010;13.45;15.45;18.00;0.00
10084090;13.45;20.15;18.00;0.00
10085010;13.45;15.45;18.00;0.00
10085090;13.45;20.15;18.00;0.00
10086010;13.45;15.45;18.00;0.00
10086090;13.45;20.15;18.00;0.00
10089010;13.45;15.45;18.00;0.00
10089090;13.45;20.15;18.00;0.00
1009;13.45;15.45;0.00;2.54
1010;13.45;15.45;0.00;2.64
101011000;13.45;15.45;0.00;2.81
101012000;13.45;15.45;0.00;2.81
101021000;13.45;15.45;0.00;2.81
101022000;13.45;15.45;0.00;2.81
101029000;13.45;15.45;0.00;2.96
101031000;13.45;15.45;0.00;2.81
101032000;13.45;15.45;0.00;2.81
101033000;13.45;15.45;0.00;2.81
101034000;13.45;15.45;0.00;2.81
101040000;13.45;15.45;0.00;2.81
101051100;13.45;15.45;0.00;2.81
101051900;13.45;15.45;0.00;2.81
101052100;13.45;15.45;0.00;2.81
101052900;13.45;15.45;0.00;2.81
101053100;13.45;15.45;0.00;3.12
101053900;13.45;15.45;0.00;3.12
101061000;13.45;15.45;0.00;3.12
101062100;13.45;15.45;0.00;2.81
101062200;13.45;15.45;0.00;3.12
101062300;13.45;15.45;0.00;3.12
101069000;13.45;15.45;0.00;3.12
101071100;13.45;15.45;0.00;2.81
101071200;13.45;15.45;0.00;2.81
101071900;13.45;15.45;0.00;2.81
101072100;13.45;15.45;0.00;2.81
101072210;13.45;15.45;0.00;2.81
101072220;13.45;15.45;0.00;2.81
101081000;13.45;15.45;0.00;2.81
101082110;13.45;15.45;0.00;2.81
101082120;13.45;15.45;0.00;2.81
101082900;13.45;15.45;0.00;2.81
101091000;13.45;15.45;0.00;2.81
101092000;13.45;15.45;0.00;2.81
101101000;13.45;15.45;0.00;3.12
101102000;13.45;15.45;0.00;3.12
101110000;13.45;15.45;0.00;3.12
101120000;13.45;15.45;0.00;3.12
101130000;13.45;15.45;0.00;3.12
101140000;13.45;15.45;0.00;3.19
101150000;13.45;15.45;0.00;3.12
101161000;13.45;15.45;0.00;3.12
101162000;13.45;15.45;0.00;3.12
101170000;13.45;15.45;0.00;3.12
101181000;13.45;15.45;0.00;5.00
101182000;13.45;15.45;0.00;5.00
101191000;13.45;15.45;0.00;3.12
101192000;13.45;15.45;0.00;3.12
101200000;13.45;15.45;0.00;3.16
101210000;13.45;15.45;0.00;2.40
101220000;13.45;15.45;0.00;3.12
101230000;13.45;15.45;0.00;2.81
101240000;13.45;15.45;0.00;2.81
101250000;13.45;15.45;0.00;2.81
101261000;13.45;15.45;0.00;3.12
101262000;13.45;15.45;0.00;3.12
101263000;13.45;15.45;0.00;3.12
101264000;13.45;15.45;0.00;3.12
101269000;13.45;15.45;0.00;3.12
101271000;13.45;15.45;0.00;3.12
101272000;13.45;15.45;0.00;3.12
101281000;13.45;15.45;0.00;3.12
101282000;13.45;15.45;0.00;3.12
101290000;13.45;15.45;0.00;3.12
101300000;13.45;15.45;0.00;3.12
101311000;13.45;15.45;0.00;3.12
101319000;13.45;15.45;0.00;3.12
101320000;13.45;15.45;0.00;3.02
101330000;13.45;15.45;0.00;3.02
101340000;13.45;15.45;0.00;3.02
101350000;13.45;15.45;0.00;3.13
101360000;13.45;15.45;0.00;3.02
101370000;13.45;15.45;0.00;2.98
101380000;13.45;15.45;0.00;3.02
101390000;13.45;15.45;0.00;3.02
102010000;13.45;15.45;0.00;2.59
102020000;13.45;15.45;0.00;2.81
102030000;13.45;15.45;0.00;2.54
102041000;13.45;15.45;0.00;2.76
102042000;13.45;15.45;0.00;2.54
102050000;13.45;15.45;0.00;2.54
103011000;13.45;15.45;0.00;3.08
103012100;13.45;15.45;0.00;3.08
103012200;13.45;15.45;0.00;3.08
103012900;13.45;15.45;0.00;3.08
103013100;13.45;15.45;0.00;3.01
103013200;13.45;15.45;0.00;3.08
103013900;13.45;15.45;0.00;3.08
103019000;13.45;15.45;0.00;5.00
103020000;13.45;15.45;0.00;3.08
103031100;13.45;15.45;0.00;3.08
103031200;13.45;15.45;0.00;3.08
103031300;13.45;15.45;0.00;3.08
103031400;13.45;15.45;0.00;3.08
103032000;13.45;15.45;0.00;3.01
103039000;13.45;15.45;0.00;3.01
103041000;13.45;15.45;0.00;3.08
103042000;13.45;15.45;0.00;3.08
103049000;13.45;15.45;0.00;3.08
104011110;13.45;15.45;0.00;3.06
104011190;13.45;15.45;0.00;3.06
104011200;13.45;15.45;0.00;3.06
104011300;13.45;15.45;0.00;3.06
104011400;13.45;15.45;0.00;3.06
104011500;13.45;15.45;0.00;3.06
104011600;13.45;15.45;0.00;3.06
104011700;13.45;15.45;0.00;3.06
104011910;13.45;15.45;0.00;3.06
104011990;13.45;15.45;0.00;3.06
104012100;13.45;15.45;0.00;3.06
104012200;13.45;15.45;0.00;3.06
104012900;13.45;15.45;0.00;3.06
104019000;13.45;15.45;0.00;3.06
104021100;13.45;15.45;0.00;3.06
104021200;13.45;15.45;0.00;3.06
104021300;13.45;15.45;0.00;3.06
104021400;13.45;15.45;0.00;3.06
104021900;13.45;15.45;0.00;3.06
104022100;13.45;15.45;0.00;3.06
104022200;13.45;15.45;0.00;3.06
104022900;13.45;15.45;0.00;3.06
104031110;13.45;15.45;0.00;3.06
104031190;13.45;15.45;0.00;3.06
104031200;13.45;15.45;0.00;3.06
104031900;13.45;15.45;0.00;3.06
104032100;13.45;15.45;0.00;3.06
104032200;13.45;15.45;0.00;3.06
104032300;13.45;15.45;0.00;3.06
104032900;13.45;15.45;0.00;3.06
104039000;13.45;15.45;0.00;5.00
104041100;13.45;15.45;0.00;3.06
104041200;13.45;15.45;0.00;3.06
104042000;13.45;15.45;0.00;3.06
104049100;13.45;15.45;0.00;3.06
104049900;13.45;15.45;0.00;3.06
104900000;13.45;15.45;0.00;5.00
105011110;13.45;15.45;0.00;3.06
105011120;13.45;15.45;0.00;3.06
105011130;13.45;15.45;0.00;3.06
105011200;13.45;15.45;0.00;3.06
105011310;13.45;15.45;0.00;3.06
105011320;13.45;15.45;0.00;3.06
105011410;13.45;15.45;0.00;3.06
105011490;13.45;15.45;0.00;3.06
105011500;13.45;15.45;0.00;3.06
105011600;13.45;15.45;0.00;3.06
105011700;13.45;15.45;0.00;3.06
105011810;13.45;15.45;0.00;3.06
105011820;13.45;15.45;0.00;3.06
105011890;13.45;15.45;0.00;3.06
105011900;13.45;15.45;0.00;3.06
105012110;13.45;15.45;0.00;3.06
105012120;13.45;15.45;0.00;3.06
105012130;13.45;15.45;0.00;3.06
105012200;13.45;15.45;0.00;3.06
105012310;13.45;15.45;0.00;3.06
105012320;13.45;15.45;0.00;3.06
105012330;13.45;15.45;0.00;3.06
105012410;13.45;15.45;0.00;3.06
105012490;13.45;15.45;0.00;3.06
105012510;13.45;15.45;0.00;3.06
105012520;13.45;15.45;0.00;3.06
105012530;13.45;15.45;0.00;3.06
105012540;13.45;15.45;0.00;3.06
105012550;13.45;15.45;0.00;3.06
105012590;13.45;15.45;0.00;3.06
105012900;13.45;15.45;0.00;3.06
105013100;13.45;15.45;0.00;3.06
105013200;13.45;15.45;0.00;3.06
105013900;13.45;15.45;0.00;3.06
105021110;13.45;15.45;0.00;3.06
105021120;13.45;15.45;0.00;3.06
105021130;13.45;15.45;0.00;3.06
105021200;13.45;15.45;0.00;3.06
105021310;13.45;15.45;0.00;3.06
105021320;13.45;15.45;0.00;3.06
105021410;13.45;15.45;0.00;3.06
105021490;13.45;15.45;0.00;3.06
105021500;13.45;15.45;0.00;3.06
105021600;13.45;15.45;0.00;3.06
105021700;13.45;15.45;0.00;3.06
105021810;13.45;15.45;0.00;3.06
105021820;13.45;15.45;0.00;3.06
105021890;13.45;15.45;0.00;3.06
105021900;13.45;15.45;0.00;3.06
105022110;13.45;15.45;0.00;3.06
105022120;13.45;15.45;0.00;3.06
105022130;13.45;15.45;0.00;3.06
105022200;13.45;15.45;0.00;3.06
105022310;13.45;15.45;0.00;3.06
105022320;13.45;15.45;0.00;3.06
105022410;13.45;15.45;0.00;3.06
105022490;13.45;15.45;0.00;3.06
105022500;13.45;15.45;0.00;3.06
105022600;13.45;15.45;0.00;3.06
105022700;13.45;15.45;0.00;3.06
105022810;13.45;15.45;0.00;3.06
105022820;13.45;15.45;0.00;3.06
105022890;13.45;15.45;0.00;3.06
105022900;13.45;15.45;0.00;3.06
105023100;13.45;15.45;0.00;2.97
105023200;13.45;15.45;0.00;2.97
105031000;13.45;15.45;0.00;5.00
105032010;13.45;15.45;0.00;3.06
105032090;13.45;15.45;0.00;3.06
105033010;13.45;15.45;0.00;3.06
105033020;13.45;15.45;0.00;3.06
105033030;13.45;15.45;0.00;3.06
105033040;13.45;15.45;0.00;3.06
105033050;13.45;15.45;0.00;3.06
105033060;13.45;15.45;0.00;3.06
105033070;13.45;15.45;0.00;3.06
105033090;13.45;15.45;0.00;3.06
105039000;13.45;15.45;0.00;3.06
105041010;13.45;15.45;0.00;3.06
105041020;13.45;15.45;0.00;3.06
105041030;13.45;15.45;0.00;3.06
105042000;13.45;15.45;0.00;3.06
105043010;13.45;15.45;0.00;3.06
105043020;13.45;15.45;0.00;3.06
105044010;13.45;15.45;0.00;3.06
105044090;13.45;15.45;0.00;3.06
105045000;13.45;15.45;0.00;3.06
105046000;13.45;15.45;0.00;3.06
105047000;13.45;15.45;0.00;3.06
105048010;13.45;15.45;0.00;3.06
105048020;13.45;15.45;0.00;3.06
105048090;13.45;15.45;0.00;3.06
105049000;13.45;15.45;0.00;3.06
105051010;13.45;15.45;0.00;3.06
105051020;13.45;15.45;0.00;3.06
105051030;13.45;15.45;0.00;3.06
105052000;13.45;15.45;0.00;3.06
105053010;13.45;15.45;0.00;3.06
105053020;13.45;15.45;0.00;3.06
105054010;13.45;15.45;0.00;3.06
105054090;13.45;15.45;0.00;3.06
105055000;13.45;15.45;0.00;3.06
105056000;13.45;15.45;0.00;3.06
105057000;13.45;15.45;0.00;3.06
105058010;13.45;15.45;0.00;3.06
105058020;13.45;15.45;0.00;3.06
105058090;13.45;15.45;0.00;3.06
105059000;13.45;15.45;0.00;3.06
106011000;13.45;15.45;0.00;3.06
106019000;13.45;15.45;0.00;3.06
106021000;13.45;15.45;0.00;3.07
106022010;13.45;15.45;0.00;3.06
106022020;13.45;15.45;0.00;3.06
106022030;13.45;15.45;0.00;3.06
106022090;13.45;15.45;0.00;3.06
106023010;13.45;15.45;0.00;3.06
106023020;13.45;15.45;0.00;3.06
106023030;13.45;15.45;0.00;3.06
106029000;13.45;15.45;0.00;3.06
106030000;13.45;15.45;0.00;3.06
106041000;13.45;15.45;0.00;3.06
106042010;13.45;15.45;0.00;3.06
106042020;13.45;15.45;0.00;3.06
106042030;13.45;15.45;0.00;3.78
106043000;13.45;15.45;0.00;3.10
106044000;13.45;15.45;0.00;3.06
106049000;13.45;15.45;0.00;3.00
106051000;13.45;15.45;0.00;3.06
106052000;13.45;15.45;0.00;3.06
106053000;13.45;15.45;0.00;3.06
106059000;13.45;15.45;0.00;3.00
106061000;13.45;15.45;0.00;3.06
106062000;13.45;15.45;0.00;3.06
106069000;13.45;15.45;0.00;2.99
106071000;13.45;15.45;0.00;3.06
106079000;13.45;15.45;0.00;5.00
106081000;13.45;15.45;0.00;3.06
106082000;13.45;15.45;0.00;3.06
106083000;13.45;15.45;0.00;3.06
106084000;13.45;15.45;0.00;3.06
106089000;13.45;15.45;0.00;3.06
107010000;13.45;15.45;0.00;3.19
107020000;13.45;15.45;0.00;3.19
107030000;13.45;15.45;0.00;3.19
108011100;13.45;15.45;0.00;2.00
108011200;13.45;15.45;0.00;2.00
108012000;13.45;15.45;0.00;2.00
108021000;13.45;15.45;0.00;2.00
108022000;13.45;15.45;0.00;2.00
108023000;13.45;15.45;0.00;2.00
109011000;13.45;15.45;0.00;4.90
109012100;13.45;15.45;0.00;4.91
109012200;13.45;15.45;0.00;4.96
109012900;13.45;15.45;0.00;4.94
109013100;13.45;15.45;0.00;4.96
109013200;13.45;15.45;0.00;4.91
109013300;13.45;15.45;0.00;4.91
109013400;13.45;15.45;0.00;4.91
109013500;13.45;15.45;0.00;4.91
109013600;13.45;15.45;0.00;4.91
109013900;13.45;15.45;0.00;4.97
109014000;13.45;15.45;0.00;4.91
109021000;13.45;15.45;0.00;4.90
109022000;13.45;15.45;0.00;4.90
109023000;13.45;15.45;0.00;4.90
109024000;13.45;15.45;0.00;4.90
109029000;13.45;15.45;0.00;4.90
109031100;13.45;15.45;0.00;4.90
109031200;13.45;15.45;0.00;4.90
109031300;13.45;15.45;0.00;4.90
109032000;13.45;15.45;0.00;5.00
109039100;13.45;15.45;0.00;4.90
109039200;13.45;15.45;0.00;4.90
109039300;13.45;15.45;0.00;4.90
109039400;13.45;15.45;0.00;4.90
109039500;13.45;15.45;0.00;4.90
109039600;13.45;15.45;0.00;4.90
109039700;13.45;15.45;0.00;4.90
109039900;13.45;15.45;0.00;3.96
109041000;13.45;15.45;0.00;3.03
109042000;13.45;15.45;0.00;3.03
109043100;13.45;15.45;0.00;3.97
109043200;13.45;15.45;0.00;3.97
109043300;13.45;15.45;0.00;3.97
109043400;13.45;15.45;0.00;3.97
109043500;13.45;15.45;0.00;3.97
109043600;13.45;15.45;0.00;3.97
109043900;13.45;15.45;0.00;3.97
109051100;13.45;15.45;0.00;3.03
109051200;13.45;15.45;0.00;3.03
109051300;13.45;15.45;0.00;3.03
109052000;13.45;15.45;0.00;3.03
109053000;13.45;15.45;0.00;3.03
109054000;13.45;15.45;0.00;3.03
109059100;13.45;15.45;0.00;3.03
109059200;13.45;15.45;0.00;5.00
109059300;13.45;15.45;0.00;3.03
109059400;13.45;15.45;0.00;3.03
109059900;13.45;15.45;0.00;3.03
109061100;13.45;15.45;0.00;3.03
109061200;13.45;15.45;0.00;3.03
109062000;13.45;15.45;0.00;3.03
109063000;13.45;15.45;0.00;3.03
109064000;13.45;15.45;0.00;3.03
109069000;13.45;15.45;0.00;3.03
109070000;13.45;15.45;0.00;3.03
109080000;13.45;15.45;0.00;3.28
110011100;13.45;15.45;0.00;2.80
110011210;13.45;15.45;0.00;2.79
110011290;13.45;15.45;0.00;2.79
110012100;13.45;15.45;0.00;2.80
110012200;13.45;15.45;0.00;2.80
110013000;13.45;15.45;0.00;2.87
110014000;13.45;15.45;0.00;2.80
110015000;13.45;15.45;0.00;2.80
1101;13.45;15.45;0.00;3.13
11010010;13.45;22.27;18.00;0.00
11010020;13.45;22.27;18.00;0.00
1102;13.45;15.45;0.00;2.95
11022000;13.45;21.23;12.00;0.00
11029000;13.45;21.23;18.00;0.00
1103;13.45;15.45;0.00;3.01
11031100;13.45;21.23;18.00;0.00
11031300;13.45;21.23;18.00;0.00
11031900;13.45;21.23;18.00;0.00
11032000;13.45;21.23;18.00;0.00
1104;13.45;15.45;0.00;3.07
11041200;13.45;21.23;18.00;0.00
11041900;13.45;21.23;18.00;0.00
11042200;13.45;21.23;18.00;0.00
11042300;13.45;21.23;18.00;0.00
11042900;13.45;21.23;18.00;0.00
11043000;13.45;21.23;18.00;0.00
11051000;13.45;22.27;18.00;0.00
11052000;13.45;22.27;18.00;0.00
11061000;13.45;21.23;18.00;0.00
11062000;13.45;21.23;12.00;0.00
11063000;13.45;21.23;18.00;0.00
11071010;15.65;25.48;18.00;0.00
11071020;15.65;25.48;18.00;0.00
11072010;15.65;25.48;18.00;0.00
11072020;15.65;25.48;18.00;0.00
11081100;13.45;21.23;18.00;0.00
11081200;13.45;21.23;18.00;0.00
11081300;13.45;21.23;18.00;0.00
11081400;13.45;21.23;18.00;0.00
11081900;13.45;21.23;18.00;0.00
11082000;13.45;21.23;18.00;0.00
11090000;13.45;15.45;18.00;0.00
110900000;13.45;15.45;0.00;5.00
111011100;13.45;15.45;0.00;2.80
111011200;13.45;15.45;0.00;2.80
111011300;13.45;15.45;0.00;2.80
111011400;13.45;15.45;0.00;2.00
111011500;13.45;15.45;0.00;2.80
111011600;13.45;15.45;0.00;2.80
111011700;13.45;15.45;0.00;2.80
111012100;13.45;15.45;0.00;3.25
111012200;13.45;15.45;0.00;3.25
111012300;13.45;15.45;0.00;3.25
111012400;13.45;15.45;0.00;3.25
111012500;13.45;15.45;0.00;3.25
111012900;13.45;15.45;0.00;3.25
111021000;13.45;15.45;0.00;3.25
111022000;13.45;15.45;0.00;3.25
111023000;13.45;15.45;0.00;3.25
111024000;13.45;15.45;0.00;3.25
111025000;13.45;15.45;0.00;3.25
111026000;13.45;15.45;0.00;3.25
111029000;13.45;15.45;0.00;3.25
111031000;13.45;15.45;0.00;3.25
111032100;13.45;15.45;0.00;2.98
111032200;13.45;15.45;0.00;2.98
111032900;13.45;15.45;0.00;2.98
111033100;13.45;15.45;0.00;3.08
111033200;13.45;15.45;0.00;3.08
111033300;13.45;15.45;0.00;3.08
111033400;13.45;15.45;0.00;3.08
111033500;13.45;15.45;0.00;3.08
111034100;13.45;15.45;0.00;3.08
111034200;13.45;15.45;0.00;3.08
111034300;13.45;15.45;0.00;3.08
111035000;13.45;15.45;0.00;3.08
111039100;13.45;15.45;0.00;3.08
111039200;13.45;15.45;0.00;3.08
111041000;13.45;15.45;0.00;3.08
111042000;13.45;15.45;0.00;3.08
111043100;13.45;15.45;0.00;3.08
111043200;13.45;15.45;0.00;3.08
111043300;13.45;15.45;0.00;3.08
111043400;13.45;15.45;0.00;3.08
111043500;13.45;15.45;0.00;3.08
111044100;13.45;15.45;0.00;3.08
111044200;13.45;15.45;0.00;3.08
111044300;13.45;15.45;0.00;3.08
111045000;13.45;15.45;0.00;3.08
111049100;13.45;15.45;0.00;3.08
111049200;13.45;15.45;0.00;2.77
111051000;13.45;15.45;0.00;3.08
111052000;13.45;15.45;0.00;3.08
111053000;13.45;15.45;0.00;3.08
111059000;13.45;15.45;0.00;3.08
111060000;13.45;15.45;0.00;3.08
111070000;13.45;15.45;0.00;3.08
111080000;13.45;15.45;0.00;3.08
111090000;13.45;15.45;0.00;3.08
111101000;13.45;15.45;0.00;3.08
111102000;13.45;15.45;0.00;3.08
111103000;13.45;15.45;0.00;3.08
111109000;13.45;15.45;0.00;3.08
111111000;13.45;15.45;0.00;2.40
111112000;13.45;15.45;0.00;2.40
111119000;13.45;15.45;0.00;5.00
111121000;13.45;15.45;0.00;3.08
111129000;13.45;15.45;0.00;3.08
111130000;13.45;15.45;0.00;3.08
111900000;13.45;15.45;0.00;5.00
112011100;13.45;15.45;0.00;2.98
112011200;13.45;15.45;0.00;2.97
112011900;13.45;15.45;0.00;2.98
112012100;13.45;15.45;0.00;2.98
112012200;13.45;15.45;0.00;2.98
112012300;13.45;15.45;0.00;2.98
112012400;13.45;15.45;0.00;2.98
112012500;13.45;15.45;0.00;2.98
112012900;13.45;15.45;0.00;2.98
112013000;13.45;15.45;0.00;2.98
112014000;13.45;15.45;0.00;2.98
112019100;13.45;15.45;0.00;2.98
112019900;13.45;15.45;0.00;2.98
112021100;13.45;15.45;0.00;2.98
112021200;13.45;15.45;0.00;2.98
112021300;13.45;15.45;0.00;2.98
112021900;13.45;15.45;0.00;2.98
112022000;13.45;15.45;0.00;2.98
112030000;13.45;15.45;0.00;2.98
113011000;13.45;15.45;0.00;3.00
113012000;13.45;15.45;0.00;3.00
113013000;13.45;15.45;0.00;3.00
113014100;13.45;15.45;0.00;3.00
113014900;13.45;15.45;0.00;2.96
113021100;13.45;15.45;0.00;3.02
113021900;13.45;15.45;0.00;3.00
113022100;13.45;15.45;0.00;2.97
113022200;13.45;15.45;0.00;2.97
113022300;13.45;15.45;0.00;2.97
113022900;13.45;15.45;0.00;2.89
113031000;13.45;15.45;0.00;3.03
113032000;13.45;15.45;0.00;3.03
113040000;13.45;15.45;0.00;3.13
114011100;13.45;15.45;0.00;3.01
114011200;13.45;15.45;0.00;3.07
114011300;13.45;15.45;0.00;3.03
114011400;13.45;15.45;0.00;3.03
114011500;13.45;15.45;0.00;2.86
114011600;13.45;15.45;0.00;3.03
114011700;13.45;15.45;0.00;3.03
114011800;13.45;15.45;0.00;3.10
114011900;13.45;15.45;0.00;3.01
114012000;13.45;15.45;0.00;3.03
114013100;13.45;15.45;0.00;3.02
114013900;13.45;15.45;0.00;3.02
114021100;13.45;15.45;0.00;3.03
114021200;13.45;15.45;0.00;3.03
114021300;13.45;15.45;0.00;3.03
114021400;13.45;15.45;0.00;3.03
114021500;13.45;15.45;0.00;5.00
114022100;13.45;15.45;0.00;3.03
114022200;13.45;15.45;0.00;3.03
114023100;13.45;15.45;0.00;3.03
114023200;13.45;15.45;0.00;3.03
114029000;13.45;15.45;0.00;5.00
114031000;13.45;15.45;0.00;2.81
114032110;13.45;15.45;0.00;2.81
114032120;13.45;15.45;0.00;2.81
114032200;13.45;15.45;0.00;2.81
114032300;13.45;15.45;0.00;2.81
114032410;13.45;15.45;0.00;2.81
114032420;13.45;15.45;0.00;2.81
114032430;13.45;15.45;0.00;2.81
114032440;13.45;15.45;0.00;2.81
114032490;13.45;15.45;0.00;2.81
114032500;13.45;15.45;0.00;2.81
114032600;13.45;15.45;0.00;2.81
114032700;13.45;15.45;0.00;2.81
114032800;13.45;15.45;0.00;2.81
114032910;13.45;15.45;0.00;2.81
114032920;13.45;15.45;0.00;5.00
114032990;13.45;15.45;0.00;2.81
114033000;13.45;15.45;0.00;2.81
114039000;13.45;15.45;0.00;2.81
114041100;13.45;15.45;0.00;3.12
114041200;13.45;15.45;0.00;3.12
114041300;13.45;15.45;0.00;3.12
114041400;13.45;15.45;0.00;3.12
114041900;13.45;15.45;0.00;3.12
114042100;13.45;15.45;0.00;3.13
114042200;13.45;15.45;0.00;3.13
114043000;13.45;15.45;0.00;2.86
114044100;13.45;15.45;0.00;3.13
114044200;13.45;15.45;0.00;3.13
114044300;13.45;15.45;0.00;3.13
114044400;13.45;15.45;0.00;3.13
114044900;13.45;15.45;0.00;3.13
114051010;13.45;15.45;0.00;2.87
114051090;13.45;15.45;0.00;2.87
114052010;13.45;15.45;0.00;2.89
114052090;13.45;15.45;0.00;2.98
114053000;13.45;15.45;0.00;2.98
114059100;13.45;15.45;0.00;2.89
114059200;13.45;15.45;0.00;2.89
114059300;13.45;15.45;0.00;2.94
114059400;13.45;15.45;0.00;2.89
114059900;13.45;15.45;0.00;2.93
114061100;13.45;15.45;0.00;2.98
114061200;13.45;15.45;0.00;2.98
114061900;13.45;15.45;0.00;2.98
114062000;13.45;15.45;0.00;2.98
114063100;13.45;15.45;0.00;2.98
114063200;13.45;15.45;0.00;2.98
114063300;13.45;15.45;0.00;2.98
114063900;13.45;15.45;0.00;2.98
114070000;13.45;15.45;0.00;3.03
114081100;13.45;15.45;0.00;3.02
114081200;13.45;15.45;0.00;3.02
114081300;13.45;15.45;0.00;2.27
114081400;13.45;15.45;0.00;3.00
114081900;13.45;15.45;0.00;2.27
114082000;13.45;15.45;0.00;5.00
114091110;13.45;15.45;0.00;3.12
114091190;13.45;15.45;0.00;3.12
114091200;13.45;15.45;0.00;3.05
114091310;13.45;15.45;0.00;3.12
114091320;13.45;15.45;0.00;3.12
114091330;13.45;15.45;0.00;3.12
114091340;13.45;15.45;0.00;3.12
114091390;13.45;15.45;0.00;2.97
114091900;13.45;15.45;0.00;3.02
114092100;13.45;15.45;0.00;3.12
114092900;13.45;15.45;0.00;3.03
114093000;13.45;15.45;0.00;3.03
114094000;13.45;15.45;0.00;3.03
114095000;13.45;15.45;0.00;3.13
114099000;13.45;15.45;0.00;2.00
115011000;13.45;15.45;0.00;3.03
115012000;13.45;15.45;0.00;3.03
115013000;13.45;15.45;0.00;3.00
115021000;13.45;15.45;0.00;3.03
115022000;13.45;15.45;0.00;3.03
115023000;13.45;15.45;0.00;3.03
115024000;13.45;15.45;0.00;3.03
115025000;13.45;15.45;0.00;3.03
115029000;13.45;15.45;0.00;3.01
115030000;13.45;15.45;0.00;3.03
115040000;13.45;15.45;0.00;3.03
115050000;13.45;15.45;0.00;3.03
115061000;13.45;15.45;0.00;3.03
115062000;13.45;15.45;0.00;3.03
115069000;13.45;15.45;0.00;3.03
115071000;13.45;15.45;0.00;3.03
115072000;13.45;15.45;0.00;3.03
115079000;13.45;15.45;0.00;3.03
115080000;13.45;15.45;0.00;3.03
115090000;13.45;15.45;0.00;3.03
115900000;13.45;15.45;0.00;5.00
117011110;13.45;15.45;25.00;2.00
117011120;13.45;15.45;25.00;2.00
117011130;13.45;15.45;25.00;2.00
117011210;13.45;15.45;25.00;2.00
117011220;13.45;15.45;25.00;2.00
117011230;13.45;15.45;25.00;2.00
117011300;13.45;15.45;25.00;2.00
117011400;13.45;15.45;25.00;2.00
117011500;13.45;15.45;25.00;2.00
117011900;13.45;15.45;25.00;2.00
117012110;13.45;15.45;25.00;2.00
117012120;13.45;15.45;25.00;2.00
117012130;13.45;15.45;25.00;2.00
117012210;13.45;15.45;25.00;2.00
117012220;13.45;15.45;25.00;2.00
117012230;13.45;15.45;25.00;2.00
117012300;13.45;15.45;25.00;2.00
117012400;13.45;15.45;25.00;2.00
117012500;13.45;15.45;25.00;2.00
117012610;13.45;15.45;25.00;2.00
117012620;13.45;15.45;25.00;2.00
117012700;13.45;15.45;25.00;2.00
117012900;13.45;15.45;25.00;2.00
117013010;13.45;15.45;25.00;2.00
117013020;13.45;15.45;25.00;2.00
117013031;13.45;15.45;25.00;2.00
117013032;13.45;15.45;25.00;2.00
117013033;13.45;15.45;25.00;2.00
117013040;13.45;15.45;25.00;2.00
117014010;13.45;15.45;25.00;2.00
117014020;13.45;15.45;25.00;2.00
117015010;13.45;15.45;25.00;2.00
117015020;13.45;15.45;25.00;2.00
117015030;13.45;15.45;25.00;2.00
117015090;13.45;15.45;25.00;2.00
117019000;13.45;15.45;25.00;2.00
117021000;13.45;15.45;0.00;2.00
117022100;13.45;15.45;0.00;2.00
117022200;13.45;15.45;0.00;2.00
117029000;13.45;15.45;0.00;2.00
117031000;13.45;15.45;0.00;2.00
117032000;13.45;15.45;0.00;2.00
117033000;13.45;15.45;0.00;2.00
117034000;13.45;15.45;0.00;2.00
117035000;13.45;15.45;0.00;2.00
117039000;13.45;15.45;0.00;2.00
117041000;13.45;15.45;0.00;3.17
117042000;13.45;15.45;0.00;3.17
117049000;13.45;15.45;0.00;3.17
117051000;13.45;15.45;0.00;2.95
117052000;13.45;15.45;0.00;2.95
117061100;13.45;15.45;0.00;2.00
117061210;13.45;15.45;0.00;2.00
117061220;13.45;15.45;0.00;2.00
117062100;13.45;15.45;0.00;2.00
117062200;13.45;15.45;0.00;2.00
117063000;13.45;15.45;0.00;2.00
117064000;13.45;15.45;0.00;2.00
117069000;13.45;15.45;0.00;5.00
118011000;13.45;15.45;0.00;3.05
118012100;13.45;15.45;0.00;3.01
118012200;13.45;15.45;0.00;3.01
118019000;13.45;15.45;0.00;3.01
118021000;13.45;15.45;0.00;3.13
118022000;13.45;15.45;0.00;3.13
118023000;13.45;15.45;0.00;3.13
118024000;13.45;15.45;0.00;3.19
118025000;13.45;15.45;0.00;3.01
118029000;13.45;15.45;0.00;2.95
118031000;13.45;15.45;0.00;3.22
118032000;13.45;15.45;0.00;2.91
118033000;13.45;15.45;0.00;2.91
118041100;13.45;15.45;0.00;3.08
118041900;13.45;15.45;0.00;3.08
118042100;13.45;15.45;0.00;3.01
118042200;13.45;15.45;0.00;3.01
118042300;13.45;15.45;0.00;3.01
118043000;13.45;15.45;0.00;3.01
118044000;13.45;15.45;0.00;3.01
118045000;13.45;15.45;0.00;2.98
118046100;13.45;15.45;0.00;3.01
118046200;13.45;15.45;0.00;3.01
118051000;13.45;15.45;0.00;4.91
118052000;13.45;15.45;0.00;4.91
118053100;13.45;15.45;0.00;2.00
118053900;13.45;15.45;0.00;2.00
118054000;13.45;15.45;0.00;2.97
118055100;13.45;15.45;0.00;2.97
118055200;13.45;15.45;0.00;2.97
118055300;13.45;15.45;0.00;2.97
118056100;13.45;15.45;0.00;3.05
118056200;13.45;15.45;0.00;3.05
118056300;13.45;15.45;0.00;3.04
118056900;13.45;15.45;0.00;3.05
118057000;13.45;15.45;0.00;3.06
118059011;13.45;15.45;0.00;2.00
118059012;13.45;15.45;0.00;2.00
118059013;13.45;15.45;0.00;2.00
118059020;13.45;15.45;0.00;2.70
118059030;13.45;15.45;0.00;3.11
118059090;13.45;15.45;0.00;3.03
119011000;13.45;15.45;0.00;3.24
119012000;13.45;15.45;0.00;3.24
119013000;13.45;15.45;0.00;3.24
119014000;13.45;15.45;0.00;3.24
119015000;13.45;15.45;0.00;3.24
119021000;13.45;15.45;0.00;2.40
119029000;13.45;15.45;0.00;2.40
119031100;13.45;15.45;0.00;2.00
119031200;13.45;15.45;0.00;2.00
119032000;13.45;15.45;0.00;2.00
119033000;13.45;15.45;0.00;2.00
119034000;13.45;15.45;0.00;2.00
120011000;13.45;15.45;0.00;3.05
120012000;13.45;15.45;0.00;3.00
120013100;13.45;15.45;0.00;3.05
120013200;13.45;15.45;0.00;3.05
120013300;13.45;15.45;0.00;3.05
120013929;13.45;15.45;0.00;3.05
120015100;13.45;15.45;0.00;3.04
120015200;13.45;15.45;0.00;3.04
120015300;13.45;15.45;0.00;3.04
120015400;13.45;15.45;0.00;3.04
120015910;13.45;15.45;0.00;3.05
120015990;13.45;15.45;0.00;3.05
120021000;13.45;15.45;0.00;2.93
120022000;13.45;15.45;0.00;3.01
120023000;13.45;15.45;0.00;3.03
120029000;13.45;15.45;0.00;2.95
120031000;13.45;15.45;0.00;3.02
120032100;13.45;15.45;0.00;3.02
120032900;13.45;15.45;0.00;3.02
120033000;13.45;15.45;0.00;3.00
120034000;13.45;15.45;0.00;3.02
120035000;13.45;15.45;0.00;3.02
120036000;13.45;15.45;0.00;3.02
120037000;13.45;15.45;0.00;3.02
120038010;13.45;15.45;0.00;3.02
120038090;13.45;15.45;0.00;3.02
120039000;13.45;15.45;0.00;3.02
1201;13.45;15.45;0.00;2.84
12011000;13.45;15.45;18.00;0.00
12019000;13.45;20.15;18.00;0.00
1202;13.45;15.45;0.00;2.80
12023000;13.45;15.45;18.00;0.00
12024100;13.45;20.15;18.00;0.00
12024200;13.45;21.23;18.00;0.00
1203;13.45;15.45;0.00;2.84
12030000;13.45;20.15;18.00;0.00
1204;13.45;15.45;0.00;3.20
12040010;13.45;15.45;18.00;0.00
12040090;13.45;20.15;18.00;0.00
1205;13.45;15.45;0.00;3.16
12051010;13.45;15.45;18.00;0.00
12051090;13.45;20.15;18.00;0.00
12059010;13.45;15.45;18.00;0.00
12059090;13.45;20.15;18.00;0.00
1206;13.45;15.45;0.00;3.22
12060010;13.45;15.45;18.00;0.00
12060090;13.45;20.15;18.00;0.00
1207;13.45;15.45;0.00;2.96
12071010;13.45;15.45;18.00;0.00
12071090;13.45;20.15;18.00;0.00
12072100;13.45;15.45;18.00;0.00
12072900;13.45;20.15;18.00;0.00
12073010;13.45;15.45;18.00;0.00
12073090;13.45;20.15;18.00;0.00
12074010;13.45;15.45;18.00;0.00
12074090;13.45;20.15;18.00;0.00
12075010;13.45;15.45;18.00;0.00
12075090;13.45;20.15;18.00;0.00
12076010;13.45;15.45;18.00;0.00
12076090;13.45;20.15;18.00;0.00
12077010;13.45;15.45;18.00;0.00
12077090;13.45;20.15;18.00;0.00
12079110;13.45;15.45;18.00;0.00
12079190;13.45;20.15;18.00;0.00
12079910;13.45;15.45;18.00;0.00
12079990;13.45;20.15;18.00;0.00
1208;13.45;15.45;0.00;3.26
12081000;13.45;21.23;18.00;0.00
12089000;13.45;21.23;18.00;0.00
1209;13.45;15.45;0.00;3.30
12091000;13.45;15.45;18.00;0.00
12092100;13.45;15.45;18.00;0.00
12092200;13.45;15.45;18.00;0.00
12092300;13.45;15.45;18.00;0.00
12092400;13.45;15.45;18.00;0.00
12092500;13.45;15.45;18.00;0.00
12092900;13.45;15.45;18.00;0.00
12093000;13.45;15.45;18.00;0.00
12099100;13.45;15.45;18.00;0.00
12099900;13.45;15.45;18.00;0.00
1210;13.45;15.45;0.00;3.21
12101000;13.45;20.15;18.00;0.00
121011000;13.45;15.45;0.00;3.07
121012100;13.45;15.45;0.00;3.07
121012200;13.45;15.45;0.00;3.07
121012300;13.45;15.45;0.00;3.07
121013000;13.45;15.45;0.00;3.07
121019000;13.45;15.45;0.00;3.07
12102010;13.45;20.15;18.00;0.00
12102020;13.45;20.15;18.00;0.00
1211;13.45;15.45;0.00;2.93
12112000;13.45;20.15;18.00;0.00
12113000;13.45;20.15;18.00;0.00
12114000;13.45;20.15;18.00;0.00
12115000;13.45;20.15;18.00;0.00
12116000;13.45;20.15;18.00;0.00
12119010;13.45;20.15;18.00;0.00
12119090;13.45;20.15;18.00;0.00
1212;13.45;15.45;0.00;3.02
12122100;13.45;19.04;18.00;0.00
12122900;13.45;19.04;18.00;0.00
12129100;13.45;20.15;18.00;0.00
12129200;13.45;20.15;18.00;0.00
12129300;13.45;20.15;18.00;0.00
12129400;13.45;20.15;18.00;0.00
12129910;13.45;20.15;18.00;0.00
12129990;13.45;20.15;18.00;0.00
1213;13.45;15.45;0.00;3.19
12130000;13.45;20.15;18.00;0.00
1214;13.45;15.45;0.00;3.05
12141000;13.45;20.15;18.00;0.00
12149000;13.45;20.15;18.00;0.00
1215;13.45;15.45;0.00;2.98
1216;13.45;15.45;0.00;2.84
1217;13.45;15.45;0.00;2.98
121900000;13.45;15.45;0.00;5.00
122011100;13.45;15.45;0.00;2.41
122011200;13.45;15.45;0.00;2.41
122011900;13.45;15.45;0.00;2.41
122012000;13.45;15.45;0.00;2.41
122013000;13.45;15.45;0.00;2.41
122020000;13.45;15.45;0.00;2.41
122031000;13.45;15.45;0.00;2.41
122032000;13.45;15.45;0.00;2.41
122033000;13.45;15.45;0.00;2.41
122041000;13.45;15.45;0.00;2.41
122042000;13.45;15.45;0.00;2.41
122043000;13.45;15.45;0.00;2.41
122044000;13.45;15.45;0.00;2.41
122050000;13.45;15.45;0.00;2.41
122901100;13.45;15.45;0.00;5.00
122901200;13.45;15.45;0.00;5.00
122901300;13.45;15.45;0.00;5.00
122901910;13.45;15.45;0.00;5.00
122901990;13.45;15.45;0.00;5.00
122902000;13.45;15.45;0.00;5.00
123011100;13.45;15.45;0.00;2.76
123011200;13.45;15.45;0.00;2.76
123011300;13.45;15.45;0.00;2.76
123011400;13.45;15.45;0.00;3.12
123011500;13.45;15.45;0.00;2.62
123011600;13.45;15.45;0.00;2.57
123011700;13.45;15.45;0.00;2.57
123011800;13.45;15.45;0.00;2.57
123011910;13.45;15.45;0.00;2.57
123011920;13.45;15.45;0.00;2.57
123011990;13.45;15.45;0.00;2.57
123012100;13.45;15.45;0.00;2.57
123012200;13.45;15.45;0.00;2.74
123012300;13.45;15.45;0.00;2.81
123019100;13.45;15.45;0.00;2.76
123019200;13.45;15.45;0.00;2.76
123019300;13.45;15.45;0.00;2.57
123019400;13.45;15.45;0.00;2.84
123019500;13.45;15.45;0.00;2.80
123019600;13.45;15.45;0.00;2.80
123019900;13.45;15.45;0.00;2.76
123021000;13.45;15.45;0.00;2.00
123029000;13.45;15.45;0.00;2.00
123030000;13.45;15.45;0.00;2.57
123040000;13.45;15.45;0.00;2.57
123051100;13.45;15.45;0.00;2.57
123051200;13.45;15.45;0.00;2.56
123051300;13.45;15.45;0.00;2.57
123051900;13.45;15.45;0.00;2.74
123052100;13.45;15.45;0.00;2.57
123052200;13.45;15.45;0.00;2.57
123052300;13.45;15.45;0.00;2.57
123052400;13.45;15.45;0.00;2.57
123052500;13.45;15.45;0.00;2.57
123052910;13.45;15.45;0.00;2.57
123052990;13.45;15.45;0.00;2.57
123060000;13.45;15.45;0.00;2.81
124010000;13.45;15.45;0.00;2.00
124021000;13.45;15.45;0.00;2.00
124022000;13.45;15.45;0.00;2.00
124031000;13.45;15.45;0.00;3.16
124032000;13.45;15.45;0.00;3.16
124033100;13.45;15.45;0.00;3.16
124033200;13.45;15.45;0.00;3.16
124033300;13.45;15.45;0.00;3.16
124033900;13.45;15.45;0.00;3.16
124034000;13.45;15.45;0.00;3.16
124039000;13.45;15.45;0.00;3.16
124041000;13.45;15.45;0.00;3.16
124042000;13.45;15.45;0.00;3.16
124043100;13.45;15.45;0.00;3.16
124043200;13.45;15.45;0.00;3.16
124043300;13.45;15.45;0.00;3.16
124043900;13.45;15.45;0.00;3.16
124044000;13.45;15.45;0.00;3.16
124049000;13.45;15.45;0.00;3.16
124051000;13.45;15.45;0.00;3.16
124059000;13.45;15.45;0.00;3.16
124061000;13.45;15.45;0.00;3.17
124062000;13.45;15.45;0.00;3.24
124063000;13.45;15.45;0.00;2.00
124069000;13.45;15.45;0.00;2.00
124071100;13.45;15.45;0.00;2.00
124071200;13.45;15.45;0.00;2.00
124071300;13.45;15.45;0.00;2.00
124071400;13.45;15.45;0.00;2.00
124072000;13.45;15.45;0.00;2.00
124079000;13.45;15.45;0.00;2.00
125011100;13.45;15.45;0.00;3.05
125011200;13.45;15.45;0.00;3.05
125012100;13.45;15.45;0.00;2.84
125012200;13.45;15.45;0.00;2.84
125013100;13.45;15.45;0.00;3.05
125013200;13.45;15.45;0.00;3.05
125013300;13.45;15.45;0.00;3.05
125013400;13.45;15.45;0.00;3.05
125013500;13.45;15.45;0.00;3.05
125013600;13.45;15.45;0.00;3.05
125013700;13.45;15.45;0.00;3.05
125013900;13.45;15.45;0.00;3.05
125014000;13.45;15.45;0.00;2.84
125015000;13.45;15.45;0.00;2.80
125019000;13.45;15.45;0.00;5.00
125021000;13.45;15.45;0.00;2.96
125022000;13.45;15.45;0.00;2.96
125023000;13.45;15.45;0.00;3.07
125029000;13.45;15.45;0.00;3.07
125031000;13.45;15.45;0.00;2.99
125032000;13.45;15.45;0.00;2.70
125041100;13.45;15.45;0.00;2.95
125041200;13.45;15.45;0.00;2.00
125042100;13.45;15.45;0.00;2.91
125042200;13.45;15.45;0.00;2.00
125051100;13.45;15.45;0.00;3.21
125051200;13.45;15.45;0.00;2.93
125059000;13.45;15.45;0.00;2.98
125060000;13.45;15.45;0.00;2.00
125071000;13.45;15.45;0.00;3.16
125079000;13.45;15.45;0.00;3.19
125900000;13.45;15.45;0.00;5.00
126011000;13.45;15.45;0.00;2.90
126012000;13.45;15.45;0.00;2.90
126013000;13.45;15.45;0.00;2.90
126019000;13.45;15.45;0.00;2.90
126021000;13.45;15.45;0.00;2.85
126022000;13.45;15.45;0.00;2.85
126023000;13.45;15.45;0.00;2.96
126029000;13.45;15.45;0.00;2.99
126030000;13.45;15.45;0.00;3.09
126900000;13.45;15.45;0.00;5.00
127011000;13.45;15.45;0.00;3.08
127012000;13.45;15.45;0.00;2.98
127013100;13.45;15.45;0.00;3.08
127013200;13.45;15.45;0.00;3.08
127013300;13.45;15.45;0.00;3.08
127013900;13.45;15.45;0.00;3.08
127014000;13.45;15.45;0.00;3.08
127015000;13.45;15.45;0.00;3.08
127019000;13.45;15.45;0.00;3.08
127021000;13.45;15.45;0.00;3.08
127022000;13.45;15.45;0.00;3.08
127023000;13.45;15.45;0.00;3.08
127029000;13.45;15.45;0.00;3.08
127030000;13.45;15.45;0.00;3.08
127040000;13.45;15.45;0.00;3.08
127050000;13.45;15.45;0.00;3.08
127900000;13.45;15.45;0.00;5.00
1301;13.45;15.45;0.00;2.00
13012000;13.45;17.88;18.00;0.00
13019010;13.45;17.88;18.00;0.00
13019090;13.45;20.15;18.00;0.00
1302;13.45;15.45;0.00;3.02
13021110;13.45;20.15;18.00;0.00
13021190;13.45;20.15;18.00;0.00
13021200;13.45;20.15;18.00;0.00
13021300;15.65;17.65;18.00;0.00
13021400;13.45;20.15;18.00;0.00
13021910;13.45;20.15;18.00;0.00
13021920;13.45;20.15;18.00;0.00
13021930;13.45;15.45;18.00;0.00
13021940;13.45;15.45;18.00;0.00
13021950;13.45;15.45;18.00;0.00
13021960;13.45;23.28;18.00;0.00
13021991;13.45;15.45;18.00;0.00
13021999;13.45;20.15;18.00;0.00
13022010;13.45;20.15;18.00;0.00
13022090;13.45;20.15;18.00;0.00
13023100;13.45;21.23;18.00;0.00
13023211;13.45;20.15;18.00;0.00
13023219;13.45;20.15;18.00;0.00
13023220;13.45;15.45;18.00;0.00
13023910;13.45;21.23;18.00;0.00
13023990;13.45;20.15;18.00;0.00
1303;13.45;15.45;0.00;3.02
1304;13.45;15.45;0.00;3.00
1305;13.45;15.45;0.00;2.27
1401;13.45;15.45;0.00;3.05
14011000;13.45;19.04;18.00;0.00
14012000;13.45;19.04;18.00;0.00
14019000;13.45;19.04;18.00;0.00
1402;13.45;15.45;0.00;3.02
1403;13.45;15.45;0.00;3.00
1404;13.45;15.45;0.00;3.01
14042010;13.45;19.04;7.00;0.00
14042090;13.45;19.04;7.00;0.00
14049010;13.45;19.04;7.00;0.00
14049090;13.45;19.04;7.00;0.00
1405;13.45;15.45;0.00;3.03
1406;13.45;15.45;0.00;3.02
1407;13.45;15.45;0.00;2.78
1408;13.45;15.45;0.00;2.76
1409;13.45;15.45;0.00;2.93
1410;13.45;15.45;0.00;2.90
1411;13.45;15.45;0.00;2.98
1412;13.45;15.45;0.00;2.90
1413;13.45;15.45;0.00;2.90
1501;13.45;15.45;0.00;4.90
15011000;13.45;20.15;18.00;0.00
15012000;13.45;20.15;18.00;0.00
15019000;13.45;20.15;18.00;0.00
1502;13.45;15.45;0.00;4.91
15021011;13.45;19.04;18.00;0.00
15021012;13.45;19.04;18.00;0.00
15021019;13.45;19.04;18.00;0.00
15021090;13.45;19.04;18.00;0.00
15029000;13.45;19.04;18.00;0.00
1503;13.45;15.45;0.00;4.91
15030000;13.45;20.15;18.00;0.00
1504;13.45;15.45;0.00;5.00
15041011;13.45;17.88;18.00;0.00
15041019;13.45;17.88;18.00;0.00
15041090;13.45;21.23;18.00;0.00
15042000;13.45;21.23;18.00;0.00
15043000;13.45;21.23;18.00;0.00
1505;13.45;15.45;0.00;4.91
15050010;13.45;20.15;18.00;0.00
15050090;13.45;19.04;18.00;0.00
1506;13.45;15.45;0.00;4.91
15060000;13.45;19.04;18.00;0.00
1507;13.45;15.45;0.00;4.91
15071000;13.45;21.23;18.00;0.00
15079011;13.45;22.27;18.00;0.00
15079019;13.45;22.27;18.00;0.00
15079090;13.45;21.23;18.00;0.00
1508;13.45;15.45;0.00;4.91
15081000;13.45;21.23;18.00;0.00
15089000;13.45;22.27;18.00;0.00
1509;13.45;15.45;0.00;3.71
15092000;13.45;15.45;18.00;0.00
15093000;13.45;21.23;18.00;0.00
15094000;13.45;21.23;18.00;0.00
15099010;13.45;21.23;18.00;0.00
15099090;13.45;21.23;18.00;0.00
1510;13.45;15.45;0.00;4.91
15101000;13.45;21.23;18.00;0.00
15109000;13.45;21.23;18.00;0.00
1511;13.45;15.45;0.00;4.91
15111000;13.45;21.23;18.00;0.00
15119000;13.45;15.45;18.00;0.00
1512;13.45;15.45;0.00;5.00
15121110;13.45;15.45;18.00;0.00
15121120;13.45;21.23;18.00;0.00
15121911;13.45;22.27;18.00;0.00
15121919;13.45;22.27;18.00;0.00
15121920;13.45;21.23;18.00;0.00
15122100;13.45;21.23;18.00;0.00
15122910;13.45;21.23;18.00;0.00
15122990;13.45;21.23;18.00;0.00
1513;13.45;15.45;0.00;5.00
15131100;13.45;21.23;18.00;0.00
15131900;13.45;21.23;18.00;0.00
15132110;13.45;21.23;18.00;0.00
15132111;13.45;21.23;18.00;0.00
15132119;13.45;21.23;18.00;0.00
15132120;13.45;21.23;18.00;0.00
15132910;13.45;21.23;18.00;0.00
15132911;13.45;21.23;18.00;0.00
15132919;13.45;15.45;18.00;0.00
15132920;13.45;21.23;18.00;0.00
1514;13.45;15.45;0.00;5.00
15141100;13.45;21.23;18.00;0.00
15141910;13.45;21.23;18.00;0.00
15141990;13.45;21.23;18.00;0.00
15149100;13.45;21.23;18.00;0.00
15149910;13.45;21.23;18.00;0.00
15149990;13.45;21.23;18.00;0.00
1515;13.45;15.45;0.00;5.00
15151100;13.45;21.23;18.00;0.00
15151900;13.45;21.23;18.00;0.00
15152100;13.45;21.23;18.00;0.00
15152910;13.45;21.23;18.00;0.00
15152990;13.45;21.23;18.00;0.00
15153000;13.45;21.23;18.00;0.00
15155000;13.45;21.23;18.00;0.00
15156000;13.45;21.23;18.00;0.00
15159010;13.45;21.23;18.00;0.00
15159021;13.45;21.23;18.00;0.00
15159022;13.45;21.23;18.00;0.00
15159090;13.45;21.23;18.00;0.00
1516;13.45;15.45;0.00;5.00
15161000;13.45;21.23;18.00;0.00
15162000;13.45;21.23;18.00;0.00
15163000;13.45;21.23;18.00;0.00
1517;13.45;15.45;0.00;5.00
15171000;13.45;22.27;18.00;0.00
15179010;13.45;22.27;18.00;0.00
15179090;13.45;22.27;18.00;0.00
1518;13.45;15.45;0.00;5.00
15180010;13.45;21.23;18.00;0.00
15180090;13.45;21.23;18.00;0.00
15200010;13.45;20.15;18.00;0.00
15200020;13.45;21.23;18.00;0.00
15211000;13.45;21.23;18.00;0.00
15219011;13.45;21.23;7.00;0.00
15219019;13.45;21.23;7.00;0.00
15219090;13.45;21.23;18.00;0.00
15220000;13.45;21.23;18.00;0.00
1601;13.45;15.45;0.00;3.06
16010000;13.45;24.26;18.00;0.00
16021000;13.45;24.26;18.00;0.00
16022000;13.45;24.26;18.00;0.00
16023100;13.45;24.26;18.00;0.00
16023210;13.45;24.26;18.00;0.00
16023220;13.45;24.26;18.00;0.00
16023230;13.45;24.26;18.00;0.00
16023290;13.45;24.26;18.00;0.00
16023900;13.45;24.26;18.00;0.00
16024100;13.45;24.26;18.00;0.00
16024200;13.45;24.26;18.00;0.00
16024900;13.45;24.26;18.00;0.00
16025000;13.45;24.26;18.00;0.00
16029000;13.45;24.26;18.00;0.00
16030000;13.45;24.26;18.00;0.00
16041100;15.65;26.46;18.00;0.00
16041200;15.65;26.46;18.00;0.00
16041310;13.45;15.45;18.00;0.00
16041390;13.45;24.26;18.00;0.00
16041410;13.45;24.26;18.00;0.00
16041420;13.45;24.26;18.00;0.00
16041430;13.45;24.26;18.00;0.00
16041500;13.45;24.26;18.00;0.00
16041600;13.45;24.26;18.00;0.00
16041700;13.45;24.26;18.00;0.00
16041800;13.45;24.26;18.00;0.00
16041900;13.45;24.26;18.00;0.00
16042010;13.45;24.26;18.00;0.00
16042020;13.45;24.26;18.00;0.00
16042030;13.45;24.26;18.00;0.00
16042090;13.45;24.26;18.00;0.00
16043100;15.65;26.46;18.00;0.00
16043200;15.65;26.46;18.00;0.00
16051000;13.45;24.26;18.00;0.00
16052100;13.45;24.26;18.00;0.00
16052900;13.45;24.26;18.00;0.00
16053000;13.45;24.26;18.00;0.00
16054000;13.45;24.26;18.00;0.00
16055100;13.45;24.26;18.00;0.00
16055200;13.45;24.26;18.00;0.00
16055300;13.45;24.26;18.00;0.00
16055400;13.45;24.26;18.00;0.00
16055500;13.45;24.26;18.00;0.00
16055600;13.45;24.26;18.00;0.00
16055700;13.45;24.26;18.00;0.00
16055800;13.45;24.26;18.00;0.00
16055900;13.45;24.26;18.00;0.00
16056100;13.45;24.26;18.00;0.00
16056200;13.45;24.26;18.00;0.00
16056300;13.45;24.26;18.00;0.00
16056900;13.45;24.26;18.00;0.00
1701;13.45;15.45;0.00;3.03
17011200;15.65;26.46;18.00;0.00
17011300;15.65;26.46;18.00;0.00
17011400;13.45;15.45;18.00;0.00
17019100;15.65;26.46;18.00;0.00
17019900;13.45;24.26;18.00;0.00
1702;13.45;15.45;0.00;2.94
17021100;13.45;24.26;18.00;0.00
17021900;13.45;24.26;18.00;0.00
17022000;13.45;24.26;18.00;0.00
17023011;13.45;24.26;18.00;0.00
17023019;15.65;26.46;18.00;0.00
17023020;13.45;24.26;18.00;0.00
17024010;13.45;24.26;18.00;0.00
17024020;13.45;24.26;18.00;0.00
17025000;13.45;24.26;18.00;0.00
17026010;13.45;24.26;18.00;0.00
17026020;13.45;24.26;18.00;0.00
17029000;15.65;26.46;18.00;0.00
1703;13.45;15.45;0.00;3.03
17031000;15.65;26.46;18.00;0.00
17039000;15.65;26.46;18.00;0.00
1704;13.45;15.45;0.00;3.05
17041000;15.65;28.33;18.00;0.00
17049010;15.65;28.33;18.00;0.00
17049020;15.65;28.33;18.00;0.00
17049090;15.65;28.33;18.00;0.00
1705;13.45;15.45;0.00;3.01
1706;13.45;15.45;0.00;3.07
1707;13.45;15.45;0.00;2.00
1708;13.45;15.45;0.00;3.17
1709;13.45;15.45;0.00;3.00
1710;13.45;15.45;0.00;3.05
1711;13.45;15.45;0.00;2.79
1712;13.45;15.45;0.00;2.79
1713;13.45;15.45;0.00;2.84
1714;13.45;15.45;0.00;3.00
1715;13.45;15.45;0.00;2.92
1716;13.45;15.45;0.00;3.02
1717;13.45;15.45;0.00;2.98
1718;13.45;15.45;0.00;2.98
1719;13.45;15.45;0.00;2.97
1720;13.45;15.45;0.00;2.93
1721;13.45;15.45;0.00;3.07
1722;13.45;15.45;0.00;3.16
1723;13.45;15.45;0.00;3.15
1724;13.45;15.45;0.00;2.47
1801;13.45;15.45;0.00;3.05
18010000;13.45;21.23;18.00;0.00
18020000;13.45;21.23;18.00;0.00
18031000;13.45;22.27;18.00;0.00
18032000;13.45;22.27;18.00;0.00
18040000;13.45;22.27;18.00;0.00
18050000;13.45;23.28;18.00;0.00
18061000;13.45;25.21;18.00;0.00
18062000;13.45;25.21;18.00;0.00
18063110;15.65;28.33;18.00;0.00
18063120;15.65;28.33;18.00;0.00
18063210;15.65;28.33;18.00;0.00
18063220;15.65;28.33;18.00;0.00
18069000;15.65;28.33;18.00;0.00
1901;13.45;15.45;0.00;3.11
19011010;13.45;25.11;18.00;0.00
19011020;13.45;25.21;18.00;0.00
19011030;13.45;25.21;18.00;0.00
19011090;13.45;25.21;18.00;0.00
19012010;13.45;23.28;18.00;0.00
19012020;13.45;23.28;18.00;0.00
19012090;13.45;23.28;18.00;0.00
19019010;13.45;23.28;18.00;0.00
19019020;13.45;25.11;18.00;0.00
19019090;13.45;24.26;18.00;0.00
19021100;13.45;24.26;18.00;0.00
19021900;13.45;15.45;18.00;0.00
19022000;13.45;24.26;18.00;0.00
19023000;13.45;24.26;18.00;0.00
19024000;13.45;24.26;18.00;0.00
19030000;13.45;24.26;18.00;0.00
19041000;13.45;24.26;18.00;0.00
19042000;13.45;24.26;18.00;0.00
19043000;13.45;24.26;18.00;0.00
19049000;13.45;24.26;18.00;0.00
19051000;13.45;25.21;18.00;0.00
19052010;13.45;25.21;18.00;0.00
19052090;13.45;25.21;18.00;0.00
19053100;13.45;25.21;18.00;0.00
19053200;13.45;25.21;18.00;0.00
19054000;13.45;25.21;18.00;0.00
19059010;13.45;25.21;18.00;0.00
19059020;13.45;15.45;18.00;0.00
19059090;13.45;25.21;18.00;0.00
2001;13.45;15.45;0.00;2.82
20011000;13.45;23.28;7.00;0.00
20019000;13.45;23.28;7.00;0.00
2002;13.45;15.45;0.00;2.98
20021000;13.45;23.28;7.00;0.00
20029000;13.45;23.28;7.00;0.00
2003;13.45;15.45;0.00;2.93
20031000;13.45;23.28;7.00;0.00
20039000;13.45;23.28;7.00;0.00
20041000;13.45;23.28;7.00;0.00
20049000;13.45;23.28;7.00;0.00
20051000;13.45;23.28;7.00;0.00
20052000;13.45;23.28;7.00;0.00
20054000;13.45;23.28;7.00;0.00
20055100;13.45;23.28;7.00;0.00
20055900;13.45;23.28;7.00;0.00
20056000;13.45;23.28;7.00;0.00
20057000;13.45;23.28;7.00;0.00
20058000;13.45;23.28;7.00;0.00
20059100;13.45;23.28;7.00;0.00
20059900;13.45;23.28;7.00;0.00
20060000;13.45;23.28;7.00;0.00
20071000;13.45;23.28;7.00;0.00
20079100;13.45;23.28;7.00;0.00
20079910;13.45;23.28;7.00;0.00
20079921;13.45;23.28;7.00;0.00
20079922;13.45;23.28;7.00;0.00
20079923;13.45;23.28;7.00;0.00
20079924;13.45;23.28;7.00;0.00
20079925;13.45;23.28;7.00;0.00
20079926;13.45;23.28;7.00;0.00
20079927;13.45;23.28;7.00;0.00
20079929;13.45;23.28;7.00;0.00
20079990;13.45;23.28;7.00;0.00
20081100;13.45;23.28;7.00;0.00
20081900;13.45;23.28;7.00;0.00
20082010;13.45;23.28;7.00;0.00
20082090;13.45;23.28;7.00;0.00
20083000;13.45;23.28;7.00;0.00
20084010;13.45;23.28;7.00;0.00
20084090;13.45;23.28;7.00;0.00
20085000;13.45;23.28;7.00;0.00
20086010;13.45;23.28;7.00;0.00
20086090;13.45;23.28;7.00;0.00
20087010;13.45;33.60;7.00;0.00
20087020;13.45;33.60;7.00;0.00
20087090;13.45;33.60;7.00;0.00
20088000;13.45;23.28;7.00;0.00
20089100;13.45;23.28;7.00;0.00
20089300;13.45;23.28;7.00;0.00
20089710;13.45;23.28;7.00;0.00
20089790;13.45;23.28;7.00;0.00
20089900;13.45;23.28;7.00;0.00
20091100;13.45;23.28;7.00;0.00
20091200;13.45;23.28;7.00;0.00
20091900;13.45;23.28;7.00;0.00
20092100;13.45;23.28;7.00;0.00
20092900;13.45;23.28;7.00;0.00
20093100;13.45;23.28;7.00;0.00
20093900;13.45;23.28;7.00;0.00
20094100;13.45;23.28;7.00;0.00
20094900;13.45;23.28;7.00;0.00
20095000;13.45;23.28;7.00;0.00
20096100;13.45;23.28;7.00;0.00
20096900;13.45;23.28;7.00;0.00
20097100;13.45;23.28;7.00;0.00
20097900;13.45;23.28;7.00;0.00
20098100;13.45;23.28;7.00;0.00
20098911;13.45;23.28;7.00;0.00
20098912;13.45;23.28;7.00;0.00
20098913;13.45;23.28;7.00;0.00
20098919;13.45;23.28;7.00;0.00
20098921;13.45;23.28;7.00;0.00
20098922;13.45;23.28;7.00;0.00
20098990;13.45;23.28;7.00;0.00
20099000;13.45;23.28;7.00;0.00
2101;13.45;15.45;0.00;3.13
21011110;13.45;24.26;18.00;0.00
21011190;13.45;24.26;18.00;0.00
21011200;13.45;24.26;18.00;0.00
21012010;13.45;24.26;18.00;0.00
21012020;13.45;24.26;18.00;0.00
21013000;13.45;23.28;18.00;0.00
21021010;13.45;15.45;18.00;0.00
21021090;13.45;23.28;18.00;0.00
21022000;13.45;23.28;18.00;0.00
21023000;13.45;23.28;18.00;0.00
21031010;13.45;25.21;18.00;0.00
21031090;13.45;24.26;18.00;0.00
21032010;13.45;25.21;18.00;0.00
21032090;13.45;24.26;18.00;0.00
21033010;13.45;24.26;18.00;0.00
21033021;13.45;25.21;18.00;0.00
21033029;13.45;24.26;18.00;0.00
21039011;13.45;25.21;18.00;0.00
21039019;13.45;24.26;18.00;0.00
21039021;13.45;25.21;18.00;0.00
21039029;13.45;24.26;18.00;0.00
21039091;13.45;25.21;18.00;0.00
21039099;13.45;24.26;18.00;0.00
21041011;13.45;25.21;18.00;0.00
21041019;13.45;24.26;18.00;0.00
21041021;13.45;25.21;18.00;0.00
21041029;13.45;24.26;18.00;0.00
21042000;13.45;24.26;18.00;0.00
21050010;15.65;27.41;18.00;0.00
21050090;15.65;26.46;18.00;0.00
21061000;13.45;23.28;20.00;0.00
21069010;13.45;23.28;20.00;0.00
21069021;13.45;25.21;20.00;0.00
21069029;13.45;24.26;20.00;0.00
21069030;13.45;25.11;7.00;0.00
21069040;13.45;23.28;20.00;0.00
21069050;13.45;24.26;20.00;0.00
21069060;13.45;24.26;20.00;0.00
21069090;13.45;24.26;20.00;0.00
2201;13.45;15.45;0.00;4.49
22011000;15.22;27.90;27.00;0.00
22019000;13.45;26.13;27.00;0.00
22021000;15.22;27.90;20.00;0.00
22029100;16.08;28.76;20.00;0.00
22029900;15.22;27.90;20.00;0.00
22030000;16.08;28.76;25.00;0.00
22041010;17.72;30.40;27.00;0.00
22041090;17.72;30.40;27.00;0.00
22042100;17.72;34.60;27.00;0.00
22042211;17.72;30.40;27.00;0.00
22042219;17.72;30.40;27.00;0.00
22042220;17.72;30.40;27.00;0.00
22042910;17.72;30.40;27.00;0.00
22042920;17.72;30.40;27.00;0.00
22043000;17.72;30.40;27.00;0.00
22051000;19.67;32.35;27.00;0.00
22059000;19.67;32.35;27.00;0.00
22060010;17.72;30.40;27.00;0.00
22060090;17.72;30.40;27.00;0.00
22071010;13.45;26.13;1.47;0.00
22071090;7.00;7.00;11.60;0.00
22072011;16.91;29.59;27.00;0.00
22072019;16.91;29.59;27.00;0.00
22072020;16.91;29.59;27.00;0.00
22082000;24.87;37.55;27.00;0.00
22083010;24.87;33.69;27.00;0.00
22083020;24.87;37.55;27.00;0.00
22083090;24.87;37.55;27.00;0.00
22084000;23.23;35.91;27.00;0.00
22085000;24.87;37.55;27.00;0.00
22086000;24.87;37.55;27.00;0.00
22087000;24.87;37.55;27.00;0.00
22089000;24.87;37.55;27.00;0.00
22090000;13.45;26.13;27.00;0.00
2301;13.45;15.45;0.00;2.98
23011010;13.45;19.04;18.00;0.00
23011090;13.45;19.04;18.00;0.00
23012010;13.45;19.04;18.00;0.00
23012090;13.45;19.04;18.00;0.00
23021000;13.45;19.04;18.00;0.00
23023010;13.45;19.04;18.00;0.00
23023090;13.45;19.04;18.00;0.00
23024000;13.45;19.04;18.00;0.00
23025000;13.45;19.04;18.00;0.00
23031000;13.45;19.04;18.00;0.00
23032000;13.45;19.04;18.00;0.00
23033000;13.45;19.04;18.00;0.00
23040010;13.45;19.04;18.00;0.00
23040090;13.45;19.04;18.00;0.00
23050000;13.45;19.04;18.00;0.00
23061000;13.45;19.04;18.00;0.00
23062000;13.45;19.04;18.00;0.00
23063010;13.45;19.04;18.00;0.00
23063090;13.45;19.04;18.00;0.00
23064100;13.45;19.04;18.00;0.00
23064900;13.45;19.04;18.00;0.00
23065000;13.45;19.04;18.00;0.00
23066000;13.45;19.04;18.00;0.00
23069010;13.45;19.04;18.00;0.00
23069090;13.45;19.04;18.00;0.00
23070000;13.45;19.04;18.00;0.00
23080000;13.45;19.04;18.00;0.00
23091000;17.72;27.55;18.00;0.00
23099010;13.45;20.15;18.00;0.00
23099020;13.45;20.15;18.00;0.00
23099030;17.72;27.55;18.00;0.00
23099040;13.45;15.45;18.00;0.00
23099050;13.45;15.45;18.00;0.00
23099060;13.45;15.45;18.00;0.00
23099090;13.45;20.15;18.00;0.00
2401;13.45;15.45;0.00;3.01
24011010;13.45;23.28;27.00;0.00
24011020;13.45;23.28;27.00;0.00
24011030;13.45;23.28;27.00;0.00
24011040;13.45;21.23;27.00;0.00
24011090;13.45;23.28;27.00;0.00
24012010;29.60;39.43;27.00;0.00
24012020;29.60;39.43;27.00;0.00
24012030;29.60;39.43;27.00;0.00
24012040;29.60;39.43;27.00;0.00
24012090;29.60;39.43;27.00;0.00
24013000;13.45;23.28;27.00;0.00
24021000;29.60;42.28;27.00;0.00
24022000;35.17;47.85;27.00;0.00
24029000;29.60;42.28;27.00;0.00
24031100;29.60;42.28;27.00;0.00
24031900;29.60;42.28;27.00;0.00
24039100;29.60;39.43;27.00;0.00
24039910;29.60;39.43;27.00;0.00
24039990;29.60;41.36;27.00;0.00
24041100;29.60;39.43;27.00;0.00
24041200;19.81;29.64;27.00;0.00
24041900;29.60;41.36;27.00;0.00
24049100;13.45;24.26;27.00;0.00
24049200;19.81;29.64;27.00;0.00
24049900;19.81;29.64;27.00;0.00
2501;13.45;15.45;0.00;3.03
25010011;13.45;17.88;18.00;0.00
25010019;13.45;17.88;18.00;0.00
25010020;13.45;17.88;18.00;0.00
25010090;13.45;17.88;18.00;0.00
2502;13.45;15.45;0.00;3.12
25020000;13.45;17.88;18.00;0.00
2503;13.45;15.45;0.00;3.18
25030010;13.45;15.45;18.00;0.00
25030090;13.45;15.45;18.00;0.00
2504;13.45;15.45;0.00;3.03
25041000;13.45;17.88;18.00;0.00
25049000;13.45;17.88;18.00;0.00
25051000;13.45;17.88;18.00;0.00
25059000;13.45;17.88;18.00;0.00
25061000;13.45;17.88;18.00;0.00
25062000;13.45;17.88;18.00;0.00
25070010;13.45;17.88;18.00;0.00
25070090;13.45;17.88;18.00;0.00
25081000;13.45;17.88;18.00;0.00
25083000;13.45;17.88;18.00;0.00
25084010;13.45;17.88;18.00;0.00
25084090;13.45;17.88;18.00;0.00
25085000;13.45;17.88;18.00;0.00
25086000;13.45;17.88;18.00;0.00
25087000;13.45;17.88;18.00;0.00
25090000;13.45;17.88;18.00;0.00
25101010;13.45;15.45;18.00;0.00
25101090;13.45;15.45;18.00;0.00
25102010;13.45;15.45;18.00;0.00
25102090;13.45;15.45;18.00;0.00
25111000;13.45;17.88;18.00;0.00
25112000;13.45;17.88;18.00;0.00
25120000;13.45;17.88;18.00;0.00
25131000;13.45;17.88;18.00;0.00
25132000;13.45;17.88;18.00;0.00
25140000;13.45;17.88;18.00;0.00
25151100;13.45;17.88;18.00;0.00
25151210;13.45;19.04;18.00;0.00
25151220;13.45;19.04;18.00;0.00
25152000;13.45;17.88;18.00;0.00
25161100;13.45;17.88;18.00;0.00
25161200;13.45;19.04;18.00;0.00
25162000;13.45;17.88;18.00;0.00
25169000;13.45;17.88;18.00;0.00
25171000;13.45;17.88;18.00;0.00
25172000;13.45;17.88;18.00;0.00
25173000;13.45;17.88;18.00;0.00
25174100;13.45;17.88;18.00;0.00
25174900;13.45;17.88;18.00;0.00
25181000;13.45;17.88;18.00;0.00
25182000;13.45;17.88;18.00;0.00
25191000;13.45;17.88;18.00;0.00
25199010;13.45;17.88;18.00;0.00
25199090;13.45;17.88;18.00;0.00
25201011;13.45;17.88;18.00;0.00
25201019;13.45;17.88;18.00;0.00
25201020;13.45;17.88;18.00;0.00
25202010;13.45;17.88;18.00;0.00
25202090;13.45;17.88;18.00;0.00
25210000;13.45;17.88;18.00;0.00
25221000;13.45;17.88;18.00;0.00
25222000;13.45;17.88;18.00;0.00
25223000;13.45;17.88;18.00;0.00
25231000;15.22;19.65;18.00;0.00
25232100;13.45;17.88;18.00;0.00
25232910;13.45;17.88;18.00;0.00
25232990;13.45;17.88;18.00;0.00
25233000;15.22;19.65;18.00;0.00
25239000;15.22;19.65;18.00;0.00
25241000;13.45;17.88;18.00;0.00
25249000;13.45;17.88;18.00;0.00
25251000;13.45;17.88;18.00;0.00
25252000;13.45;17.88;18.00;0.00
25253000;13.45;17.88;18.00;0.00
25261000;13.45;17.88;18.00;0.00
25262000;13.45;17.88;18.00;0.00
25280000;13.45;17.88;18.00;0.00
25291000;13.45;17.88;18.00;0.00
25292100;13.45;17.88;18.00;0.00
25292200;13.45;17.88;18.00;0.00
25293000;13.45;17.88;18.00;0.00
25301010;13.45;17.88;18.00;0.00
25301090;13.45;17.88;18.00;0.00
25302000;13.45;17.88;18.00;0.00
25309010;13.45;17.88;18.00;0.00
25309020;13.45;17.88;18.00;0.00
25309030;13.45;17.88;18.00;0.00
25309040;13.45;17.88;18.00;0.00
25309090;13.45;17.88;18.00;0.00
2601;13.45;15.45;0.00;3.19
26011100;13.45;15.45;18.00;0.00
26011210;13.45;15.45;18.00;0.00
26011290;13.45;15.45;18.00;0.00
26012000;13.45;15.45;18.00;0.00
26020010;13.45;15.45;18.00;0.00
26020090;13.45;15.45;18.00;0.00
26030010;13.45;15.45;18.00;0.00
26030090;13.45;15.45;18.00;0.00
26040000;13.45;15.45;18.00;0.00
26050000;13.45;15.45;18.00;0.00
26060011;13.45;15.45;18.00;0.00
26060012;13.45;15.45;18.00;0.00
26060090;13.45;15.45;18.00;0.00
26070000;13.45;17.88;18.00;0.00
26080010;13.45;15.45;18.00;0.00
26080090;13.45;15.45;18.00;0.00
26090000;13.45;15.45;18.00;0.00
26100010;13.45;15.45;18.00;0.00
26100090;13.45;15.45;18.00;0.00
26110000;13.45;15.45;18.00;0.00
26121000;13.45;17.88;18.00;0.00
26122000;13.45;17.88;18.00;0.00
26131010;13.45;15.45;18.00;0.00
26131090;13.45;15.45;18.00;0.00
26139010;13.45;15.45;18.00;0.00
26139090;13.45;15.45;18.00;0.00
26140010;13.45;15.45;18.00;0.00
26140090;13.45;15.45;18.00;0.00
26151010;13.45;15.45;18.00;0.00
26151020;13.45;15.45;18.00;0.00
26151090;13.45;15.45;18.00;0.00
26159000;13.45;15.45;18.00;0.00
26161000;13.45;15.45;18.00;0.00
26169000;13.45;17.88;18.00;0.00
26171000;13.45;15.45;18.00;0.00
26179000;13.45;15.45;18.00;0.00
26180000;13.45;17.88;18.00;0.00
26190000;13.45;17.88;18.00;0.00
26201100;13.45;17.88;18.00;0.00
26201900;13.45;17.88;18.00;0.00
26202100;13.45;17.88;18.00;0.00
26202900;13.45;17.88;18.00;0.00
26203000;13.45;17.88;18.00;0.00
26204000;13.45;17.88;18.00;0.00
26206000;13.45;17.88;18.00;0.00
26209100;13.45;17.88;18.00;0.00
26209910;13.45;15.45;18.00;0.00
26209990;13.45;17.88;18.00;0.00
26211000;13.45;17.88;18.00;0.00
26219010;13.45;17.88;18.00;0.00
26219090;13.45;17.88;18.00;0.00
2701;13.45;15.45;0.00;2.90
27011100;13.45;15.45;31.00;0.00
27011200;13.45;15.45;31.00;0.00
27011900;13.45;15.45;31.00;0.00
27012000;13.45;15.45;31.00;0.00
27021000;13.45;15.45;31.00;0.00
27022000;13.45;15.45;31.00;0.00
27030000;13.45;15.45;31.00;0.00
27040011;13.45;15.45;31.00;0.00
27040012;13.45;15.45;31.00;0.00
27040090;13.45;15.45;31.00;0.00
27050000;13.45;15.45;31.00;0.00
27060000;13.45;15.45;31.00;0.00
27071000;13.45;15.45;31.00;0.00
27072000;13.45;15.45;31.00;0.00
27073000;13.45;15.45;31.00;0.00
27074000;13.45;15.45;31.00;0.00
27075010;13.45;17.88;31.00;0.00
27075090;13.45;15.45;31.00;0.00
27079100;13.45;15.45;31.00;0.00
27079910;13.45;15.45;31.00;0.00
27079990;13.45;15.45;31.00;0.00
27081000;15.65;17.65;31.00;0.00
27082000;15.65;17.65;31.00;0.00
27090010;13.45;15.45;31.00;0.00
27090090;13.45;15.45;31.00;0.00
27101210;16.91;18.91;31.00;0.00
27101221;16.91;18.91;31.00;0.00
27101229;16.91;18.91;31.00;0.00
27101230;13.45;15.45;31.00;0.00
27101241;13.45;15.45;31.00;0.00
27101249;13.45;15.45;31.00;0.00
27101251;13.45;15.45;1.47;0.00
27101259;12.20;12.20;24.40;0.00
27101260;16.91;18.91;31.00;0.00
27101290;16.91;18.91;31.00;0.00
27101911;0.00;0.00;12.00;0.00
27101919;13.45;15.45;31.00;0.00
27101921;11.40;11.40;24.40;0.00
27101922;13.45;15.45;31.00;0.00
27101929;13.45;15.45;31.00;0.00
27101931;13.45;15.45;31.00;0.00
27101932;13.45;19.04;31.00;0.00
27101991;13.45;17.88;31.00;0.00
27101992;16.91;18.91;31.00;0.00
27101993;16.91;18.91;31.00;0.00
27101994;16.91;18.91;31.00;0.00
27101999;16.91;18.91;31.00;0.00
27102000;13.45;15.45;31.00;0.00
27109110;13.45;15.45;31.00;0.00
27109120;13.45;15.45;31.00;0.00
27109190;13.45;15.45;31.00;0.00
27109900;13.45;15.45;31.00;0.00
27111100;13.45;15.45;1.39;0.00
27111210;13.45;15.45;31.00;0.00
27111290;13.45;15.45;31.00;0.00
27111300;13.45;15.45;31.00;0.00
27111400;13.45;15.45;31.00;0.00
27111910;0.00;0.00;19.50;0.00
27111990;13.45;15.45;31.00;0.00
27112100;9.30;9.30;18.00;0.00
27112910;13.45;15.45;31.00;0.00
27112990;13.45;15.45;31.00;0.00
27121000;16.91;21.34;31.00;0.00
27122000;13.45;17.88;31.00;0.00
27129000;13.45;17.88;31.00;0.00
27131100;15.22;17.22;31.00;0.00
27131200;15.22;17.22;31.00;0.00
27132000;13.45;15.45;31.00;0.00
27139000;15.22;17.22;31.00;0.00
27141000;13.45;15.45;31.00;0.00
27149000;13.45;15.45;31.00;0.00
27150000;13.45;15.45;31.00;0.00
27160000;13.45;15.45;12.00;0.00
2801;13.45;15.45;0.00;2.95
28011000;13.45;20.15;18.00;0.00
28012010;13.45;15.45;18.00;0.00
28012090;13.45;15.45;18.00;0.00
28013000;13.45;15.45;18.00;0.00
28020000;13.45;15.45;18.00;0.00
28030011;13.45;15.45;18.00;0.00
28030019;13.45;20.15;18.00;0.00
28030090;13.45;20.15;18.00;0.00
28041000;13.45;19.04;18.00;0.00
28042100;13.45;19.04;18.00;0.00
28042910;13.45;15.45;18.00;0.00
28042990;13.45;15.45;18.00;0.00
28043000;13.45;19.04;18.00;0.00
28044000;13.45;19.04;18.00;0.00
28045000;13.45;15.45;18.00;0.00
28046100;13.45;15.45;18.00;0.00
28046900;13.45;15.45;18.00;0.00
28047010;13.45;15.45;18.00;0.00
28047020;13.45;15.45;18.00;0.00
28047030;13.45;15.45;18.00;0.00
28048000;13.45;15.45;18.00;0.00
28049000;13.45;15.45;18.00;0.00
28051100;13.45;15.45;18.00;0.00
28051200;13.45;15.45;18.00;0.00
28051910;13.45;15.45;18.00;0.00
28051920;13.45;15.45;18.00;0.00
28051990;13.45;15.45;18.00;0.00
28053010;13.45;15.45;18.00;0.00
28053090;13.45;15.45;18.00;0.00
28054000;13.45;15.45;18.00;0.00
28061010;13.45;19.04;18.00;0.00
28061020;13.45;20.15;18.00;0.00
28062000;13.45;15.45;18.00;0.00
28070010;13.45;15.45;18.00;0.00
28070020;13.45;17.88;18.00;0.00
28080010;13.45;21.23;18.00;0.00
28080020;13.45;15.45;18.00;0.00
28091000;13.45;15.45;18.00;0.00
28092011;13.45;25.88;18.00;0.00
28092019;13.45;17.88;18.00;0.00
28092020;13.45;15.45;18.00;0.00
28092030;13.45;15.45;18.00;0.00
28092090;13.45;15.45;18.00;0.00
28100010;13.45;15.45;18.00;0.00
28100090;13.45;21.23;18.00;0.00
28111100;13.45;15.45;18.00;0.00
28111200;13.45;15.45;18.00;0.00
28111910;13.45;15.45;18.00;0.00
28111920;13.45;15.45;18.00;0.00
28111930;13.45;21.23;18.00;0.00
28111940;13.45;15.45;18.00;0.00
28111990;13.45;15.45;18.00;0.00
28112100;13.45;17.88;18.00;0.00
28112210;13.45;21.23;18.00;0.00
28112220;13.45;15.45;18.00;0.00
28112230;13.45;21.23;18.00;0.00
28112290;13.45;15.45;18.00;0.00
28112910;13.45;21.23;18.00;0.00
28112990;13.45;15.45;18.00;0.00
28121100;13.45;15.45;18.00;0.00
28121200;13.45;15.45;18.00;0.00
28121300;13.45;15.45;18.00;0.00
28121400;13.45;15.45;18.00;0.00
28121500;13.45;15.45;18.00;0.00
28121600;13.45;15.45;18.00;0.00
28121700;13.45;15.45;18.00;0.00
28121911;13.45;15.45;18.00;0.00
28121919;13.45;15.45;18.00;0.00
28121920;13.45;15.45;18.00;0.00
28129000;13.45;15.45;18.00;0.00
28131000;13.45;21.23;18.00;0.00
28139010;13.45;15.45;18.00;0.00
28139090;13.45;15.45;18.00;0.00
28141000;13.45;17.88;18.00;0.00
28142000;13.45;17.88;18.00;0.00
28151100;13.45;20.15;18.00;0.00
28151200;13.45;20.15;18.00;0.00
28152000;13.45;19.04;18.00;0.00
28153000;13.45;15.45;18.00;0.00
28161010;13.45;21.23;18.00;0.00
28161020;13.45;15.45;18.00;0.00
28164010;13.45;15.45;18.00;0.00
28164090;13.45;15.45;18.00;0.00
28170010;13.45;21.23;18.00;0.00
28170020;13.45;15.45;18.00;0.00
28181010;13.45;15.45;18.00;0.00
28181090;13.45;15.45;18.00;0.00
28182010;13.45;15.45;18.00;0.00
28182090;13.45;15.45;18.00;0.00
28183000;13.45;15.45;18.00;0.00
28191000;13.45;21.23;18.00;0.00
28199010;13.45;15.45;18.00;0.00
28199020;13.45;15.45;18.00;0.00
28201010;13.45;15.45;18.00;0.00
28201090;13.45;21.23;18.00;0.00
28209010;13.45;21.23;18.00;0.00
28209020;13.45;15.45;18.00;0.00
28209030;13.45;21.23;18.00;0.00
28209040;13.45;15.45;18.00;0.00
28211011;13.45;21.23;18.00;0.00
28211019;13.45;15.45;18.00;0.00
28211020;13.45;15.45;18.00;0.00
28211030;13.45;21.23;18.00;0.00
28211090;13.45;21.23;18.00;0.00
28212000;13.45;15.45;18.00;0.00
28220010;13.45;15.45;18.00;0.00
28220090;13.45;15.45;18.00;0.00
28230010;13.45;21.23;18.00;0.00
28230090;13.45;20.15;18.00;0.00
28241000;13.45;15.45;18.00;0.00
28249010;13.45;15.45;18.00;0.00
28249090;13.45;15.45;18.00;0.00
28251010;13.45;15.45;18.00;0.00
28251020;13.45;15.45;18.00;0.00
28252010;13.45;15.45;18.00;0.00
28252020;13.45;21.23;18.00;0.00
28253010;13.45;15.45;18.00;0.00
28253090;13.45;15.45;18.00;0.00
28254010;13.45;21.23;18.00;0.00
28254090;13.45;15.45;18.00;0.00
28255010;13.45;21.23;18.00;0.00
28255090;13.45;21.23;18.00;0.00
28256010;13.45;15.45;18.00;0.00
28256020;13.45;15.45;18.00;0.00
28257010;13.45;15.45;18.00;0.00
28257090;13.45;15.45;18.00;0.00
28258010;13.45;21.23;18.00;0.00
28258090;13.45;21.23;18.00;0.00
28259010;13.45;15.45;18.00;0.00
28259020;13.45;15.45;18.00;0.00
28259090;13.45;15.45;18.00;0.00
28261200;13.45;15.45;18.00;0.00
28261910;13.45;15.45;18.00;0.00
28261920;13.45;15.45;18.00;0.00
28261990;13.45;21.23;18.00;0.00
28263000;13.45;15.45;18.00;0.00
28269010;13.45;15.45;18.00;0.00
28269020;13.45;21.23;18.00;0.00
28269090;13.45;15.45;18.00;0.00
28271000;13.45;21.23;18.00;0.00
28272010;13.45;21.23;18.00;0.00
28272090;13.45;21.23;18.00;0.00
28273110;13.45;21.23;18.00;0.00
28273190;13.45;21.23;18.00;0.00
28273200;13.45;21.23;18.00;0.00
28273500;13.45;21.23;18.00;0.00
28273910;13.45;15.45;18.00;0.00
28273920;13.45;15.45;18.00;0.00
28273931;13.45;15.45;18.00;0.00
28273939;13.45;21.23;18.00;0.00
28273940;13.45;15.45;18.00;0.00
28273950;13.45;15.45;18.00;0.00
28273960;13.45;15.45;18.00;0.00
28273970;13.45;15.45;18.00;0.00
28273991;13.45;15.45;18.00;0.00
28273992;13.45;15.45;18.00;0.00
28273993;13.45;15.45;18.00;0.00
28273994;13.45;15.45;18.00;0.00
28273995;13.45;15.45;18.00;0.00
28273996;13.45;21.23;18.00;0.00
28273997;13.45;21.23;18.00;0.00
28273999;13.45;21.23;18.00;0.00
28274110;13.45;21.23;18.00;0.00
28274120;13.45;21.23;18.00;0.00
28274911;13.45;15.45;18.00;0.00
28274912;13.45;15.45;18.00;0.00
28274919;13.45;15.45;18.00;0.00
28274921;13.45;21.23;18.00;0.00
28274929;13.45;15.45;18.00;0.00
28275100;13.45;15.45;18.00;0.00
28275900;13.45;15.45;18.00;0.00
28276011;13.45;21.23;18.00;0.00
28276012;13.45;21.23;18.00;0.00
28276019;13.45;15.45;18.00;0.00
28276021;13.45;15.45;18.00;0.00
28276029;13.45;15.45;18.00;0.00
28281000;13.45;21.23;18.00;0.00
28289011;13.45;21.23;18.00;0.00
28289019;13.45;15.45;18.00;0.00
28289020;13.45;22.27;18.00;0.00
28289090;13.45;15.45;18.00;0.00
28291100;13.45;21.23;18.00;0.00
28291910;13.45;15.45;18.00;0.00
28291920;13.45;21.23;18.00;0.00
28291990;13.45;15.45;18.00;0.00
28299011;13.45;15.45;18.00;0.00
28299012;13.45;15.45;18.00;0.00
28299019;13.45;15.45;18.00;0.00
28299021;13.45;15.45;18.00;0.00
28299022;13.45;15.45;18.00;0.00
28299029;13.45;15.45;18.00;0.00
28299031;13.45;21.23;18.00;0.00
28299032;13.45;21.23;18.00;0.00
28299039;13.45;15.45;18.00;0.00
28299040;13.45;15.45;18.00;0.00
28299050;13.45;21.23;18.00;0.00
28301010;13.45;21.23;18.00;0.00
28301020;13.45;21.23;18.00;0.00
28309011;13.45;15.45;18.00;0.00
28309012;13.45;15.45;18.00;0.00
28309013;13.45;21.23;18.00;0.00
28309014;13.45;15.45;18.00;0.00
28309015;13.45;15.45;18.00;0.00
28309016;13.45;15.45;18.00;0.00
28309019;13.45;15.45;18.00;0.00
28309020;13.45;15.45;18.00;0.00
28311011;13.45;15.45;18.00;0.00
28311019;13.45;15.45;18.00;0.00
28311021;13.45;15.45;18.00;0.00
28311029;13.45;15.45;18.00;0.00
28319010;13.45;15.45;18.00;0.00
28319090;13.45;15.45;18.00;0.00
28321010;13.45;21.23;18.00;0.00
28321090;13.45;21.23;18.00;0.00
28322000;13.45;15.45;18.00;0.00
28323010;13.45;21.23;18.00;0.00
28323020;13.45;21.23;18.00;0.00
28323090;13.45;15.45;18.00;0.00
28331110;13.45;21.23;18.00;0.00
28331190;13.45;21.23;18.00;0.00
28331900;13.45;15.45;18.00;0.00
28332100;13.45;21.23;18.00;0.00
28332200;13.45;21.23;18.00;0.00
28332400;13.45;21.23;18.00;0.00
28332510;13.45;21.23;18.00;0.00
28332520;13.45;21.23;18.00;0.00
28332710;13.45;15.45;18.00;0.00
28332790;13.45;21.23;18.00;0.00
28332910;13.45;15.45;18.00;0.00
28332920;13.45;15.45;18.00;0.00
28332930;13.45;15.45;18.00;0.00
28332940;13.45;21.23;18.00;0.00
28332950;13.45;15.45;18.00;0.00
28332960;13.45;21.23;18.00;0.00
28332970;13.45;21.23;18.00;0.00
28332990;13.45;21.23;18.00;0.00
28333000;13.45;21.23;18.00;0.00
28334010;13.45;15.45;18.00;0.00
28334020;13.45;15.45;18.00;0.00
28334090;13.45;15.45;18.00;0.00
28341010;13.45;15.45;18.00;0.00
28341090;13.45;15.45;18.00;0.00
28342110;13.45;15.45;18.00;0.00
28342190;13.45;21.23;18.00;0.00
28342910;13.45;17.88;18.00;0.00
28342930;13.45;15.45;18.00;0.00
28342940;13.45;15.45;18.00;0.00
28342990;13.45;21.23;18.00;0.00
28351011;13.45;15.45;18.00;0.00
28351019;13.45;15.45;18.00;0.00
28351021;13.45;15.45;18.00;0.00
28351029;13.45;15.45;18.00;0.00
28352200;13.45;21.23;18.00;0.00
28352400;13.45;21.23;18.00;0.00
28352500;13.45;15.45;18.00;0.00
28352600;13.45;21.23;18.00;0.00
28352910;13.45;15.45;18.00;0.00
28352920;13.45;15.45;18.00;0.00
28352930;13.45;15.45;18.00;0.00
28352940;13.45;15.45;18.00;0.00
28352950;13.45;15.45;18.00;0.00
28352960;13.45;15.45;18.00;0.00
28352970;13.45;15.45;18.00;0.00
28352980;13.45;21.23;18.00;0.00
28352990;13.45;21.23;18.00;0.00
28353110;13.45;21.23;18.00;0.00
28353190;13.45;21.23;18.00;0.00
28353910;13.45;21.23;18.00;0.00
28353920;13.45;21.23;18.00;0.00
28353930;13.45;15.45;18.00;0.00
28353990;13.45;21.23;18.00;0.00
28362010;13.45;15.45;18.00;0.00
28362090;13.45;21.23;18.00;0.00
28363000;13.45;27.12;18.00;0.00
28364000;13.45;21.23;18.00;0.00
28365000;13.45;21.23;18.00;0.00
28366010;13.45;15.45;18.00;0.00
28366090;13.45;21.23;18.00;0.00
28369100;13.45;21.23;18.00;0.00
28369200;13.45;15.45;18.00;0.00
28369911;13.45;21.23;18.00;0.00
28369912;13.45;15.45;18.00;0.00
28369913;13.45;21.23;18.00;0.00
28369919;13.45;21.23;18.00;0.00
28369920;13.45;15.45;18.00;0.00
28371100;13.45;21.23;18.00;0.00
28371911;13.45;15.45;18.00;0.00
28371912;13.45;21.23;18.00;0.00
28371914;13.45;21.23;18.00;0.00
28371915;13.45;21.23;18.00;0.00
28371919;13.45;15.45;18.00;0.00
28371920;13.45;15.45;18.00;0.00
28372011;13.45;15.45;18.00;0.00
28372012;13.45;15.45;18.00;0.00
28372019;13.45;15.45;18.00;0.00
28372021;13.45;15.45;18.00;0.00
28372022;13.45;15.45;18.00;0.00
28372023;13.45;15.45;18.00;0.00
28372029;13.45;15.45;18.00;0.00
28372090;13.45;15.45;18.00;0.00
28391100;13.45;21.23;18.00;0.00
28391900;13.45;21.23;18.00;0.00
28399010;13.45;21.23;18.00;0.00
28399020;13.45;21.23;18.00;0.00
28399030;13.45;21.23;18.00;0.00
28399040;13.45;15.45;18.00;0.00
28399050;13.45;21.23;18.00;0.00
28399090;13.45;15.45;18.00;0.00
28401100;13.45;21.23;18.00;0.00
28401900;13.45;21.23;18.00;0.00
28402000;13.45;21.23;18.00;0.00
28403000;13.45;15.45;18.00;0.00
28413000;13.45;15.45;18.00;0.00
28415011;13.45;15.45;18.00;0.00
28415012;13.45;21.23;18.00;0.00
28415013;13.45;21.23;18.00;0.00
28415014;13.45;21.23;18.00;0.00
28415015;13.45;21.23;18.00;0.00
28415016;13.45;15.45;18.00;0.00
28415019;13.45;15.45;18.00;0.00
28415020;13.45;15.45;18.00;0.00
28416100;13.45;15.45;18.00;0.00
28416910;13.45;15.45;18.00;0.00
28416920;13.45;15.45;18.00;0.00
28416930;13.45;15.45;18.00;0.00
28417010;13.45;21.23;18.00;0.00
28417020;13.45;21.23;18.00;0.00
28417090;13.45;15.45;18.00;0.00
28418010;13.45;15.45;18.00;0.00
28418020;13.45;15.45;18.00;0.00
28418090;13.45;15.45;18.00;0.00
28419011;13.45;21.23;18.00;0.00
28419012;13.45;21.23;18.00;0.00
28419013;13.45;21.23;18.00;0.00
28419014;13.45;21.23;18.00;0.00
28419015;13.45;21.23;18.00;0.00
28419019;13.45;15.45;18.00;0.00
28419021;13.45;21.23;18.00;0.00
28419022;13.45;21.23;18.00;0.00
28419029;13.45;15.45;18.00;0.00
28419030;13.45;15.45;18.00;0.00
28419041;13.45;21.23;18.00;0.00
28419042;13.45;21.23;18.00;0.00
28419043;13.45;21.23;18.00;0.00
28419049;13.45;15.45;18.00;0.00
28419050;13.45;15.45;18.00;0.00
28419060;13.45;15.45;18.00;0.00
28419070;13.45;15.45;18.00;0.00
28419081;13.45;21.23;18.00;0.00
28419082;13.45;15.45;18.00;0.00
28419083;13.45;15.45;18.00;0.00
28419089;13.45;15.45;18.00;0.00
28419090;13.45;15.45;18.00;0.00
28421010;13.45;21.23;18.00;0.00
28421090;13.45;15.45;18.00;0.00
28429000;13.45;15.45;18.00;0.00
28431000;13.45;21.23;18.00;0.00
28432100;13.45;21.23;18.00;0.00
28432910;13.45;15.45;18.00;0.00
28432990;13.45;21.23;18.00;0.00
28433010;13.45;15.45;18.00;0.00
28433090;13.45;21.23;18.00;0.00
28439011;13.45;15.45;18.00;0.00
28439019;13.45;15.45;18.00;0.00
28439020;13.45;15.45;18.00;0.00
28439030;13.45;15.45;18.00;0.00
28439040;13.45;15.45;18.00;0.00
28439090;13.45;21.23;18.00;0.00
28441000;13.45;15.45;18.00;0.00
28442000;13.45;15.45;18.00;0.00
28443000;13.45;15.45;18.00;0.00
28444100;13.45;15.45;18.00;0.00
28444200;13.45;15.45;18.00;0.00
28444310;13.45;21.23;18.00;0.00
28444320;13.45;15.45;18.00;0.00
28444330;13.45;15.45;18.00;0.00
28444390;13.45;15.45;18.00;0.00
28444400;13.45;15.45;18.00;0.00
28445000;13.45;15.45;18.00;0.00
28451000;13.45;15.45;18.00;0.00
28452000;13.45;15.45;18.00;0.00
28453000;13.45;15.45;18.00;0.00
28454000;13.45;15.45;18.00;0.00
28459000;13.45;15.45;18.00;0.00
28461010;13.45;15.45;18.00;0.00
28461090;13.45;15.45;18.00;0.00
28469010;13.45;15.45;18.00;0.00
28469020;13.45;15.45;18.00;0.00
28469030;13.45;15.45;18.00;0.00
28469090;13.45;15.45;18.00;0.00
28470000;13.45;21.23;18.00;0.00
28491000;13.45;21.23;18.00;0.00
28492000;13.45;21.23;18.00;0.00
28499010;13.45;15.45;18.00;0.00
28499020;13.45;15.45;18.00;0.00
28499030;13.45;15.45;18.00;0.00
28499090;13.45;15.45;18.00;0.00
28500010;13.45;15.45;18.00;0.00
28500020;13.45;21.23;18.00;0.00
28500090;13.45;15.45;18.00;0.00
28521011;13.45;15.45;18.00;0.00
28521012;13.45;15.45;18.00;0.00
28521013;13.45;15.45;18.00;0.00
28521014;13.45;15.45;18.00;0.00
28521019;13.45;15.45;18.00;0.00
28521021;13.45;15.45;18.00;0.00
28521022;13.45;22.27;18.00;0.00
28521023;13.45;22.27;18.00;0.00
28521024;13.45;15.45;18.00;0.00
28521025;13.45;15.45;18.00;0.00
28521029;13.45;15.45;18.00;0.00
28529000;13.45;15.45;18.00;0.00
28531000;13.45;15.45;18.00;0.00
28539011;13.45;21.23;18.00;0.00
28539012;13.45;15.45;18.00;0.00
28539013;13.45;15.45;18.00;0.00
28539019;13.45;15.45;18.00;0.00
28539020;13.45;15.45;18.00;0.00
28539030;13.45;15.45;18.00;0.00
28539090;13.45;15.45;18.00;0.00
2901;13.45;15.45;0.00;2.95
29011000;13.45;15.45;18.00;0.00
29012100;13.45;15.45;18.00;0.00
29012200;13.45;15.45;18.00;0.00
29012300;13.45;15.45;18.00;0.00
29012410;13.45;15.45;18.00;0.00
29012420;13.45;15.45;18.00;0.00
29012900;13.45;15.45;18.00;0.00
29021100;13.45;20.15;18.00;0.00
29021910;13.45;15.45;18.00;0.00
29021990;13.45;15.45;18.00;0.00
29022000;13.45;17.88;18.00;0.00
29023000;13.45;17.88;18.00;0.00
29024100;13.45;17.88;18.00;0.00
29024200;13.45;15.45;18.00;0.00
29024300;13.45;15.45;18.00;0.00
29024400;13.45;17.88;18.00;0.00
29025000;13.45;21.23;18.00;0.00
29026000;13.45;15.45;18.00;0.00
29027000;13.45;20.15;18.00;0.00
29029010;13.45;15.45;18.00;0.00
29029020;13.45;15.45;18.00;0.00
29029030;13.45;15.45;18.00;0.00
29029040;13.45;21.23;18.00;0.00
29029090;13.45;15.45;18.00;0.00
29031110;13.45;21.23;18.00;0.00
29031120;13.45;21.23;18.00;0.00
29031200;13.45;15.45;18.00;0.00
29031300;13.45;15.45;18.00;0.00
29031400;13.45;15.45;18.00;0.00
29031500;13.45;15.45;18.00;0.00
29031910;13.45;15.45;18.00;0.00
29031920;13.45;15.45;18.00;0.00
29031990;13.45;15.45;18.00;0.00
29032100;13.45;21.23;18.00;0.00
29032200;13.45;15.45;18.00;0.00
29032300;13.45;15.45;18.00;0.00
29032910;13.45;15.45;18.00;0.00
29032990;13.45;15.45;18.00;0.00
29034100;13.45;15.45;18.00;0.00
29034200;13.45;15.45;18.00;0.00
29034300;13.45;15.45;18.00;0.00
29034400;13.45;15.45;18.00;0.00
29034510;13.45;15.45;18.00;0.00
29034520;13.45;15.45;18.00;0.00
29034600;13.45;15.45;18.00;0.00
29034700;13.45;15.45;18.00;0.00
29034800;13.45;15.45;18.00;0.00
29034900;13.45;15.45;18.00;0.00
29035100;13.45;15.45;18.00;0.00
29035910;13.45;15.45;18.00;0.00
29035990;13.45;15.45;18.00;0.00
29036100;13.45;15.45;18.00;0.00
29036200;13.45;15.45;18.00;0.00
29036910;13.45;15.45;18.00;0.00
29036920;13.45;15.45;18.00;0.00
29036990;13.45;15.45;18.00;0.00
29037100;13.45;21.23;18.00;0.00
29037200;13.45;15.45;18.00;0.00
29037300;13.45;15.45;18.00;0.00
29037400;13.45;15.45;18.00;0.00
29037500;13.45;15.45;18.00;0.00
29037600;13.45;15.45;18.00;0.00
29037711;13.45;15.45;18.00;0.00
29037712;13.45;15.45;18.00;0.00
29037713;13.45;15.45;18.00;0.00
29037721;13.45;15.45;18.00;0.00
29037722;13.45;15.45;18.00;0.00
29037723;13.45;15.45;18.00;0.00
29037724;13.45;15.45;18.00;0.00
29037731;13.45;15.45;18.00;0.00
29037732;13.45;15.45;18.00;0.00
29037733;13.45;15.45;18.00;0.00
29037734;13.45;15.45;18.00;0.00
29037735;13.45;15.45;18.00;0.00
29037736;13.45;15.45;18.00;0.00
29037737;13.45;15.45;18.00;0.00
29037790;13.45;15.45;18.00;0.00
29037800;13.45;15.45;18.00;0.00
29037911;13.45;15.45;18.00;0.00
29037912;13.45;15.45;18.00;0.00
29037919;13.45;15.45;18.00;0.00
29037920;13.45;15.45;18.00;0.00
29037931;13.45;15.45;18.00;0.00
29037939;13.45;15.45;18.00;0.00
29037990;13.45;15.45;18.00;0.00
29038110;13.45;15.45;18.00;0.00
29038120;13.45;15.45;18.00;0.00
29038130;13.45;15.45;18.00;0.00
29038190;13.45;15.45;18.00;0.00
29038210;13.45;15.45;18.00;0.00
29038220;13.45;15.45;18.00;0.00
29038230;13.45;15.45;18.00;0.00
29038300;13.45;15.45;18.00;0.00
29038910;13.45;15.45;18.00;0.00
29038990;13.45;15.45;18.00;0.00
29039110;13.45;15.45;18.00;0.00
29039120;13.45;15.45;18.00;0.00
29039130;13.45;15.45;18.00;0.00
29039210;13.45;15.45;18.00;0.00
29039220;13.45;15.45;18.00;0.00
29039300;13.45;15.45;18.00;0.00
29039400;13.45;15.45;18.00;0.00
29039911;13.45;15.45;18.00;0.00
29039912;13.45;15.45;18.00;0.00
29039913;13.45;15.45;18.00;0.00
29039914;13.45;15.45;18.00;0.00
29039915;13.45;15.45;18.00;0.00
29039916;13.45;15.45;18.00;0.00
29039917;13.45;15.45;18.00;0.00
29039918;13.45;15.45;18.00;0.00
29039919;13.45;15.45;18.00;0.00
29039921;13.45;15.45;18.00;0.00
29039922;13.45;15.45;18.00;0.00
29039923;13.45;15.45;18.00;0.00
29039924;13.45;15.45;18.00;0.00
29039929;13.45;15.45;18.00;0.00
29039931;13.45;15.45;18.00;0.00
29039939;13.45;15.45;18.00;0.00
29039990;13.45;15.45;18.00;0.00
29041011;13.45;15.45;18.00;0.00
29041012;13.45;15.45;18.00;0.00
29041013;13.45;15.45;18.00;0.00
29041019;13.45;20.15;18.00;0.00
29041020;13.45;23.28;18.00;0.00
29041030;13.45;23.28;18.00;0.00
29041040;13.45;15.45;18.00;0.00
29041051;13.45;23.28;18.00;0.00
29041052;13.45;23.28;18.00;0.00
29041053;13.45;15.45;18.00;0.00
29041059;13.45;15.45;18.00;0.00
29041060;13.45;15.45;18.00;0.00
29041090;13.45;15.45;18.00;0.00
29042010;13.45;15.45;18.00;0.00
29042020;13.45;15.45;18.00;0.00
29042030;13.45;15.45;18.00;0.00
29042041;13.45;22.27;18.00;0.00
29042049;13.45;15.45;18.00;0.00
29042051;13.45;22.27;18.00;0.00
29042052;13.45;15.45;18.00;0.00
29042059;13.45;15.45;18.00;0.00
29042060;13.45;15.45;18.00;0.00
29042070;13.45;15.45;18.00;0.00
29042090;13.45;15.45;18.00;0.00
29043100;13.45;15.45;18.00;0.00
29043200;13.45;15.45;18.00;0.00
29043300;13.45;15.45;18.00;0.00
29043400;13.45;15.45;18.00;0.00
29043500;13.45;15.45;18.00;0.00
29043600;13.45;15.45;18.00;0.00
29049100;13.45;15.45;18.00;0.00
29049911;13.45;15.45;18.00;0.00
29049912;13.45;15.45;18.00;0.00
29049913;13.45;15.45;18.00;0.00
29049914;13.45;15.45;18.00;0.00
29049915;13.45;15.45;18.00;0.00
29049916;13.45;15.45;18.00;0.00
29049919;13.45;15.45;18.00;0.00
29049921;13.45;15.45;18.00;0.00
29049929;13.45;15.45;18.00;0.00
29049930;13.45;15.45;18.00;0.00
29049940;13.45;15.45;18.00;0.00
29049990;13.45;15.45;18.00;0.00
29051100;13.45;15.45;18.00;0.00
29051210;13.45;15.45;18.00;0.00
29051220;13.45;22.27;18.00;0.00
29051300;13.45;22.27;18.00;0.00
29051410;13.45;27.12;18.00;0.00
29051420;13.45;22.27;18.00;0.00
29051430;13.45;15.45;18.00;0.00
29051600;13.45;22.27;18.00;0.00
29051710;13.45;15.45;18.00;0.00
29051720;13.45;22.27;18.00;0.00
29051730;13.45;22.27;18.00;0.00
29051911;13.45;15.45;18.00;0.00
29051912;13.45;15.45;18.00;0.00
29051919;13.45;15.45;18.00;0.00
29051921;13.45;15.45;18.00;0.00
29051922;13.45;15.45;18.00;0.00
29051923;13.45;15.45;18.00;0.00
29051929;13.45;15.45;18.00;0.00
29051991;13.45;22.27;18.00;0.00
29051992;13.45;22.27;18.00;0.00
29051993;13.45;15.45;18.00;0.00
29051994;13.45;15.45;18.00;0.00
29051995;13.45;15.45;18.00;0.00
29051996;13.45;22.27;18.00;0.00
29051999;13.45;15.45;18.00;0.00
29052210;13.45;15.45;18.00;0.00
29052220;13.45;15.45;18.00;0.00
29052230;13.45;15.45;18.00;0.00
29052290;13.45;22.27;18.00;0.00
29052910;13.45;15.45;18.00;0.00
29052990;13.45;15.45;18.00;0.00
29053100;13.45;22.27;18.00;0.00
29053200;13.45;22.27;18.00;0.00
29053910;13.45;22.27;18.00;0.00
29053920;13.45;22.27;18.00;0.00
29053930;13.45;22.27;18.00;0.00
29053990;13.45;15.45;18.00;0.00
29054100;13.45;15.45;18.00;0.00
29054200;13.45;15.45;18.00;0.00
29054300;13.45;15.45;18.00;0.00
29054400;13.45;23.28;18.00;0.00
29054500;13.45;21.23;18.00;0.00
29054900;13.45;15.45;18.00;0.00
29055100;13.45;15.45;18.00;0.00
29055910;13.45;15.45;18.00;0.00
29055990;13.45;15.45;18.00;0.00
29061100;13.45;22.27;18.00;0.00
29061200;13.45;22.27;18.00;0.00
29061300;13.45;15.45;18.00;0.00
29061910;13.45;15.45;18.00;0.00
29061920;13.45;15.45;18.00;0.00
29061930;13.45;15.45;18.00;0.00
29061940;13.45;15.45;18.00;0.00
29061950;13.45;22.27;18.00;0.00
29061990;13.45;15.45;18.00;0.00
29062100;13.45;15.45;18.00;0.00
29062910;13.45;15.45;18.00;0.00
29062920;13.45;15.45;18.00;0.00
29062990;13.45;15.45;18.00;0.00
29071100;13.45;23.28;18.00;0.00
29071200;13.45;15.45;18.00;0.00
29071300;13.45;21.23;18.00;0.00
29071510;13.45;15.45;18.00;0.00
29071590;13.45;15.45;18.00;0.00
29071910;13.45;15.45;18.00;0.00
29071920;13.45;15.45;18.00;0.00
29071930;13.45;15.45;18.00;0.00
29071940;13.45;15.45;18.00;0.00
29071990;13.45;15.45;18.00;0.00
29072100;13.45;15.45;18.00;0.00
29072200;13.45;15.45;18.00;0.00
29072300;13.45;22.27;18.00;0.00
29072900;13.45;15.45;18.00;0.00
29081100;13.45;15.45;18.00;0.00
29081911;13.45;15.45;18.00;0.00
29081912;13.45;15.45;18.00;0.00
29081913;13.45;15.45;18.00;0.00
29081914;13.45;15.45;18.00;0.00
29081915;13.45;15.45;18.00;0.00
29081916;13.45;15.45;18.00;0.00
29081919;13.45;15.45;18.00;0.00
29081921;13.45;15.45;18.00;0.00
29081929;13.45;15.45;18.00;0.00
29081990;13.45;15.45;18.00;0.00
29089100;13.45;15.45;18.00;0.00
29089200;13.45;15.45;18.00;0.00
29089912;13.45;15.45;18.00;0.00
29089913;13.45;15.45;18.00;0.00
29089919;13.45;15.45;18.00;0.00
29089921;13.45;23.28;18.00;0.00
29089929;13.45;15.45;18.00;0.00
29089930;13.45;15.45;18.00;0.00
29089990;13.45;15.45;18.00;0.00
29091100;13.45;15.45;18.00;0.00
29091910;13.45;22.27;18.00;0.00
29091920;13.45;23.28;18.00;0.00
29091990;13.45;15.45;18.00;0.00
29092000;13.45;15.45;18.00;0.00
29093011;13.45;15.45;18.00;0.00
29093012;13.45;15.45;18.00;0.00
29093013;13.45;15.45;18.00;0.00
29093014;13.45;15.45;18.00;0.00
29093019;13.45;15.45;18.00;0.00
29093021;13.45;15.45;18.00;0.00
29093022;13.45;15.45;18.00;0.00
29093023;13.45;15.45;18.00;0.00
29093024;13.45;15.45;18.00;0.00
29093025;13.45;15.45;18.00;0.00
29093029;13.45;15.45;18.00;0.00
29094100;13.45;23.28;18.00;0.00
29094310;13.45;23.28;18.00;0.00
29094320;13.45;23.28;18.00;0.00
29094411;13.45;23.28;18.00;0.00
29094412;13.45;23.28;18.00;0.00
29094413;13.45;15.45;18.00;0.00
29094419;13.45;23.28;18.00;0.00
29094421;13.45;23.28;18.00;0.00
29094429;13.45;23.28;18.00;0.00
29094910;13.45;15.45;18.00;0.00
29094921;13.45;23.28;18.00;0.00
29094922;13.45;23.28;18.00;0.00
29094923;13.45;15.45;18.00;0.00
29094924;13.45;23.28;18.00;0.00
29094929;13.45;15.45;18.00;0.00
29094931;13.45;23.28;18.00;0.00
29094932;13.45;23.28;18.00;0.00
29094939;13.45;15.45;18.00;0.00
29094941;13.45;23.28;18.00;0.00
29094949;13.45;15.45;18.00;0.00
29094950;13.45;15.45;18.00;0.00
29094990;13.45;15.45;18.00;0.00
29095011;13.45;15.45;18.00;0.00
29095012;13.45;15.45;18.00;0.00
29095013;13.45;15.45;18.00;0.00
29095019;13.45;15.45;18.00;0.00
29095090;13.45;15.45;18.00;0.00
29096011;13.45;15.45;18.00;0.00
29096012;13.45;15.45;18.00;0.00
29096013;13.45;15.45;18.00;0.00
29096019;13.45;22.27;18.00;0.00
29096090;13.45;22.27;18.00;0.00
29101000;13.45;15.45;18.00;0.00
29102000;13.45;15.45;18.00;0.00
29103000;13.45;15.45;18.00;0.00
29104000;13.45;15.45;18.00;0.00
29105000;13.45;15.45;18.00;0.00
29109010;13.45;15.45;18.00;0.00
29109090;13.45;15.45;18.00;0.00
29110010;13.45;15.45;18.00;0.00
29110090;13.45;15.45;18.00;0.00
29121100;13.45;22.27;18.00;0.00
29121200;13.45;22.27;18.00;0.00
29121911;13.45;15.45;18.00;0.00
29121912;13.45;15.45;18.00;0.00
29121919;13.45;15.45;18.00;0.00
29121921;13.45;15.45;18.00;0.00
29121922;13.45;22.27;18.00;0.00
29121923;13.45;15.45;18.00;0.00
29121929;13.45;15.45;18.00;0.00
29121991;13.45;15.45;18.00;0.00
29121999;13.45;15.45;18.00;0.00
29122100;13.45;15.45;18.00;0.00
29122910;13.45;15.45;18.00;0.00
29122920;13.45;15.45;18.00;0.00
29122990;13.45;15.45;18.00;0.00
29124100;13.45;15.45;18.00;0.00
29124200;13.45;15.45;18.00;0.00
29124910;13.45;15.45;18.00;0.00
29124920;13.45;15.45;18.00;0.00
29124930;13.45;15.45;18.00;0.00
29124941;13.45;15.45;18.00;0.00
29124949;13.45;15.45;18.00;0.00
29124990;13.45;15.45;18.00;0.00
29125000;13.45;15.45;18.00;0.00
29126000;13.45;15.45;18.00;0.00
29130010;13.45;15.45;18.00;0.00
29130090;13.45;15.45;18.00;0.00
29141100;13.45;22.27;18.00;0.00
29141200;13.45;27.12;18.00;0.00
29141300;13.45;22.27;18.00;0.00
29141910;13.45;15.45;18.00;0.00
29141921;13.45;15.45;18.00;0.00
29141922;13.45;15.45;18.00;0.00
29141923;13.45;22.27;18.00;0.00
29141929;13.45;22.27;18.00;0.00
29141930;13.45;15.45;18.00;0.00
29141940;13.45;15.45;18.00;0.00
29141950;13.45;15.45;18.00;0.00
29141990;13.45;22.27;18.00;0.00
29142210;13.45;15.45;18.00;0.00
29142220;13.45;15.45;18.00;0.00
29142310;13.45;15.45;18.00;0.00
29142320;13.45;15.45;18.00;0.00
29142910;13.45;15.45;18.00;0.00
29142920;13.45;15.45;18.00;0.00
29142990;13.45;15.45;18.00;0.00
29143100;13.45;15.45;18.00;0.00
29143910;13.45;22.27;18.00;0.00
29143990;13.45;15.45;18.00;0.00
29144010;13.45;22.27;18.00;0.00
29144091;13.45;15.45;18.00;0.00
29144099;13.45;15.45;18.00;0.00
29145010;13.45;15.45;18.00;0.00
29145020;13.45;15.45;18.00;0.00
29145090;13.45;15.45;18.00;0.00
29146100;13.45;15.45;18.00;0.00
29146200;13.45;15.45;18.00;0.00
29146910;13.45;15.45;18.00;0.00
29146920;13.45;15.45;18.00;0.00
29146990;13.45;15.45;18.00;0.00
29147100;13.45;15.45;18.00;0.00
29147911;13.45;15.45;18.00;0.00
29147919;13.45;15.45;18.00;0.00
29147921;13.45;20.15;18.00;0.00
29147922;13.45;15.45;18.00;0.00
29147929;13.45;15.45;18.00;0.00
29147990;13.45;15.45;18.00;0.00
29151100;13.45;15.45;18.00;0.00
29151210;13.45;15.45;18.00;0.00
29151290;13.45;15.45;18.00;0.00
29151310;13.45;22.27;18.00;0.00
29151390;13.45;15.45;18.00;0.00
29152100;13.45;16.82;18.00;0.00
29152400;13.45;15.45;18.00;0.00
29152910;13.45;22.27;18.00;0.00
29152920;13.45;22.27;18.00;0.00
29152990;13.45;22.27;18.00;0.00
29153100;13.45;27.12;18.00;0.00
29153200;13.45;15.45;18.00;0.00
29153300;13.45;27.12;18.00;0.00
29153600;13.45;22.27;18.00;0.00
29153910;13.45;15.45;18.00;0.00
29153921;13.45;22.27;18.00;0.00
29153929;13.45;22.27;18.00;0.00
29153931;13.45;22.27;18.00;0.00
29153932;13.45;22.27;18.00;0.00
29153939;13.45;27.12;18.00;0.00
29153941;13.45;15.45;18.00;0.00
29153942;13.45;15.45;18.00;0.00
29153951;13.45;15.45;18.00;0.00
29153952;13.45;15.45;18.00;0.00
29153953;13.45;15.45;18.00;0.00
29153954;13.45;15.45;18.00;0.00
29153955;13.45;15.45;18.00;0.00
29153961;13.45;15.45;18.00;0.00
29153962;13.45;15.45;18.00;0.00
29153963;13.45;15.45;18.00;0.00
29153991;13.45;15.45;18.00;0.00
29153992;13.45;15.45;18.00;0.00
29153993;13.45;15.45;18.00;0.00
29153994;13.45;15.45;18.00;0.00
29153999;13.45;22.27;18.00;0.00
29154010;13.45;15.45;18.00;0.00
29154020;13.45;15.45;18.00;0.00
29154090;13.45;15.45;18.00;0.00
29155010;13.45;15.45;18.00;0.00
29155020;13.45;22.27;18.00;0.00
29155030;13.45;15.45;18.00;0.00
29156011;13.45;15.45;18.00;0.00
29156012;13.45;15.45;18.00;0.00
29156019;13.45;15.45;18.00;0.00
29156021;13.45;15.45;18.00;0.00
29156029;13.45;15.45;18.00;0.00
29157011;13.45;15.45;18.00;0.00
29157019;13.45;22.27;18.00;0.00
29157020;13.45;22.27;18.00;0.00
29157031;13.45;22.27;18.00;0.00
29157039;13.45;22.27;18.00;0.00
29157040;13.45;22.27;18.00;0.00
29159010;13.45;15.45;18.00;0.00
29159021;13.45;22.27;18.00;0.00
29159022;13.45;22.27;18.00;0.00
29159023;13.45;15.45;18.00;0.00
29159024;13.45;15.45;18.00;0.00
29159029;13.45;22.27;18.00;0.00
29159031;13.45;15.45;18.00;0.00
29159032;13.45;15.45;18.00;0.00
29159033;13.45;22.27;18.00;0.00
29159039;13.45;15.45;18.00;0.00
29159041;13.45;15.45;18.00;0.00
29159043;13.45;22.27;18.00;0.00
29159049;13.45;22.27;18.00;0.00
29159050;13.45;15.45;18.00;0.00
29159060;13.45;15.45;18.00;0.00
29159090;13.45;15.45;18.00;0.00
29161110;13.45;15.45;18.00;0.00
29161120;13.45;15.45;18.00;0.00
29161210;13.45;22.27;18.00;0.00
29161220;13.45;15.45;18.00;0.00
29161230;13.45;22.27;18.00;0.00
29161240;13.45;15.45;18.00;0.00
29161290;13.45;15.45;18.00;0.00
29161310;13.45;15.45;18.00;0.00
29161320;13.45;15.45;18.00;0.00
29161410;13.45;22.27;18.00;0.00
29161420;13.45;22.27;18.00;0.00
29161430;13.45;15.45;18.00;0.00
29161490;13.45;15.45;18.00;0.00
29161511;13.45;15.45;18.00;0.00
29161519;13.45;22.27;18.00;0.00
29161520;13.45;15.45;18.00;0.00
29161600;13.45;15.45;18.00;0.00
29161911;13.45;22.27;18.00;0.00
29161919;13.45;15.45;18.00;0.00
29161921;13.45;15.45;18.00;0.00
29161922;13.45;15.45;18.00;0.00
29161923;13.45;15.45;18.00;0.00
29161929;13.45;15.45;18.00;0.00
29161990;13.45;15.45;18.00;0.00
29162011;13.45;15.45;18.00;0.00
29162012;13.45;15.45;18.00;0.00
29162013;13.45;15.45;18.00;0.00
29162014;13.45;22.27;18.00;0.00
29162015;13.45;15.45;18.00;0.00
29162019;13.45;15.45;18.00;0.00
29162090;13.45;15.45;18.00;0.00
29163110;13.45;22.27;18.00;0.00
29163121;13.45;22.27;18.00;0.00
29163122;13.45;22.27;18.00;0.00
29163129;13.45;15.45;18.00;0.00
29163131;13.45;22.27;18.00;0.00
29163132;13.45;22.27;18.00;0.00
29163139;13.45;15.45;18.00;0.00
29163210;13.45;22.27;18.00;0.00
29163220;13.45;15.45;18.00;0.00
29163400;13.45;15.45;18.00;0.00
29163910;13.45;15.45;18.00;0.00
29163920;13.45;15.45;18.00;0.00
29163930;13.45;15.45;18.00;0.00
29163940;13.45;22.27;18.00;0.00
29163990;13.45;15.45;18.00;0.00
29171110;13.45;15.45;18.00;0.00
29171120;13.45;15.45;18.00;0.00
29171210;13.45;27.12;18.00;0.00
29171220;13.45;22.27;18.00;0.00
29171310;13.45;15.45;18.00;0.00
29171321;13.45;15.45;18.00;0.00
29171322;13.45;22.27;18.00;0.00
29171323;13.45;22.27;18.00;0.00
29171329;13.45;15.45;18.00;0.00
29171400;13.45;27.12;18.00;0.00
29171910;13.45;22.27;18.00;0.00
29171921;13.45;22.27;18.00;0.00
29171922;13.45;22.27;18.00;0.00
29171930;13.45;27.12;18.00;0.00
29171990;13.45;15.45;18.00;0.00
29172000;13.45;15.45;18.00;0.00
29173200;13.45;27.12;18.00;0.00
29173300;13.45;27.12;18.00;0.00
29173400;13.45;22.27;18.00;0.00
29173500;13.45;22.27;18.00;0.00
29173600;13.45;22.27;18.00;0.00
29173700;13.45;22.27;18.00;0.00
29173911;13.45;15.45;18.00;0.00
29173919;13.45;15.45;18.00;0.00
29173920;13.45;22.27;18.00;0.00
29173931;13.45;22.27;18.00;0.00
29173939;13.45;15.45;18.00;0.00
29173940;13.45;19.04;18.00;0.00
29173950;13.45;15.45;18.00;0.00
29173990;13.45;15.45;18.00;0.00
29181100;13.45;22.27;18.00;0.00
29181200;13.45;22.27;18.00;0.00
29181310;13.45;22.27;18.00;0.00
29181320;13.45;15.45;18.00;0.00
29181400;13.45;22.27;18.00;0.00
29181500;13.45;22.27;18.00;0.00
29181610;13.45;15.45;18.00;0.00
29181690;13.45;22.27;18.00;0.00
29181700;13.45;15.45;18.00;0.00
29181800;13.45;15.45;18.00;0.00
29181910;13.45;15.45;18.00;0.00
29181921;13.45;15.45;18.00;0.00
29181922;13.45;15.45;18.00;0.00
29181929;13.45;15.45;18.00;0.00
29181930;13.45;22.27;18.00;0.00
29181942;13.45;15.45;18.00;0.00
29181943;13.45;15.45;18.00;0.00
29181990;13.45;15.45;18.00;0.00
29182110;13.45;22.27;18.00;0.00
29182120;13.45;22.27;18.00;0.00
29182211;13.45;22.27;18.00;0.00
29182212;13.45;22.27;18.00;0.00
29182219;13.45;15.45;18.00;0.00
29182220;13.45;15.45;18.00;0.00
29182300;13.45;22.27;18.00;0.00
29182910;13.45;15.45;18.00;0.00
29182921;13.45;15.45;18.00;0.00
29182922;13.45;22.27;18.00;0.00
29182923;13.45;22.27;18.00;0.00
29182929;13.45;15.45;18.00;0.00
29182930;13.45;15.45;18.00;0.00
29182940;13.45;15.45;18.00;0.00
29182950;13.45;15.45;18.00;0.00
29182990;13.45;15.45;18.00;0.00
29183010;13.45;15.45;18.00;0.00
29183020;13.45;15.45;18.00;0.00
29183031;13.45;15.45;18.00;0.00
29183032;13.45;15.45;18.00;0.00
29183033;13.45;15.45;18.00;0.00
29183039;13.45;15.45;18.00;0.00
29183040;13.45;15.45;18.00;0.00
29183090;13.45;15.45;18.00;0.00
29189100;13.45;15.45;18.00;0.00
29189911;13.45;15.45;18.00;0.00
29189912;13.45;23.28;18.00;0.00
29189919;13.45;15.45;18.00;0.00
29189921;13.45;15.45;18.00;0.00
29189929;13.45;15.45;18.00;0.00
29189930;13.45;15.45;18.00;0.00
29189940;13.45;15.45;18.00;0.00
29189950;13.45;15.45;18.00;0.00
29189960;13.45;15.45;18.00;0.00
29189991;13.45;15.45;18.00;0.00
29189992;13.45;15.45;18.00;0.00
29189993;13.45;22.27;18.00;0.00
29189994;13.45;15.45;18.00;0.00
29189999;13.45;15.45;18.00;0.00
29191000;13.45;15.45;18.00;0.00
29199010;13.45;15.45;18.00;0.00
29199020;13.45;15.45;18.00;0.00
29199030;13.45;21.23;18.00;0.00
29199040;13.45;22.27;18.00;0.00
29199050;13.45;22.27;18.00;0.00
29199060;13.45;15.45;18.00;0.00
29199090;13.45;15.45;18.00;0.00
29201110;13.45;15.45;18.00;0.00
29201120;13.45;15.45;18.00;0.00
29201910;13.45;15.45;18.00;0.00
29201920;13.45;15.45;18.00;0.00
29201990;13.45;15.45;18.00;0.00
29202100;13.45;15.45;18.00;0.00
29202200;13.45;15.45;18.00;0.00
29202300;13.45;15.45;18.00;0.00
29202400;13.45;15.45;18.00;0.00
29202910;13.45;22.27;18.00;0.00
29202920;13.45;15.45;18.00;0.00
29202930;13.45;22.27;18.00;0.00
29202940;13.45;15.45;18.00;0.00
29202950;13.45;15.45;18.00;0.00
29202990;13.45;15.45;18.00;0.00
29203000;13.45;22.27;18.00;0.00
29209022;13.45;15.45;18.00;0.00
29209029;13.45;15.45;18.00;0.00
29209031;13.45;15.45;18.00;0.00
29209032;13.45;22.27;18.00;0.00
29209033;13.45;22.27;18.00;0.00
29209039;13.45;15.45;18.00;0.00
29209041;13.45;15.45;18.00;0.00
29209042;13.45;22.27;18.00;0.00
29209049;13.45;15.45;18.00;0.00
29209051;13.45;22.27;18.00;0.00
29209059;13.45;15.45;18.00;0.00
29209090;13.45;15.45;18.00;0.00
29211111;13.45;15.45;18.00;0.00
29211112;13.45;15.45;18.00;0.00
29211121;13.45;15.45;18.00;0.00
29211122;13.45;15.45;18.00;0.00
29211123;13.45;15.45;18.00;0.00
29211129;13.45;15.45;18.00;0.00
29211131;13.45;15.45;18.00;0.00
29211132;13.45;15.45;18.00;0.00
29211139;13.45;15.45;18.00;0.00
29211200;13.45;15.45;18.00;0.00
29211300;13.45;15.45;18.00;0.00
29211400;13.45;15.45;18.00;0.00
29211911;13.45;15.45;18.00;0.00
29211912;13.45;15.45;18.00;0.00
29211913;13.45;15.45;18.00;0.00
29211914;13.45;15.45;18.00;0.00
29211915;13.45;15.45;18.00;0.00
29211919;13.45;15.45;18.00;0.00
29211921;13.45;15.45;18.00;0.00
29211922;13.45;15.45;18.00;0.00
29211923;13.45;15.45;18.00;0.00
29211924;13.45;15.45;18.00;0.00
29211929;13.45;15.45;18.00;0.00
29211931;13.45;15.45;18.00;0.00
29211939;13.45;15.45;18.00;0.00
29211941;13.45;15.45;18.00;0.00
29211949;13.45;15.45;18.00;0.00
29211991;13.45;15.45;18.00;0.00
29211992;13.45;15.45;18.00;0.00
29211993;13.45;23.28;18.00;0.00
29211994;13.45;22.27;18.00;0.00
29211999;13.45;15.45;18.00;0.00
29212100;13.45;15.45;18.00;0.00
29212200;13.45;27.12;18.00;0.00
29212910;13.45;15.45;18.00;0.00
29212920;13.45;15.45;18.00;0.00
29212990;13.45;15.45;18.00;0.00
29213011;13.45;23.28;18.00;0.00
29213012;13.45;22.27;18.00;0.00
29213019;13.45;15.45;18.00;0.00
29213020;13.45;15.45;18.00;0.00
29213090;13.45;15.45;18.00;0.00
29214100;13.45;22.27;18.00;0.00
29214211;13.45;15.45;18.00;0.00
29214219;13.45;15.45;18.00;0.00
29214221;13.45;15.45;18.00;0.00
29214229;13.45;15.45;18.00;0.00
29214231;13.45;15.45;18.00;0.00
29214239;13.45;15.45;18.00;0.00
29214241;13.45;15.45;18.00;0.00
29214249;13.45;15.45;18.00;0.00
29214290;13.45;15.45;18.00;0.00
29214311;13.45;22.27;18.00;0.00
29214319;13.45;15.45;18.00;0.00
29214321;13.45;15.45;18.00;0.00
29214322;13.45;23.28;18.00;0.00
29214323;13.45;15.45;18.00;0.00
29214329;13.45;15.45;18.00;0.00
29214410;13.45;15.45;18.00;0.00
29214421;13.45;15.45;18.00;0.00
29214422;13.45;15.45;18.00;0.00
29214429;13.45;15.45;18.00;0.00
29214500;13.45;15.45;18.00;0.00
29214610;13.45;15.45;18.00;0.00
29214620;13.45;15.45;18.00;0.00
29214630;13.45;15.45;18.00;0.00
29214640;13.45;15.45;18.00;0.00
29214650;13.45;15.45;18.00;0.00
29214660;13.45;15.45;18.00;0.00
29214670;13.45;15.45;18.00;0.00
29214680;13.45;15.45;18.00;0.00
29214690;13.45;15.45;18.00;0.00
29214910;13.45;15.45;18.00;0.00
29214921;13.45;15.45;18.00;0.00
29214922;13.45;15.45;18.00;0.00
29214929;13.45;15.45;18.00;0.00
29214931;13.45;23.28;18.00;0.00
29214939;13.45;15.45;18.00;0.00
29214990;13.45;15.45;18.00;0.00
29215111;13.45;15.45;18.00;0.00
29215112;13.45;15.45;18.00;0.00
29215119;13.45;15.45;18.00;0.00
29215120;13.45;15.45;18.00;0.00
29215131;13.45;22.27;18.00;0.00
29215132;13.45;15.45;18.00;0.00
29215133;13.45;15.45;18.00;0.00
29215134;13.45;15.45;18.00;0.00
29215135;13.45;15.45;18.00;0.00
29215139;13.45;15.45;18.00;0.00
29215190;13.45;15.45;18.00;0.00
29215911;13.45;15.45;18.00;0.00
29215919;13.45;15.45;18.00;0.00
29215921;13.45;22.27;18.00;0.00
29215929;13.45;15.45;18.00;0.00
29215931;13.45;15.45;18.00;0.00
29215932;13.45;15.45;18.00;0.00
29215939;13.45;15.45;18.00;0.00
29215990;13.45;15.45;18.00;0.00
29221100;13.45;27.12;18.00;0.00
29221200;13.45;23.28;18.00;0.00
29221400;13.45;15.45;18.00;0.00
29221500;13.45;23.28;18.00;0.00
29221600;13.45;15.45;18.00;0.00
29221700;13.45;15.45;18.00;0.00
29221800;13.45;15.45;18.00;0.00
29221911;13.45;15.45;18.00;0.00
29221912;13.45;23.28;18.00;0.00
29221913;13.45;23.28;18.00;0.00
29221919;13.45;15.45;18.00;0.00
29221921;13.45;23.28;18.00;0.00
29221929;13.45;15.45;18.00;0.00
29221931;13.45;15.45;18.00;0.00
29221939;13.45;15.45;18.00;0.00
29221941;13.45;15.45;18.00;0.00
29221949;13.45;15.45;18.00;0.00
29221951;13.45;15.45;18.00;0.00
29221952;13.45;15.45;18.00;0.00
29221959;13.45;15.45;18.00;0.00
29221971;13.45;15.45;18.00;0.00
29221979;13.45;15.45;18.00;0.00
29221981;13.45;15.45;18.00;0.00
29221989;13.45;15.45;18.00;0.00
29221991;13.45;15.45;18.00;0.00
29221992;13.45;15.45;18.00;0.00
29221993;13.45;23.28;18.00;0.00
29221994;13.45;23.28;18.00;0.00
29221995;13.45;23.28;18.00;0.00
29221996;13.45;22.27;18.00;0.00
29221999;13.45;15.45;18.00;0.00
29222100;13.45;15.45;18.00;0.00
29222911;13.45;15.45;18.00;0.00
29222919;13.45;15.45;18.00;0.00
29222920;13.45;15.45;18.00;0.00
29222990;13.45;15.45;18.00;0.00
29223111;13.45;23.28;18.00;0.00
29223112;13.45;15.45;18.00;0.00
29223120;13.45;15.45;18.00;0.00
29223130;13.45;15.45;18.00;0.00
29223910;13.45;15.45;18.00;0.00
29223921;13.45;22.27;18.00;0.00
29223929;13.45;15.45;18.00;0.00
29223990;13.45;15.45;18.00;0.00
29224110;13.45;22.27;18.00;0.00
29224190;13.45;22.27;18.00;0.00
29224210;13.45;15.45;18.00;0.00
29224220;13.45;20.15;18.00;0.00
29224300;13.45;15.45;18.00;0.00
29224410;13.45;15.45;18.00;0.00
29224420;13.45;15.45;18.00;0.00
29224910;13.45;15.45;18.00;0.00
29224920;13.45;22.27;18.00;0.00
29224931;13.45;15.45;18.00;0.00
29224932;13.45;15.45;18.00;0.00
29224940;13.45;22.27;18.00;0.00
29224951;13.45;15.45;18.00;0.00
29224952;13.45;22.27;18.00;0.00
29224959;13.45;15.45;18.00;0.00
29224961;13.45;23.28;18.00;0.00
29224962;13.45;23.28;18.00;0.00
29224963;13.45;23.28;18.00;0.00
29224964;13.45;23.28;18.00;0.00
29224969;13.45;15.45;18.00;0.00
29224990;13.45;15.45;18.00;0.00
29225011;13.45;15.45;18.00;0.00
29225019;13.45;15.45;18.00;0.00
29225031;13.45;23.28;18.00;0.00
29225032;13.45;15.45;18.00;0.00
29225039;13.45;15.45;18.00;0.00
29225091;13.45;15.45;18.00;0.00
29225099;13.45;22.27;18.00;0.00
29231000;13.45;15.45;18.00;0.00
29232000;13.45;22.27;18.00;0.00
29233000;13.45;15.45;18.00;0.00
29234000;13.45;15.45;18.00;0.00
29239010;13.45;22.27;18.00;0.00
29239020;13.45;15.45;18.00;0.00
29239030;13.45;15.45;18.00;0.00
29239040;13.45;22.27;18.00;0.00
29239050;13.45;22.27;18.00;0.00
29239060;13.45;22.27;18.00;0.00
29239090;13.45;15.45;18.00;0.00
29241100;13.45;15.45;18.00;0.00
29241210;13.45;15.45;18.00;0.00
29241220;13.45;15.45;18.00;0.00
29241230;13.45;23.28;18.00;0.00
29241911;13.45;15.45;18.00;0.00
29241919;13.45;15.45;18.00;0.00
29241921;13.45;15.45;18.00;0.00
29241922;13.45;15.45;18.00;0.00
29241929;13.45;15.45;18.00;0.00
29241931;13.45;15.45;18.00;0.00
29241932;13.45;15.45;18.00;0.00
29241939;13.45;15.45;18.00;0.00
29241942;13.45;23.28;18.00;0.00
29241949;13.45;15.45;18.00;0.00
29241991;13.45;15.45;18.00;0.00
29241992;13.45;15.45;18.00;0.00
29241993;13.45;23.28;18.00;0.00
29241994;13.45;23.28;18.00;0.00
29241999;13.45;15.45;18.00;0.00
29242111;13.45;15.45;18.00;0.00
29242119;13.45;15.45;18.00;0.00
29242120;13.45;23.28;18.00;0.00
29242190;13.45;15.45;18.00;0.00
29242300;13.45;15.45;18.00;0.00
29242400;13.45;15.45;18.00;0.00
29242500;13.45;23.28;18.00;0.00
29242911;13.45;22.27;18.00;0.00
29242912;13.45;15.45;18.00;0.00
29242913;13.45;23.28;18.00;0.00
29242914;13.45;23.28;18.00;0.00
29242915;13.45;23.28;18.00;0.00
29242919;13.45;15.45;18.00;0.00
29242920;13.45;15.45;18.00;0.00
29242931;13.45;15.45;18.00;0.00
29242932;13.45;15.45;18.00;0.00
29242939;13.45;15.45;18.00;0.00
29242941;13.45;15.45;18.00;0.00
29242943;13.45;15.45;18.00;0.00
29242944;13.45;15.45;18.00;0.00
29242945;13.45;15.45;18.00;0.00
29242946;13.45;23.28;18.00;0.00
29242947;13.45;15.45;18.00;0.00
29242949;13.45;15.45;18.00;0.00
29242951;13.45;23.28;18.00;0.00
29242952;13.45;23.28;18.00;0.00
29242959;13.45;15.45;18.00;0.00
29242961;13.45;23.28;18.00;0.00
29242962;13.45;23.28;18.00;0.00
29242963;13.45;23.28;18.00;0.00
29242964;13.45;15.45;18.00;0.00
29242969;13.45;15.45;18.00;0.00
29242991;13.45;15.45;18.00;0.00
29242992;13.45;15.45;18.00;0.00
29242993;13.45;15.45;18.00;0.00
29242994;13.45;15.45;18.00;0.00
29242995;13.45;15.45;18.00;0.00
29242996;13.45;23.28;18.00;0.00
29242999;13.45;15.45;18.00;0.00
29251100;13.45;24.05;18.00;0.00
29251200;13.45;15.45;18.00;0.00
29251910;13.45;23.28;18.00;0.00
29251990;13.45;15.45;18.00;0.00
29252100;13.45;15.45;18.00;0.00
29252911;13.45;15.45;18.00;0.00
29252919;13.45;15.45;18.00;0.00
29252921;13.45;15.45;18.00;0.00
29252922;13.45;15.45;18.00;0.00
29252923;13.45;22.27;18.00;0.00
29252929;13.45;15.45;18.00;0.00
29252930;13.45;22.27;18.00;0.00
29252940;13.45;23.28;18.00;0.00
29252950;13.45;15.45;18.00;0.00
29252990;13.45;15.45;18.00;0.00
29261000;13.45;15.45;18.00;0.00
29262000;13.45;15.45;18.00;0.00
29263011;13.45;23.28;18.00;0.00
29263012;13.45;15.45;18.00;0.00
29263020;13.45;15.45;18.00;0.00
29264000;13.45;15.45;18.00;0.00
29269011;13.45;15.45;18.00;0.00
29269012;13.45;15.45;18.00;0.00
29269019;13.45;15.45;18.00;0.00
29269021;13.45;15.45;18.00;0.00
29269022;13.45;15.45;18.00;0.00
29269023;13.45;23.28;18.00;0.00
29269024;13.45;15.45;18.00;0.00
29269025;13.45;15.45;18.00;0.00
29269026;13.45;15.45;18.00;0.00
29269029;13.45;15.45;18.00;0.00
29269030;13.45;15.45;18.00;0.00
29269091;13.45;15.45;18.00;0.00
29269092;13.45;15.45;18.00;0.00
29269093;13.45;23.28;18.00;0.00
29269095;13.45;15.45;18.00;0.00
29269096;13.45;22.27;18.00;0.00
29269099;13.45;15.45;18.00;0.00
29270010;13.45;15.45;18.00;0.00
29270021;13.45;23.28;18.00;0.00
29270029;13.45;15.45;18.00;0.00
29270030;13.45;15.45;18.00;0.00
29280011;13.45;15.45;18.00;0.00
29280019;13.45;15.45;18.00;0.00
29280020;13.45;15.45;18.00;0.00
29280030;13.45;15.45;18.00;0.00
29280041;13.45;22.27;18.00;0.00
29280042;13.45;22.27;18.00;0.00
29280090;13.45;15.45;18.00;0.00
29291010;13.45;15.45;18.00;0.00
29291021;13.45;16.82;18.00;0.00
29291029;13.45;23.28;18.00;0.00
29291030;13.45;15.45;18.00;0.00
29291090;13.45;15.45;18.00;0.00
29299011;13.45;15.45;18.00;0.00
29299012;13.45;22.27;18.00;0.00
29299019;13.45;15.45;18.00;0.00
29299031;13.45;15.45;18.00;0.00
29299039;13.45;15.45;18.00;0.00
29299040;13.45;15.45;18.00;0.00
29299050;13.45;15.45;18.00;0.00
29299060;13.45;15.45;18.00;0.00
29299090;13.45;15.45;18.00;0.00
29301000;13.45;15.45;18.00;0.00
29302011;13.45;15.45;18.00;0.00
29302012;13.45;15.45;18.00;0.00
29302013;13.45;15.45;18.00;0.00
29302019;13.45;15.45;18.00;0.00
29302021;13.45;22.27;18.00;0.00
29302022;13.45;22.27;18.00;0.00
29302023;13.45;22.27;18.00;0.00
29302024;13.45;23.28;18.00;0.00
29302029;13.45;15.45;18.00;0.00
29303011;13.45;15.45;18.00;0.00
29303012;13.45;22.27;18.00;0.00
29303019;13.45;15.45;18.00;0.00
29303021;13.45;22.27;18.00;0.00
29303022;13.45;15.45;18.00;0.00
29303029;13.45;15.45;18.00;0.00
29303090;13.45;15.45;18.00;0.00
29304010;13.45;15.45;18.00;0.00
29304090;13.45;15.45;18.00;0.00
29306000;13.45;15.45;18.00;0.00
29307000;13.45;15.45;18.00;0.00
29308010;13.45;15.45;18.00;0.00
29308020;13.45;15.45;18.00;0.00
29308030;13.45;22.27;18.00;0.00
29309011;13.45;15.45;18.00;0.00
29309012;13.45;15.45;18.00;0.00
29309013;13.45;15.45;18.00;0.00
29309019;13.45;15.45;18.00;0.00
29309021;13.45;15.45;18.00;0.00
29309022;13.45;15.45;18.00;0.00
29309023;13.45;15.45;18.00;0.00
29309029;13.45;15.45;18.00;0.00
29309031;13.45;15.45;18.00;0.00
29309032;13.45;15.45;18.00;0.00
29309033;13.45;15.45;18.00;0.00
29309034;13.45;15.45;18.00;0.00
29309035;13.45;15.45;18.00;0.00
29309036;13.45;22.27;18.00;0.00
29309037;13.45;22.27;18.00;0.00
29309039;13.45;15.45;18.00;0.00
29309041;13.45;15.45;18.00;0.00
29309042;13.45;15.45;18.00;0.00
29309043;13.45;15.45;18.00;0.00
29309049;13.45;15.45;18.00;0.00
29309051;13.45;15.45;18.00;0.00
29309052;13.45;22.27;18.00;0.00
29309053;13.45;15.45;18.00;0.00
29309054;13.45;15.45;18.00;0.00
29309057;13.45;23.28;18.00;0.00
29309059;13.45;15.45;18.00;0.00
29309061;13.45;15.45;18.00;0.00
29309069;13.45;15.45;18.00;0.00
29309071;13.45;15.45;18.00;0.00
29309072;13.45;23.28;18.00;0.00
29309079;13.45;15.45;18.00;0.00
29309081;13.45;15.45;18.00;0.00
29309082;13.45;15.45;18.00;0.00
29309083;13.45;15.45;18.00;0.00
29309084;13.45;15.45;18.00;0.00
29309085;13.45;15.45;18.00;0.00
29309086;13.45;15.45;18.00;0.00
29309087;13.45;15.45;18.00;0.00
29309088;13.45;15.45;18.00;0.00
29309089;13.45;15.45;18.00;0.00
29309091;13.45;15.45;18.00;0.00
29309093;13.45;22.27;18.00;0.00
29309094;13.45;15.45;18.00;0.00
29309095;13.45;15.45;18.00;0.00
29309096;13.45;22.27;18.00;0.00
29309097;13.45;22.27;18.00;0.00
29309098;13.45;22.27;18.00;0.00
29309099;13.45;15.45;18.00;0.00
29311000;13.45;15.45;18.00;0.00
29312000;13.45;15.45;18.00;0.00
29314100;13.45;22.27;18.00;0.00
29314200;13.45;22.27;18.00;0.00
29314300;13.45;22.27;18.00;0.00
29314400;13.45;22.27;18.00;0.00
29314500;13.45;22.27;18.00;0.00
29314600;13.45;22.27;18.00;0.00
29314700;13.45;22.27;18.00;0.00
29314800;13.45;22.27;18.00;0.00
29314911;13.45;22.27;18.00;0.00
29314912;13.45;15.45;18.00;0.00
29314913;13.45;23.28;18.00;0.00
29314914;13.45;18.01;18.00;0.00
29314915;13.45;15.45;18.00;0.00
29314916;13.45;15.45;18.00;0.00
29314920;13.45;22.27;18.00;0.00
29314931;13.45;22.27;18.00;0.00
29314932;13.45;22.27;18.00;0.00
29314939;13.45;22.27;18.00;0.00
29314940;13.45;22.27;18.00;0.00
29314990;13.45;22.27;18.00;0.00
29315100;13.45;22.27;18.00;0.00
29315200;13.45;22.27;18.00;0.00
29315300;13.45;22.27;18.00;0.00
29315400;13.45;22.27;18.00;0.00
29315911;13.45;15.45;18.00;0.00
29315912;13.45;15.45;18.00;0.00
29315913;13.45;15.45;18.00;0.00
29315991;13.45;22.27;18.00;0.00
29315992;13.45;22.27;18.00;0.00
29315993;13.45;22.27;18.00;0.00
29315994;13.45;22.27;18.00;0.00
29315995;13.45;22.27;18.00;0.00
29315996;13.45;22.27;18.00;0.00
29315998;13.45;22.27;18.00;0.00
29315999;13.45;22.27;18.00;0.00
29319021;13.45;15.45;18.00;0.00
29319029;13.45;15.45;18.00;0.00
29319041;13.45;15.45;18.00;0.00
29319042;13.45;15.45;18.00;0.00
29319043;13.45;15.45;18.00;0.00
29319044;13.45;15.45;18.00;0.00
29319045;13.45;22.27;18.00;0.00
29319046;13.45;22.27;18.00;0.00
29319049;13.45;15.45;18.00;0.00
29319051;13.45;15.45;18.00;0.00
29319052;13.45;15.45;18.00;0.00
29319053;13.45;15.45;18.00;0.00
29319054;13.45;15.45;18.00;0.00
29319059;13.45;15.45;18.00;0.00
29319061;13.45;15.45;18.00;0.00
29319062;13.45;22.27;18.00;0.00
29319069;13.45;15.45;18.00;0.00
29319090;13.45;15.45;18.00;0.00
29321100;13.45;15.45;18.00;0.00
29321200;13.45;22.27;18.00;0.00
29321310;13.45;22.27;18.00;0.00
29321320;13.45;15.45;18.00;0.00
29321400;13.45;15.45;18.00;0.00
29321910;13.45;15.45;18.00;0.00
29321920;13.45;15.45;18.00;0.00
29321930;13.45;23.28;18.00;0.00
29321940;13.45;22.27;18.00;0.00
29321950;13.45;22.27;18.00;0.00
29321990;13.45;15.45;18.00;0.00
29322000;13.45;15.45;18.00;0.00
29329100;13.45;15.45;18.00;0.00
29329200;13.45;15.45;18.00;0.00
29329300;13.45;22.27;18.00;0.00
29329400;13.45;15.45;18.00;0.00
29329500;13.45;15.45;18.00;0.00
29329600;13.45;15.45;18.00;0.00
29329911;13.45;22.27;18.00;0.00
29329912;13.45;23.28;18.00;0.00
29329913;13.45;15.45;18.00;0.00
29329991;13.45;23.28;18.00;0.00
29329992;13.45;15.45;18.00;0.00
29329993;13.45;23.28;18.00;0.00
29329994;13.45;15.45;18.00;0.00
29329999;13.45;15.45;18.00;0.00
29331111;13.45;15.45;18.00;0.00
29331112;13.45;15.45;18.00;0.00
29331119;13.45;15.45;18.00;0.00
29331120;13.45;15.45;18.00;0.00
29331190;13.45;15.45;18.00;0.00
29331911;13.45;15.45;18.00;0.00
29331919;13.45;15.45;18.00;0.00
29331990;13.45;15.45;18.00;0.00
29332110;13.45;15.45;18.00;0.00
29332121;13.45;23.28;18.00;0.00
29332129;13.45;15.45;18.00;0.00
29332190;13.45;15.45;18.00;0.00
29332911;13.45;15.45;18.00;0.00
29332912;13.45;23.28;18.00;0.00
29332913;13.45;23.28;18.00;0.00
29332919;13.45;15.45;18.00;0.00
29332921;13.45;23.28;18.00;0.00
29332922;13.45;23.28;18.00;0.00
29332923;13.45;15.45;18.00;0.00
29332924;13.45;15.45;18.00;0.00
29332925;13.45;15.45;18.00;0.00
29332929;13.45;15.45;18.00;0.00
29332930;13.45;15.45;18.00;0.00
29332940;13.45;22.27;18.00;0.00
29332991;13.45;15.45;18.00;0.00
29332992;13.45;15.45;18.00;0.00
29332993;13.45;15.45;18.00;0.00
29332994;13.45;22.27;18.00;0.00
29332995;13.45;22.27;18.00;0.00
29332999;13.45;15.45;18.00;0.00
29333110;13.45;15.45;18.00;0.00
29333120;13.45;15.45;18.00;0.00
29333200;13.45;15.45;18.00;0.00
29333311;13.45;15.45;18.00;0.00
29333312;13.45;15.45;18.00;0.00
29333319;13.45;15.45;18.00;0.00
29333321;13.45;15.45;18.00;0.00
29333322;13.45;22.27;18.00;0.00
29333329;13.45;15.45;18.00;0.00
29333331;13.45;15.45;18.00;0.00
29333332;13.45;15.45;18.00;0.00
29333339;13.45;15.45;18.00;0.00
29333341;13.45;15.45;18.00;0.00
29333342;13.45;23.28;18.00;0.00
29333349;13.45;15.45;18.00;0.00
29333351;13.45;15.45;18.00;0.00
29333352;13.45;15.45;18.00;0.00
29333359;13.45;15.45;18.00;0.00
29333361;13.45;15.45;18.00;0.00
29333362;13.45;15.45;18.00;0.00
29333363;13.45;15.45;18.00;0.00
29333369;13.45;15.45;18.00;0.00
29333371;13.45;15.45;18.00;0.00
29333372;13.45;15.45;18.00;0.00
29333379;13.45;15.45;18.00;0.00
29333381;13.45;15.45;18.00;0.00
29333382;13.45;15.45;18.00;0.00
29333383;13.45;15.45;18.00;0.00
29333384;13.45;23.28;18.00;0.00
29333389;13.45;15.45;18.00;0.00
29333391;13.45;15.45;18.00;0.00
29333392;13.45;15.45;18.00;0.00
29333393;13.45;15.45;18.00;0.00
29333394;13.45;15.45;18.00;0.00
29333399;13.45;15.45;18.00;0.00
29333400;13.45;15.45;18.00;0.00
29333500;13.45;15.45;18.00;0.00
29333600;13.45;15.45;18.00;0.00
29333700;13.45;15.45;18.00;0.00
29333912;13.45;22.27;18.00;0.00
29333913;13.45;15.45;18.00;0.00
29333914;13.45;15.45;18.00;0.00
29333915;13.45;15.45;18.00;0.00
29333919;13.45;15.45;18.00;0.00
29333921;13.45;15.45;18.00;0.00
29333922;13.45;15.45;18.00;0.00
29333923;13.45;23.28;18.00;0.00
29333924;13.45;23.28;18.00;0.00
29333925;13.45;23.28;18.00;0.00
29333929;13.45;15.45;18.00;0.00
29333931;13.45;23.28;18.00;0.00
29333932;13.45;15.45;18.00;0.00
29333933;13.45;15.45;18.00;0.00
29333934;13.45;15.45;18.00;0.00
29333935;13.45;23.28;18.00;0.00
29333936;13.45;15.45;18.00;0.00
29333937;13.45;15.45;18.00;0.00
29333939;13.45;15.45;18.00;0.00
29333941;13.45;15.45;18.00;0.00
29333942;13.45;15.45;18.00;0.00
29333943;13.45;23.28;18.00;0.00
29333944;13.45;23.28;18.00;0.00
29333945;13.45;23.28;18.00;0.00
29333946;13.45;15.45;18.00;0.00
29333948;13.45;22.27;18.00;0.00
29333949;13.45;15.45;18.00;0.00
29333981;13.45;23.28;18.00;0.00
29333982;13.45;23.28;18.00;0.00
29333983;13.45;23.28;18.00;0.00
29333984;13.45;22.27;18.00;0.00
29333989;13.45;15.45;18.00;0.00
29333991;13.45;15.45;18.00;0.00
29333992;13.45;15.45;18.00;0.00
29333993;13.45;15.45;18.00;0.00
29333994;13.45;15.45;18.00;0.00
29333999;13.45;15.45;18.00;0.00
29334110;13.45;15.45;18.00;0.00
29334120;13.45;15.45;18.00;0.00
29334911;13.45;15.45;18.00;0.00
29334912;13.45;15.45;18.00;0.00
29334913;13.45;23.28;18.00;0.00
29334919;13.45;15.45;18.00;0.00
29334920;13.45;15.45;18.00;0.00
29334930;13.45;15.45;18.00;0.00
29334940;13.45;15.45;18.00;0.00
29334990;13.45;15.45;18.00;0.00
29335200;13.45;15.45;18.00;0.00
29335311;13.45;15.45;18.00;0.00
29335312;13.45;15.45;18.00;0.00
29335321;13.45;15.45;18.00;0.00
29335322;13.45;15.45;18.00;0.00
29335323;13.45;15.45;18.00;0.00
29335330;13.45;15.45;18.00;0.00
29335340;13.45;23.28;18.00;0.00
29335350;13.45;15.45;18.00;0.00
29335360;13.45;15.45;18.00;0.00
29335371;13.45;15.45;18.00;0.00
29335372;13.45;15.45;18.00;0.00
29335380;13.45;15.45;18.00;0.00
29335400;13.45;15.45;18.00;0.00
29335510;13.45;15.45;18.00;0.00
29335520;13.45;15.45;18.00;0.00
29335530;13.45;15.45;18.00;0.00
29335540;13.45;15.45;18.00;0.00
29335911;13.45;15.45;18.00;0.00
29335912;13.45;23.28;18.00;0.00
29335913;13.45;15.45;18.00;0.00
29335914;13.45;15.45;18.00;0.00
29335915;13.45;22.27;18.00;0.00
29335916;13.45;15.45;18.00;0.00
29335919;13.45;15.45;18.00;0.00
29335921;13.45;23.28;18.00;0.00
29335922;13.45;15.45;18.00;0.00
29335923;13.45;15.45;18.00;0.00
29335929;13.45;15.45;18.00;0.00
29335931;13.45;23.28;18.00;0.00
29335932;13.45;15.45;18.00;0.00
29335933;13.45;15.45;18.00;0.00
29335934;13.45;23.28;18.00;0.00
29335935;13.45;23.28;18.00;0.00
29335939;13.45;15.45;18.00;0.00
29335941;13.45;23.28;18.00;0.00
29335942;13.45;15.45;18.00;0.00
29335943;13.45;15.45;18.00;0.00
29335944;13.45;23.28;18.00;0.00
29335945;13.45;20.15;18.00;0.00
29335949;13.45;15.45;18.00;0.00
29335991;13.45;15.45;18.00;0.00
29335992;13.45;23.28;18.00;0.00
29335999;13.45;15.45;18.00;0.00
29336100;13.45;15.45;18.00;0.00
29336911;13.45;15.45;18.00;0.00
29336912;13.45;15.45;18.00;0.00
29336913;13.45;15.45;18.00;0.00
29336914;13.45;22.27;18.00;0.00
29336915;13.45;15.45;18.00;0.00
29336916;13.45;15.45;18.00;0.00
29336919;13.45;15.45;18.00;0.00
29336921;13.45;23.28;18.00;0.00
29336922;13.45;15.45;18.00;0.00
29336923;13.45;15.45;18.00;0.00
29336929;13.45;15.45;18.00;0.00
29336991;13.45;15.45;18.00;0.00
29336992;13.45;23.28;18.00;0.00
29336999;13.45;15.45;18.00;0.00
29337100;13.45;15.45;18.00;0.00
29337210;13.45;15.45;18.00;0.00
29337220;13.45;15.45;18.00;0.00
29337910;13.45;15.45;18.00;0.00
29337990;13.45;15.45;18.00;0.00
29339111;13.45;22.27;18.00;0.00
29339112;13.45;15.45;18.00;0.00
29339113;13.45;15.45;18.00;0.00
29339114;13.45;15.45;18.00;0.00
29339115;13.45;22.27;18.00;0.00
29339119;13.45;15.45;18.00;0.00
29339121;13.45;15.45;18.00;0.00
29339122;13.45;23.28;18.00;0.00
29339123;13.45;15.45;18.00;0.00
29339129;13.45;15.45;18.00;0.00
29339131;13.45;15.45;18.00;0.00
29339132;13.45;15.45;18.00;0.00
29339133;13.45;15.45;18.00;0.00
29339134;13.45;15.45;18.00;0.00
29339139;13.45;15.45;18.00;0.00
29339141;13.45;15.45;18.00;0.00
29339142;13.45;15.45;18.00;0.00
29339143;13.45;15.45;18.00;0.00
29339149;13.45;15.45;18.00;0.00
29339151;13.45;23.28;18.00;0.00
29339152;13.45;15.45;18.00;0.00
29339153;13.45;23.28;18.00;0.00
29339159;13.45;15.45;18.00;0.00
29339161;13.45;15.45;18.00;0.00
29339162;13.45;15.45;18.00;0.00
29339163;13.45;15.45;18.00;0.00
29339164;13.45;15.45;18.00;0.00
29339169;13.45;15.45;18.00;0.00
29339171;13.45;15.45;18.00;0.00
29339172;13.45;15.45;18.00;0.00
29339173;13.45;15.45;18.00;0.00
29339179;13.45;15.45;18.00;0.00
29339181;13.45;15.45;18.00;0.00
29339182;13.45;15.45;18.00;0.00
29339183;13.45;22.27;18.00;0.00
29339189;13.45;15.45;18.00;0.00
29339200;13.45;15.45;18.00;0.00
29339911;13.45;23.28;18.00;0.00
29339912;13.45;15.45;18.00;0.00
29339913;13.45;15.45;18.00;0.00
29339919;13.45;22.27;18.00;0.00
29339920;13.45;15.45;18.00;0.00
29339931;13.45;15.45;18.00;0.00
29339932;13.45;23.28;18.00;0.00
29339933;13.45;15.45;18.00;0.00
29339934;13.45;15.45;18.00;0.00
29339935;13.45;15.45;18.00;0.00
29339939;13.45;15.45;18.00;0.00
29339941;13.45;15.45;18.00;0.00
29339942;13.45;15.45;18.00;0.00
29339943;13.45;15.45;18.00;0.00
29339944;13.45;15.45;18.00;0.00
29339945;13.45;15.45;18.00;0.00
29339946;13.45;23.28;18.00;0.00
29339947;13.45;15.45;18.00;0.00
29339949;13.45;15.45;18.00;0.00
29339951;13.45;15.45;18.00;0.00
29339952;13.45;23.28;18.00;0.00
29339953;13.45;23.28;18.00;0.00
29339954;13.45;23.28;18.00;0.00
29339955;13.45;23.28;18.00;0.00
29339956;13.45;23.28;18.00;0.00
29339959;13.45;15.45;18.00;0.00
29339961;13.45;15.45;18.00;0.00
29339962;13.45;15.45;18.00;0.00
29339963;13.45;15.45;18.00;0.00
29339969;13.45;15.45;18.00;0.00
29339991;13.45;15.45;18.00;0.00
29339992;13.45;15.45;18.00;0.00
29339993;13.45;23.28;18.00;0.00
29339995;13.45;23.28;18.00;0.00
29339996;13.45;22.27;18.00;0.00
29339999;13.45;15.45;18.00;0.00
29341010;13.45;15.45;18.00;0.00
29341020;13.45;23.28;18.00;0.00
29341030;13.45;15.45;18.00;0.00
29341090;13.45;15.45;18.00;0.00
29342010;13.45;23.28;18.00;0.00
29342020;13.45;23.28;18.00;0.00
29342031;13.45;15.45;18.00;0.00
29342032;13.45;15.45;18.00;0.00
29342033;13.45;23.28;18.00;0.00
29342034;13.45;23.28;18.00;0.00
29342039;13.45;23.28;18.00;0.00
29342040;13.45;23.28;18.00;0.00
29342090;13.45;15.45;18.00;0.00
29343010;13.45;15.45;18.00;0.00
29343020;13.45;22.27;18.00;0.00
29343030;13.45;15.45;18.00;0.00
29343090;13.45;15.45;18.00;0.00
29349111;13.45;15.45;18.00;0.00
29349112;13.45;15.45;18.00;0.00
29349121;13.45;15.45;18.00;0.00
29349122;13.45;22.27;18.00;0.00
29349123;13.45;15.45;18.00;0.00
29349129;13.45;15.45;18.00;0.00
29349131;13.45;15.45;18.00;0.00
29349132;13.45;15.45;18.00;0.00
29349133;13.45;15.45;18.00;0.00
29349141;13.45;23.28;18.00;0.00
29349142;13.45;15.45;18.00;0.00
29349149;13.45;15.45;18.00;0.00
29349150;13.45;15.45;18.00;0.00
29349160;13.45;15.45;18.00;0.00
29349170;13.45;15.45;18.00;0.00
29349200;13.45;15.45;18.00;0.00
29349911;13.45;15.45;18.00;0.00
29349912;13.45;15.45;18.00;0.00
29349913;13.45;15.45;18.00;0.00
29349914;13.45;15.45;18.00;0.00
29349915;13.45;23.28;18.00;0.00
29349919;13.45;15.45;18.00;0.00
29349922;13.45;22.27;18.00;0.00
29349923;13.45;15.45;18.00;0.00
29349924;13.45;22.27;18.00;0.00
29349925;13.45;15.45;18.00;0.00
29349926;13.45;15.45;18.00;0.00
29349927;13.45;22.27;18.00;0.00
29349929;13.45;15.45;18.00;0.00
29349931;13.45;23.28;18.00;0.00
29349932;13.45;15.45;18.00;0.00
29349933;13.45;23.28;18.00;0.00
29349934;13.45;23.28;18.00;0.00
29349935;13.45;15.45;18.00;0.00
29349939;13.45;15.45;18.00;0.00
29349941;13.45;15.45;18.00;0.00
29349942;13.45;17.88;18.00;0.00
29349943;13.45;15.45;18.00;0.00
29349944;13.45;15.45;18.00;0.00
29349945;13.45;15.45;18.00;0.00
29349946;13.45;23.28;18.00;0.00
29349949;13.45;15.45;18.00;0.00
29349951;13.45;15.45;18.00;0.00
29349952;13.45;15.45;18.00;0.00
29349953;13.45;15.45;18.00;0.00
29349954;13.45;23.28;18.00;0.00
29349959;13.45;15.45;18.00;0.00
29349961;13.45;22.27;18.00;0.00
29349969;13.45;15.45;18.00;0.00
29349991;13.45;15.45;18.00;0.00
29349992;13.45;15.45;18.00;0.00
29349993;13.45;22.27;18.00;0.00
29349999;13.45;15.45;18.00;0.00
29351000;13.45;15.45;18.00;0.00
29352000;13.45;15.45;18.00;0.00
29353000;13.45;15.45;18.00;0.00
29354000;13.45;15.45;18.00;0.00
29355000;13.45;15.45;18.00;0.00
29359011;13.45;23.28;18.00;0.00
29359012;13.45;15.45;18.00;0.00
29359013;13.45;15.45;18.00;0.00
29359014;13.45;15.45;18.00;0.00
29359015;13.45;15.45;18.00;0.00
29359019;13.45;15.45;18.00;0.00
29359021;13.45;23.28;18.00;0.00
29359022;13.45;23.28;18.00;0.00
29359023;13.45;22.27;18.00;0.00
29359024;13.45;22.27;18.00;0.00
29359025;13.45;23.28;18.00;0.00
29359029;13.45;15.45;18.00;0.00
29359091;13.45;15.45;18.00;0.00
29359092;13.45;23.28;18.00;0.00
29359093;13.45;23.28;18.00;0.00
29359094;13.45;15.45;18.00;0.00
29359095;13.45;15.45;18.00;0.00
29359096;13.45;15.45;18.00;0.00
29359099;13.45;15.45;18.00;0.00
29362111;13.45;15.45;18.00;0.00
29362112;13.45;15.45;18.00;0.00
29362113;13.45;15.45;18.00;0.00
29362119;13.45;15.45;18.00;0.00
29362190;13.45;15.45;18.00;0.00
29362210;13.45;15.45;18.00;0.00
29362220;13.45;15.45;18.00;0.00
29362290;13.45;15.45;18.00;0.00
29362310;13.45;15.45;18.00;0.00
29362320;13.45;15.45;18.00;0.00
29362390;13.45;15.45;18.00;0.00
29362410;13.45;15.45;18.00;0.00
29362490;13.45;15.45;18.00;0.00
29362510;13.45;15.45;18.00;0.00
29362520;13.45;15.45;18.00;0.00
29362590;13.45;15.45;18.00;0.00
29362610;13.45;23.28;18.00;0.00
29362620;13.45;15.45;18.00;0.00
29362630;13.45;23.28;18.00;0.00
29362690;13.45;15.45;18.00;0.00
29362710;13.45;15.45;18.00;0.00
29362720;13.45;15.45;18.00;0.00
29362790;13.45;15.45;18.00;0.00
29362811;13.45;15.45;18.00;0.00
29362812;13.45;15.45;18.00;0.00
29362819;13.45;15.45;18.00;0.00
29362890;13.45;15.45;18.00;0.00
29362911;13.45;15.45;18.00;0.00
29362919;13.45;15.45;18.00;0.00
29362921;13.45;15.45;18.00;0.00
29362929;13.45;15.45;18.00;0.00
29362931;13.45;15.45;18.00;0.00
29362939;13.45;15.45;18.00;0.00
29362940;13.45;15.45;18.00;0.00
29362951;13.45;15.45;18.00;0.00
29362952;13.45;15.45;18.00;0.00
29362953;13.45;15.45;18.00;0.00
29362959;13.45;23.28;18.00;0.00
29362990;13.45;15.45;18.00;0.00
29369000;13.45;15.45;18.00;0.00
29371100;13.45;15.45;18.00;0.00
29371200;13.45;23.28;18.00;0.00
29371910;13.45;15.45;18.00;0.00
29371920;13.45;23.28;18.00;0.00
29371930;13.45;15.45;18.00;0.00
29371940;13.45;15.45;18.00;0.00
29371950;13.45;22.27;18.00;0.00
29371990;13.45;15.45;18.00;0.00
29372110;13.45;15.45;18.00;0.00
29372120;13.45;15.45;18.00;0.00
29372130;13.45;15.45;18.00;0.00
29372140;13.45;15.45;18.00;0.00
29372210;13.45;15.45;18.00;0.00
29372221;13.45;15.45;18.00;0.00
29372229;13.45;15.45;18.00;0.00
29372231;13.45;15.45;18.00;0.00
29372239;13.45;15.45;18.00;0.00
29372290;13.45;15.45;18.00;0.00
29372310;13.45;15.45;18.00;0.00
29372321;13.45;15.45;18.00;0.00
29372322;13.45;15.45;18.00;0.00
29372329;13.45;15.45;18.00;0.00
29372331;13.45;22.27;18.00;0.00
29372339;13.45;15.45;18.00;0.00
29372341;13.45;23.28;18.00;0.00
29372342;13.45;23.28;18.00;0.00
29372349;13.45;15.45;18.00;0.00
29372351;13.45;22.27;18.00;0.00
29372359;13.45;15.45;18.00;0.00
29372360;13.45;22.27;18.00;0.00
29372370;13.45;22.27;18.00;0.00
29372391;13.45;15.45;18.00;0.00
29372392;13.45;23.28;18.00;0.00
29372399;13.45;15.45;18.00;0.00
29372910;13.45;15.45;18.00;0.00
29372920;13.45;15.45;18.00;0.00
29372931;13.45;15.45;18.00;0.00
29372939;13.45;15.45;18.00;0.00
29372940;13.45;15.45;18.00;0.00
29372950;13.45;23.28;18.00;0.00
29372960;13.45;15.45;18.00;0.00
29372990;13.45;15.45;18.00;0.00
29375000;13.45;15.45;18.00;0.00
29379010;13.45;23.28;18.00;0.00
29379030;13.45;22.27;18.00;0.00
29379040;13.45;22.27;18.00;0.00
29379090;13.45;15.45;18.00;0.00
29381000;13.45;22.27;18.00;0.00
29389010;13.45;15.45;18.00;0.00
29389020;13.45;23.28;18.00;0.00
29389090;13.45;15.45;18.00;0.00
29391110;13.45;15.45;18.00;0.00
29391121;13.45;15.45;18.00;0.00
29391122;13.45;22.27;18.00;0.00
29391123;13.45;15.45;18.00;0.00
29391131;13.45;15.45;18.00;0.00
29391132;13.45;15.45;18.00;0.00
29391140;13.45;15.45;18.00;0.00
29391151;13.45;15.45;18.00;0.00
29391152;13.45;15.45;18.00;0.00
29391153;13.45;15.45;18.00;0.00
29391161;13.45;15.45;18.00;0.00
29391162;13.45;15.45;18.00;0.00
29391169;13.45;15.45;18.00;0.00
29391170;13.45;15.45;18.00;0.00
29391181;13.45;15.45;18.00;0.00
29391182;13.45;15.45;18.00;0.00
29391191;13.45;15.45;18.00;0.00
29391192;13.45;15.45;18.00;0.00
29391900;13.45;15.45;18.00;0.00
29392000;13.45;15.45;18.00;0.00
29393010;13.45;15.45;18.00;0.00
29393020;13.45;15.45;18.00;0.00
29394100;13.45;15.45;18.00;0.00
29394200;13.45;15.45;18.00;0.00
29394300;13.45;15.45;18.00;0.00
29394400;13.45;15.45;18.00;0.00
29394510;13.45;15.45;18.00;0.00
29394520;13.45;15.45;18.00;0.00
29394530;13.45;15.45;18.00;0.00
29394900;13.45;15.45;18.00;0.00
29395100;13.45;15.45;18.00;0.00
29395910;13.45;15.45;18.00;0.00
29395920;13.45;15.45;18.00;0.00
29395990;13.45;15.45;18.00;0.00
29396100;13.45;15.45;18.00;0.00
29396200;13.45;15.45;18.00;0.00
29396300;13.45;15.45;18.00;0.00
29396911;13.45;15.45;18.00;0.00
29396919;13.45;15.45;18.00;0.00
29396921;13.45;15.45;18.00;0.00
29396929;13.45;15.45;18.00;0.00
29396931;13.45;15.45;18.00;0.00
29396939;13.45;15.45;18.00;0.00
29396941;13.45;15.45;18.00;0.00
29396942;13.45;15.45;18.00;0.00
29396949;13.45;15.45;18.00;0.00
29396951;13.45;15.45;18.00;0.00
29396952;13.45;15.45;18.00;0.00
29396959;13.45;15.45;18.00;0.00
29396990;13.45;15.45;18.00;0.00
29397210;13.45;15.45;18.00;0.00
29397220;13.45;15.45;18.00;0.00
29397290;13.45;15.45;18.00;0.00
29397911;13.45;15.45;18.00;0.00
29397919;13.45;15.45;18.00;0.00
29397920;13.45;15.45;18.00;0.00
29397931;13.45;23.28;18.00;0.00
29397939;13.45;15.45;18.00;0.00
29397940;13.45;23.28;18.00;0.00
29397990;13.45;15.45;18.00;0.00
29398010;13.45;20.15;18.00;0.00
29398090;13.45;15.45;18.00;0.00
29400011;13.45;15.45;18.00;0.00
29400012;13.45;23.28;18.00;0.00
29400013;13.45;23.28;18.00;0.00
29400019;13.45;15.45;18.00;0.00
29400021;13.45;22.27;18.00;0.00
29400022;13.45;22.27;18.00;0.00
29400023;13.45;15.45;18.00;0.00
29400029;13.45;15.45;18.00;0.00
29400092;13.45;15.45;18.00;0.00
29400093;13.45;23.28;18.00;0.00
29400094;13.45;15.45;18.00;0.00
29400099;13.45;15.45;18.00;0.00
29411010;13.45;15.45;18.00;0.00
29411020;13.45;15.45;18.00;0.00
29411031;13.45;15.45;18.00;0.00
29411039;13.45;15.45;18.00;0.00
29411041;13.45;15.45;18.00;0.00
29411042;13.45;23.28;18.00;0.00
29411043;13.45;15.45;18.00;0.00
29411049;13.45;15.45;18.00;0.00
29411090;13.45;15.45;18.00;0.00
29412010;13.45;15.45;18.00;0.00
29412090;13.45;15.45;18.00;0.00
29413010;13.45;15.45;18.00;0.00
29413020;13.45;15.45;18.00;0.00
29413031;13.45;15.45;18.00;0.00
29413032;13.45;15.45;18.00;0.00
29413090;13.45;15.45;18.00;0.00
29414011;13.45;15.45;18.00;0.00
29414019;13.45;15.45;18.00;0.00
29414020;13.45;15.45;18.00;0.00
29414090;13.45;15.45;18.00;0.00
29415010;13.45;15.45;18.00;0.00
29415020;13.45;23.28;18.00;0.00
29415090;13.45;15.45;18.00;0.00
29419011;13.45;15.45;18.00;0.00
29419012;13.45;15.45;18.00;0.00
29419013;13.45;15.45;18.00;0.00
29419019;13.45;15.45;18.00;0.00
29419021;13.45;15.45;18.00;0.00
29419022;13.45;15.45;18.00;0.00
29419029;13.45;15.45;18.00;0.00
29419031;13.45;15.45;18.00;0.00
29419032;13.45;15.45;18.00;0.00
29419033;13.45;23.28;18.00;0.00
29419034;13.45;15.45;18.00;0.00
29419035;13.45;15.45;18.00;0.00
29419036;13.45;15.45;18.00;0.00
29419037;13.45;15.45;18.00;0.00
29419039;13.45;15.45;18.00;0.00
29419041;13.45;15.45;18.00;0.00
29419042;13.45;15.45;18.00;0.00
29419043;13.45;23.28;18.00;0.00
29419049;13.45;15.45;18.00;0.00
29419051;13.45;15.45;18.00;0.00
29419059;13.45;15.45;18.00;0.00
29419061;13.45;15.45;18.00;0.00
29419062;13.45;15.45;18.00;0.00
29419069;13.45;15.45;18.00;0.00
29419071;13.45;15.45;18.00;0.00
29419072;13.45;15.45;18.00;0.00
29419073;13.45;15.45;18.00;0.00
29419079;13.45;15.45;18.00;0.00
29419081;13.45;15.45;18.00;0.00
29419082;13.45;15.45;18.00;0.00
29419083;13.45;15.45;18.00;0.00
29419089;13.45;15.45;18.00;0.00
29419091;13.45;15.45;18.00;0.00
29419092;13.45;15.45;18.00;0.00
29419099;13.45;15.45;18.00;0.00
29420000;13.45;15.45;18.00;0.00
3001;13.45;15.45;0.00;2.95
30012010;13.45;19.04;7.00;0.00
30012090;13.45;19.04;7.00;0.00
30019010;13.45;20.15;7.00;0.00
30019020;13.45;15.45;7.00;0.00
30019031;13.45;17.88;7.00;0.00
30019039;13.45;17.88;7.00;0.00
30019090;13.45;15.45;7.00;0.00
30021211;13.45;20.15;18.00;0.00
30021212;13.45;17.88;18.00;0.00
30021213;13.45;17.88;18.00;0.00
30021214;13.45;17.88;18.00;0.00
30021215;13.45;17.88;18.00;0.00
30021216;13.45;17.88;18.00;0.00
30021219;13.45;15.45;18.00;0.00
30021221;13.45;15.45;18.00;0.00
30021222;13.45;15.45;18.00;0.00
30021223;13.45;15.45;18.00;0.00
30021224;13.45;15.45;18.00;0.00
30021229;13.45;15.45;18.00;0.00
30021231;13.45;15.45;18.00;0.00
30021232;13.45;15.45;18.00;0.00
30021233;13.45;15.45;18.00;0.00
30021234;13.45;20.15;18.00;0.00
30021235;13.45;15.45;18.00;0.00
30021236;13.45;18.14;18.00;0.00
30021239;13.45;15.45;18.00;0.00
30021300;13.45;15.45;18.00;0.00
30021400;13.45;15.45;18.00;0.00
30021510;13.45;15.45;18.00;0.00
30021520;13.45;15.45;18.00;0.00
30021590;13.45;15.45;18.00;0.00
30024111;13.45;15.45;18.00;0.00
30024112;13.45;15.45;18.00;0.00
30024113;13.45;15.45;18.00;0.00
30024114;13.45;15.45;18.00;0.00
30024115;13.45;15.45;18.00;0.00
30024116;13.45;15.45;18.00;0.00
30024117;13.45;17.88;18.00;0.00
30024118;13.45;15.45;18.00;0.00
30024119;13.45;15.45;18.00;0.00
30024121;13.45;15.45;18.00;0.00
30024122;13.45;15.45;18.00;0.00
30024123;13.45;15.45;18.00;0.00
30024124;13.45;15.45;18.00;0.00
30024125;13.45;15.45;18.00;0.00
30024126;13.45;15.45;18.00;0.00
30024127;13.45;15.45;18.00;0.00
30024128;13.45;17.88;18.00;0.00
30024129;13.45;15.45;18.00;0.00
30024210;13.45;17.88;18.00;0.00
30024220;13.45;17.88;18.00;0.00
30024230;13.45;17.88;18.00;0.00
30024240;13.45;17.88;18.00;0.00
30024250;13.45;17.88;18.00;0.00
30024260;13.45;17.88;18.00;0.00
30024270;13.45;17.88;18.00;0.00
30024280;13.45;17.88;18.00;0.00
30024290;13.45;15.45;18.00;0.00
30024910;13.45;17.88;18.00;0.00
30024920;13.45;17.88;18.00;0.00
30024991;13.45;17.88;18.00;0.00
30024992;13.45;17.88;18.00;0.00
30024994;13.45;20.15;18.00;0.00
30024999;13.45;20.15;18.00;0.00
30025100;13.45;17.88;18.00;0.00
30025900;13.45;20.15;18.00;0.00
30029000;13.45;20.15;18.00;0.00
30031011;13.45;23.28;12.00;0.00
30031012;13.45;20.15;12.00;0.00
30031013;13.45;23.28;12.00;0.00
30031014;13.45;20.15;12.00;0.00
30031015;13.45;20.15;12.00;0.00
30031019;13.45;20.15;12.00;0.00
30031020;13.45;20.15;12.00;0.00
30032011;13.45;20.15;12.00;0.00
30032019;13.45;20.15;12.00;0.00
30032021;13.45;23.28;12.00;0.00
30032029;13.45;20.15;12.00;0.00
30032031;13.45;20.15;12.00;0.00
30032032;13.45;20.15;12.00;0.00
30032039;13.45;20.15;12.00;0.00
30032041;13.45;23.28;12.00;0.00
30032049;13.45;20.15;12.00;0.00
30032051;13.45;23.28;12.00;0.00
30032052;13.45;23.28;12.00;0.00
30032059;13.45;20.15;12.00;0.00
30032061;13.45;23.28;12.00;0.00
30032062;13.45;15.45;12.00;0.00
30032063;13.45;15.45;12.00;0.00
30032069;13.45;20.15;12.00;0.00
30032071;13.45;20.15;12.00;0.00
30032072;13.45;15.45;12.00;0.00
30032073;13.45;15.45;12.00;0.00
30032079;13.45;20.15;12.00;0.00
30032091;13.45;15.45;12.00;0.00
30032092;13.45;20.15;12.00;0.00
30032093;13.45;15.45;12.00;0.00
30032094;13.45;15.45;12.00;0.00
30032095;13.45;15.45;12.00;0.00
30032099;13.45;20.15;12.00;0.00
30033100;13.45;23.28;12.00;0.00
30033911;13.45;15.45;12.00;0.00
30033912;13.45;23.28;12.00;0.00
30033913;13.45;23.28;12.00;0.00
30033914;13.45;20.15;12.00;0.00
30033915;13.45;20.15;12.00;0.00
30033916;13.45;15.45;12.00;0.00
30033917;13.45;15.45;12.00;0.00
30033918;13.45;15.45;12.00;0.00
30033919;13.45;15.45;12.00;0.00
30033921;13.45;15.45;12.00;0.00
30033922;13.45;23.28;12.00;0.00
30033923;13.45;23.28;12.00;0.00
30033924;13.45;15.45;12.00;0.00
30033925;13.45;15.45;12.00;0.00
30033926;13.45;15.45;12.00;0.00
30033927;13.45;15.45;12.00;0.00
30033929;13.45;20.15;12.00;0.00
30033931;13.45;23.28;12.00;0.00
30033932;13.45;23.28;12.00;0.00
30033933;13.45;23.28;12.00;0.00
30033934;13.45;23.28;12.00;0.00
30033935;13.45;23.28;12.00;0.00
30033936;13.45;15.45;12.00;0.00
30033937;13.45;23.28;12.00;0.00
30033939;13.45;20.15;12.00;0.00
30033981;13.45;22.27;12.00;0.00
30033982;13.45;22.27;12.00;0.00
30033991;13.45;15.45;12.00;0.00
30033992;13.45;23.28;12.00;0.00
30033994;13.45;23.28;12.00;0.00
30033995;13.45;15.45;12.00;0.00
30033999;13.45;20.15;12.00;0.00
30034100;13.45;20.15;12.00;0.00
30034200;13.45;20.15;12.00;0.00
30034300;13.45;20.15;12.00;0.00
30034910;13.45;15.45;12.00;0.00
30034920;13.45;23.28;12.00;0.00
30034930;13.45;20.15;12.00;0.00
30034940;13.45;23.28;12.00;0.00
30034950;13.45;15.45;12.00;0.00
30034990;13.45;20.15;12.00;0.00
30036000;13.45;20.15;12.00;0.00
30039011;13.45;20.15;12.00;0.00
30039012;13.45;23.28;12.00;0.00
30039013;13.45;23.28;12.00;0.00
30039014;13.45;23.28;12.00;0.00
30039015;13.45;20.15;12.00;0.00
30039016;13.45;20.15;12.00;0.00
30039017;13.45;20.15;12.00;0.00
30039019;13.45;20.15;12.00;0.00
30039021;13.45;15.45;12.00;0.00
30039022;13.45;15.45;12.00;0.00
30039023;13.45;15.45;12.00;0.00
30039024;13.45;15.45;12.00;0.00
30039025;13.45;15.45;12.00;0.00
30039029;13.45;20.15;12.00;0.00
30039031;13.45;23.28;12.00;0.00
30039032;13.45;23.28;12.00;0.00
30039033;13.45;23.28;12.00;0.00
30039034;13.45;23.28;12.00;0.00
30039035;13.45;23.28;12.00;0.00
30039036;13.45;23.28;12.00;0.00
30039037;13.45;23.28;12.00;0.00
30039038;13.45;15.45;12.00;0.00
30039039;13.45;20.15;12.00;0.00
30039041;13.45;23.28;12.00;0.00
30039042;13.45;23.28;12.00;0.00
30039043;13.45;23.28;12.00;0.00
30039044;13.45;23.28;12.00;0.00
30039045;13.45;23.28;12.00;0.00
30039046;13.45;23.28;12.00;0.00
30039047;13.45;23.28;12.00;0.00
30039048;13.45;15.45;12.00;0.00
30039049;13.45;20.15;12.00;0.00
30039051;13.45;23.28;12.00;0.00
30039052;13.45;23.28;12.00;0.00
30039053;13.45;23.28;12.00;0.00
30039054;13.45;23.28;12.00;0.00
30039055;13.45;23.28;12.00;0.00
30039056;13.45;23.28;12.00;0.00
30039057;13.45;23.28;12.00;0.00
30039058;13.45;15.45;12.00;0.00
30039059;13.45;20.15;12.00;0.00
30039061;13.45;23.28;12.00;0.00
30039062;13.45;20.15;12.00;0.00
30039063;13.45;23.28;12.00;0.00
30039064;13.45;23.28;12.00;0.00
30039065;13.45;23.28;12.00;0.00
30039066;13.45;15.45;12.00;0.00
30039067;13.45;23.28;12.00;0.00
30039069;13.45;20.15;12.00;0.00
30039071;13.45;23.28;12.00;0.00
30039072;13.45;23.28;12.00;0.00
30039073;13.45;23.28;12.00;0.00
30039074;13.45;23.28;12.00;0.00
30039075;13.45;23.28;12.00;0.00
30039076;13.45;23.28;12.00;0.00
30039077;13.45;23.28;12.00;0.00
30039078;13.45;15.45;12.00;0.00
30039079;13.45;20.15;12.00;0.00
30039081;13.45;20.15;12.00;0.00
30039082;13.45;23.28;12.00;0.00
30039083;13.45;23.28;12.00;0.00
30039084;13.45;23.28;12.00;0.00
30039085;13.45;23.28;12.00;0.00
30039086;13.45;23.28;12.00;0.00
30039087;13.45;23.28;12.00;0.00
30039088;13.45;15.45;12.00;0.00
30039089;13.45;20.15;12.00;0.00
30039091;13.45;20.15;12.00;0.00
30039092;13.45;23.28;12.00;0.00
30039093;13.45;23.28;12.00;0.00
30039094;13.45;20.15;12.00;0.00
30039095;13.45;15.45;12.00;0.00
30039096;13.45;23.28;12.00;0.00
30039097;13.45;23.28;12.00;0.00
30039099;13.45;20.15;12.00;0.00
30041011;13.45;23.28;12.00;0.00
30041012;13.45;20.15;12.00;0.00
30041013;13.45;23.28;12.00;0.00
30041014;13.45;23.28;12.00;0.00
30041015;13.45;23.28;12.00;0.00
30041019;13.45;20.15;12.00;0.00
30041020;13.45;20.15;12.00;0.00
30042011;13.45;20.15;12.00;0.00
30042019;13.45;20.15;12.00;0.00
30042021;13.45;23.28;12.00;0.00
30042029;13.45;20.15;12.00;0.00
30042031;13.45;20.15;12.00;0.00
30042032;13.45;20.15;12.00;0.00
30042039;13.45;20.15;12.00;0.00
30042041;13.45;23.28;12.00;0.00
30042049;13.45;20.15;12.00;0.00
30042051;13.45;23.28;12.00;0.00
30042052;13.45;23.28;12.00;0.00
30042059;13.45;20.15;12.00;0.00
30042061;13.45;23.28;12.00;0.00
30042062;13.45;15.45;12.00;0.00
30042063;13.45;15.45;12.00;0.00
30042069;13.45;20.15;12.00;0.00
30042071;13.45;20.15;12.00;0.00
30042072;13.45;15.45;12.00;0.00
30042073;13.45;15.45;12.00;0.00
30042079;13.45;20.15;12.00;0.00
30042091;13.45;15.45;12.00;0.00
30042092;13.45;20.15;12.00;0.00
30042093;13.45;15.45;12.00;0.00
30042094;13.45;15.45;12.00;0.00
30042095;13.45;15.45;12.00;0.00
30042099;13.45;20.15;12.00;0.00
30043100;13.45;23.28;12.00;0.00
30043210;13.45;23.28;12.00;0.00
30043220;13.45;23.28;12.00;0.00
30043290;13.45;20.15;12.00;0.00
30043911;13.45;15.45;12.00;0.00
30043912;13.45;23.28;12.00;0.00
30043913;13.45;20.15;12.00;0.00
30043914;13.45;20.15;12.00;0.00
30043915;13.45;20.15;12.00;0.00
30043916;13.45;15.45;12.00;0.00
30043917;13.45;15.45;12.00;0.00
30043918;13.45;15.45;12.00;0.00
30043919;13.45;15.45;12.00;0.00
30043921;13.45;15.45;12.00;0.00
30043922;13.45;23.28;12.00;0.00
30043923;13.45;23.28;12.00;0.00
30043924;13.45;15.45;12.00;0.00
30043925;13.45;20.15;12.00;0.00
30043926;13.45;15.45;12.00;0.00
30043927;13.45;15.45;12.00;0.00
30043928;13.45;15.45;12.00;0.00
30043929;13.45;20.15;12.00;0.00
30043931;13.45;23.28;12.00;0.00
30043932;13.45;23.28;12.00;0.00
30043933;13.45;23.28;12.00;0.00
30043934;13.45;23.28;12.00;0.00
30043935;13.45;23.28;12.00;0.00
30043936;13.45;15.45;12.00;0.00
30043937;13.45;23.28;12.00;0.00
30043939;13.45;20.15;12.00;0.00
30043981;13.45;22.27;12.00;0.00
30043982;13.45;22.27;12.00;0.00
30043991;13.45;15.45;12.00;0.00
30043992;13.45;23.28;12.00;0.00
30043994;13.45;15.45;12.00;0.00
30043999;13.45;20.15;12.00;0.00
30044100;13.45;20.15;12.00;0.00
30044200;13.45;20.15;12.00;0.00
30044300;13.45;20.15;12.00;0.00
30044910;13.45;15.45;12.00;0.00
30044920;13.45;23.28;12.00;0.00
30044930;13.45;20.15;12.00;0.00
30044940;13.45;23.28;12.00;0.00
30044950;13.45;15.45;12.00;0.00
30044990;13.45;20.15;12.00;0.00
30045010;13.45;20.15;12.00;0.00
30045020;13.45;23.28;12.00;0.00
30045030;13.45;23.28;12.00;0.00
30045040;13.45;23.28;12.00;0.00
30045050;13.45;20.15;12.00;0.00
30045060;13.45;20.15;12.00;0.00
30045090;13.45;20.15;12.00;0.00
30046000;13.45;20.15;12.00;0.00
30049011;13.45;15.45;12.00;0.00
30049012;13.45;15.45;12.00;0.00
30049013;13.45;15.45;12.00;0.00
30049014;13.45;15.45;12.00;0.00
30049015;13.45;15.45;12.00;0.00
30049019;13.45;15.45;12.00;0.00
30049021;13.45;23.28;12.00;0.00
30049022;13.45;23.28;12.00;0.00
30049023;13.45;23.28;12.00;0.00
30049024;13.45;23.28;12.00;0.00
30049025;13.45;23.28;12.00;0.00
30049026;13.45;23.28;12.00;0.00
30049027;13.45;15.45;12.00;0.00
30049028;13.45;15.45;12.00;0.00
30049029;13.45;20.15;12.00;0.00
30049031;13.45;23.28;12.00;0.00
30049032;13.45;23.28;12.00;0.00
30049033;13.45;23.28;12.00;0.00
30049034;13.45;23.28;12.00;0.00
30049035;13.45;23.28;12.00;0.00
30049036;13.45;23.28;12.00;0.00
30049037;13.45;23.28;12.00;0.00
30049038;13.45;15.45;12.00;0.00
30049039;13.45;20.15;12.00;0.00
30049041;13.45;23.28;12.00;0.00
30049042;13.45;23.28;12.00;0.00
30049043;13.45;23.28;12.00;0.00
30049044;13.45;23.28;12.00;0.00
30049045;13.45;23.28;12.00;0.00
30049046;13.45;23.28;12.00;0.00
30049047;13.45;23.28;12.00;0.00
30049048;13.45;15.45;12.00;0.00
30049049;13.45;20.15;12.00;0.00
30049051;13.45;23.28;12.00;0.00
30049052;13.45;20.15;12.00;0.00
30049053;13.45;23.28;12.00;0.00
30049054;13.45;23.28;12.00;0.00
30049055;13.45;23.28;12.00;0.00
30049057;13.45;23.28;12.00;0.00
30049058;13.45;15.45;12.00;0.00
30049059;13.45;20.15;12.00;0.00
30049061;13.45;23.28;12.00;0.00
30049062;13.45;23.28;12.00;0.00
30049063;13.45;23.28;12.00;0.00
30049064;13.45;23.28;12.00;0.00
30049065;13.45;23.28;12.00;0.00
30049066;13.45;23.28;12.00;0.00
30049067;13.45;23.28;12.00;0.00
30049068;13.45;15.45;12.00;0.00
30049069;13.45;20.15;12.00;0.00
30049071;13.45;20.15;12.00;0.00
30049072;13.45;23.28;12.00;0.00
30049073;13.45;23.28;12.00;0.00
30049074;13.45;23.28;12.00;0.00
30049075;13.45;23.28;12.00;0.00
30049076;13.45;23.28;12.00;0.00
30049077;13.45;23.28;12.00;0.00
30049078;13.45;24.05;12.00;0.00
30049079;13.45;20.15;12.00;0.00
30049091;13.45;20.15;12.00;0.00
30049092;13.45;23.28;12.00;0.00
30049093;13.45;23.28;12.00;0.00
30049094;13.45;20.15;12.00;0.00
30049095;13.45;15.45;12.00;0.00
30049096;13.45;23.28;12.00;0.00
30049097;13.45;23.28;12.00;0.00
30049098;13.45;15.45;12.00;0.00
30049099;13.45;20.15;12.00;0.00
30051010;13.45;22.27;18.00;0.00
30051020;13.45;22.27;18.00;0.00
30051030;13.45;22.27;18.00;0.00
30051040;13.45;15.45;18.00;0.00
30051050;13.45;15.45;18.00;0.00
30051090;13.45;22.27;18.00;0.00
30059011;13.45;15.45;18.00;0.00
30059012;13.45;15.45;18.00;0.00
30059019;13.45;22.27;18.00;0.00
30059020;13.45;22.27;18.00;0.00
30059090;13.45;22.27;18.00;0.00
30061010;13.45;15.45;12.00;0.00
30061020;13.45;15.45;12.00;0.00
30061090;13.45;22.27;12.00;0.00
30063011;13.45;15.45;12.00;0.00
30063012;13.45;15.45;12.00;0.00
30063013;13.45;15.45;12.00;0.00
30063015;13.45;15.45;12.00;0.00
30063016;13.45;15.45;12.00;0.00
30063017;13.45;15.45;12.00;0.00
30063018;13.45;15.45;12.00;0.00
30063019;13.45;22.27;12.00;0.00
30063021;13.45;15.45;12.00;0.00
30063029;13.45;22.27;12.00;0.00
30064011;13.45;22.27;12.00;0.00
30064012;13.45;15.45;12.00;0.00
30064020;13.45;15.45;12.00;0.00
30065000;13.45;23.28;12.00;0.00
30066000;13.45;22.27;12.00;0.00
30067000;13.45;23.28;12.00;0.00
30069110;13.45;19.04;12.00;0.00
30069190;13.45;25.21;12.00;0.00
30069200;13.45;23.28;12.00;0.00
30069300;13.45;20.15;12.00;0.00
3101;13.45;15.45;0.00;3.11
31010000;13.45;17.88;18.00;0.00
31021010;13.45;15.45;18.00;0.00
31021090;13.45;19.04;18.00;0.00
31022100;13.45;15.45;18.00;0.00
31022910;13.45;15.45;18.00;0.00
31022990;13.45;15.45;18.00;0.00
31023000;13.45;15.45;18.00;0.00
31024000;13.45;15.45;18.00;0.00
31025011;13.45;15.45;18.00;0.00
31025019;13.45;15.45;18.00;0.00
31025090;13.45;15.45;18.00;0.00
31026000;13.45;15.45;18.00;0.00
31028000;13.45;17.88;18.00;0.00
31029000;13.45;15.45;18.00;0.00
31031100;13.45;19.04;18.00;0.00
31031900;13.45;19.04;18.00;0.00
31039011;13.45;15.45;18.00;0.00
31039019;13.45;15.45;18.00;0.00
31039090;13.45;15.45;18.00;0.00
31042010;13.45;15.45;18.00;0.00
31042090;13.45;15.45;18.00;0.00
31043010;13.45;15.45;18.00;0.00
31043090;13.45;15.45;18.00;0.00
31049010;13.45;19.04;18.00;0.00
31049090;13.45;15.45;18.00;0.00
31051000;13.45;19.04;18.00;0.00
31052000;13.45;15.45;18.00;0.00
31053000;13.45;15.45;18.00;0.00
31054000;13.45;15.45;18.00;0.00
31055100;13.45;17.88;18.00;0.00
31055900;13.45;15.45;18.00;0.00
31056000;13.45;17.88;18.00;0.00
31059011;13.45;15.45;18.00;0.00
31059019;13.45;15.45;18.00;0.00
31059090;13.45;17.88;18.00;0.00
3201;13.45;15.45;0.00;3.01
32011000;13.45;21.23;18.00;0.00
32012000;13.45;21.23;18.00;0.00
32019011;13.45;15.45;18.00;0.00
32019012;13.45;21.23;18.00;0.00
32019019;13.45;21.23;18.00;0.00
32019020;13.45;21.23;18.00;0.00
32019090;13.45;21.23;18.00;0.00
32021000;13.45;21.23;18.00;0.00
32029011;13.45;21.23;18.00;0.00
32029012;13.45;15.45;18.00;0.00
32029013;13.45;15.45;18.00;0.00
32029019;13.45;21.23;18.00;0.00
32029021;13.45;21.23;18.00;0.00
32029029;13.45;21.23;18.00;0.00
32029030;13.45;21.23;18.00;0.00
32030011;13.45;15.45;18.00;0.00
32030012;13.45;15.45;18.00;0.00
32030013;13.45;15.45;18.00;0.00
32030019;13.45;21.23;18.00;0.00
32030021;13.45;21.23;18.00;0.00
32030029;13.45;21.23;18.00;0.00
32030030;13.45;21.23;18.00;0.00
32041100;13.45;22.27;18.00;0.00
32041210;13.45;23.28;18.00;0.00
32041220;13.45;22.27;18.00;0.00
32041300;13.45;23.28;18.00;0.00
32041400;13.45;23.28;18.00;0.00
32041510;13.45;15.45;18.00;0.00
32041520;13.45;15.45;18.00;0.00
32041530;13.45;15.45;18.00;0.00
32041590;13.45;23.28;18.00;0.00
32041600;13.45;23.28;18.00;0.00
32041700;13.45;23.28;18.00;0.00
32041810;13.45;15.45;18.00;0.00
32041820;13.45;15.45;18.00;0.00
32041830;13.45;22.27;18.00;0.00
32041890;13.45;23.28;18.00;0.00
32041920;13.45;23.28;18.00;0.00
32041930;13.45;23.28;18.00;0.00
32041990;13.45;23.28;18.00;0.00
32042011;13.45;23.28;18.00;0.00
32042019;13.45;23.28;18.00;0.00
32042090;13.45;23.28;18.00;0.00
32049000;13.45;23.28;18.00;0.00
32050000;13.45;22.27;18.00;0.00
32061110;13.45;20.64;18.00;0.00
32061120;13.45;22.27;18.00;0.00
32061130;13.45;22.27;18.00;0.00
32061910;13.45;15.45;18.00;0.00
32061990;13.45;22.27;18.00;0.00
32062000;13.45;22.27;18.00;0.00
32064100;13.45;15.45;18.00;0.00
32064210;13.45;15.45;18.00;0.00
32064290;13.45;22.27;18.00;0.00
32064910;13.45;22.27;18.00;0.00
32064920;13.45;22.27;18.00;0.00
32064990;13.45;22.27;18.00;0.00
32065011;13.45;15.45;18.00;0.00
32065019;13.45;22.27;18.00;0.00
32065021;13.45;15.45;18.00;0.00
32065029;13.45;15.45;18.00;0.00
32071020;13.45;15.45;18.00;0.00
32071030;13.45;22.27;18.00;0.00
32071090;13.45;22.27;18.00;0.00
32072010;13.45;22.27;18.00;0.00
32072091;13.45;15.45;18.00;0.00
32072099;13.45;22.27;18.00;0.00
32073000;13.45;22.27;18.00;0.00
32074010;13.45;22.27;18.00;0.00
32074090;13.45;22.27;18.00;0.00
32081010;15.65;25.48;18.00;0.00
32081020;15.65;25.48;18.00;0.00
32081030;15.65;25.48;18.00;0.00
32082011;15.65;17.65;18.00;0.00
32082019;15.65;25.48;18.00;0.00
32082020;15.65;25.48;18.00;0.00
32082030;15.65;25.48;18.00;0.00
32089010;15.65;25.48;18.00;0.00
32089021;15.65;25.48;18.00;0.00
32089029;15.65;25.48;18.00;0.00
32089031;17.72;27.55;18.00;0.00
32089039;17.72;27.55;18.00;0.00
32091010;13.45;23.28;18.00;0.00
32091020;13.45;23.28;18.00;0.00
32099011;13.45;23.28;18.00;0.00
32099019;13.45;23.28;18.00;0.00
32099020;13.45;23.28;18.00;0.00
32100010;17.72;27.55;18.00;0.00
32100020;17.72;27.55;18.00;0.00
32100030;17.72;27.55;18.00;0.00
32110000;17.72;27.55;18.00;0.00
32121000;17.72;27.55;18.00;0.00
32129010;17.72;27.55;18.00;0.00
32129090;17.72;27.55;18.00;0.00
32131000;17.72;27.55;18.00;0.00
32139000;17.72;27.55;18.00;0.00
32141010;14.35;24.18;18.00;0.00
32141020;14.35;24.18;18.00;0.00
32149000;13.45;23.28;18.00;0.00
32151100;13.45;23.28;18.00;0.00
32151900;13.45;23.28;18.00;0.00
32159000;13.45;23.28;18.00;0.00
3301;13.45;15.45;0.00;2.98
33011210;15.65;25.48;18.00;0.00
33011290;15.65;25.48;18.00;0.00
33011300;15.65;25.48;18.00;0.00
33011910;15.65;25.48;18.00;0.00
33011990;15.65;25.48;18.00;0.00
33012400;15.65;25.48;18.00;0.00
33012510;15.65;24.47;18.00;0.00
33012520;15.65;17.65;18.00;0.00
33012590;15.65;17.65;18.00;0.00
33012911;15.65;25.48;18.00;0.00
33012912;15.65;17.65;18.00;0.00
33012913;15.65;25.48;18.00;0.00
33012914;15.65;25.48;18.00;0.00
33012915;15.65;25.48;18.00;0.00
33012916;15.65;25.48;18.00;0.00
33012917;15.65;25.48;18.00;0.00
33012918;15.65;25.48;18.00;0.00
33012919;15.65;24.47;18.00;0.00
33012921;15.65;17.65;18.00;0.00
33012922;15.65;25.48;18.00;0.00
33012990;15.65;17.65;18.00;0.00
33013000;15.65;17.65;18.00;0.00
33019010;15.65;25.48;18.00;0.00
33019020;15.65;25.48;18.00;0.00
33019030;15.65;25.48;18.00;0.00
33019040;15.65;22.35;18.00;0.00
33021000;15.65;25.48;18.00;0.00
33029011;15.65;25.48;18.00;0.00
33029019;15.65;25.48;18.00;0.00
33029091;15.65;17.65;18.00;0.00
33029099;15.65;25.48;18.00;0.00
33030010;28.46;40.22;27.00;0.00
33030020;18.51;30.27;27.00;0.00
33041000;22.21;33.97;27.00;0.00
33042010;22.21;33.97;27.00;0.00
33042090;22.21;33.97;27.00;0.00
33043000;22.21;33.97;27.00;0.00
33049100;22.21;33.97;27.00;0.00
33049910;22.21;33.97;27.00;0.00
33049990;22.21;33.97;27.00;0.00
33051000;16.50;28.26;27.00;0.00
33052000;22.21;33.97;27.00;0.00
33053000;22.21;33.97;27.00;0.00
33059000;22.21;33.97;27.00;0.00
33061000;13.45;25.21;27.00;0.00
33062000;13.45;24.26;27.00;0.00
33069000;13.45;25.21;27.00;0.00
33071000;22.21;33.97;27.00;0.00
33072010;16.50;28.26;27.00;0.00
33072090;16.50;28.26;27.00;0.00
33073000;22.21;33.97;27.00;0.00
33074100;22.21;33.97;25.00;0.00
33074900;26.07;37.83;25.00;0.00
33079000;22.21;33.97;27.00;0.00
3401;13.45;15.45;0.00;3.13
34011110;15.65;27.41;18.00;0.00
34011190;15.65;27.41;18.00;0.00
34011900;15.65;27.41;18.00;0.00
34012010;15.65;27.41;18.00;0.00
34012090;15.65;27.41;18.00;0.00
34013000;17.72;29.48;18.00;0.00
34023100;15.65;25.48;18.00;0.00
34023910;15.65;17.65;18.00;0.00
34023920;15.65;17.65;18.00;0.00
34023930;15.65;17.65;18.00;0.00
34023990;15.65;29.32;18.00;0.00
34024110;15.65;17.65;18.00;0.00
34024190;15.65;25.48;18.00;0.00
34024200;15.65;25.48;18.00;0.00
34024900;15.65;25.48;18.00;0.00
34025000;15.65;27.41;18.00;0.00
34029011;15.65;25.48;18.00;0.00
34029019;15.65;25.48;18.00;0.00
34029021;15.65;17.65;18.00;0.00
34029022;15.65;17.65;18.00;0.00
34029023;15.65;17.65;18.00;0.00
34029029;15.65;27.41;18.00;0.00
34029031;15.65;27.41;18.00;0.00
34029039;15.65;27.41;18.00;0.00
34029090;15.65;27.41;18.00;0.00
34031110;19.67;29.50;18.00;0.00
34031120;19.67;29.50;18.00;0.00
34031190;19.67;29.50;18.00;0.00
34031900;19.67;29.50;18.00;0.00
34039110;19.67;29.50;18.00;0.00
34039120;19.67;29.50;18.00;0.00
34039190;19.67;29.50;18.00;0.00
34039900;19.67;29.50;18.00;0.00
34042010;19.67;29.50;18.00;0.00
34042020;19.67;29.50;18.00;0.00
34049011;19.67;29.50;18.00;0.00
34049012;19.67;29.50;18.00;0.00
34049013;19.67;29.50;18.00;0.00
34049014;19.67;21.67;18.00;0.00
34049019;19.67;29.50;18.00;0.00
34049021;19.67;21.67;18.00;0.00
34049022;19.67;21.67;18.00;0.00
34049029;19.67;29.50;18.00;0.00
34051000;17.72;28.53;18.00;0.00
34052000;17.72;28.53;18.00;0.00
34053000;17.72;28.53;18.00;0.00
34054000;17.72;28.53;18.00;0.00
34059000;17.72;28.53;18.00;0.00
34060000;13.45;24.26;18.00;0.00
34070010;17.72;28.53;18.00;0.00
34070020;17.72;28.53;18.00;0.00
34070090;17.72;28.53;18.00;0.00
3501;13.45;15.45;0.00;3.02
35011000;13.45;23.28;18.00;0.00
35019011;13.45;23.28;18.00;0.00
35019019;13.45;23.28;18.00;0.00
35019020;13.45;23.28;18.00;0.00
35021100;13.45;23.28;18.00;0.00
35021900;13.45;23.28;18.00;0.00
35022000;13.45;23.28;18.00;0.00
35029010;13.45;15.45;18.00;0.00
35029090;13.45;23.28;18.00;0.00
35030011;13.45;15.45;18.00;0.00
35030012;13.45;23.28;18.00;0.00
35030019;13.45;23.28;18.00;0.00
35030090;13.45;23.28;18.00;0.00
35040011;13.45;23.28;18.00;0.00
35040019;13.45;23.28;18.00;0.00
35040020;13.45;23.28;18.00;0.00
35040030;13.45;15.45;18.00;0.00
35040090;13.45;23.28;18.00;0.00
35051000;13.45;23.28;18.00;0.00
35052000;13.45;23.28;18.00;0.00
35061010;13.45;24.26;18.00;0.00
35061090;13.45;24.26;18.00;0.00
35069110;13.45;24.26;18.00;0.00
35069120;13.45;24.26;18.00;0.00
35069190;13.45;24.26;18.00;0.00
35069900;13.45;24.26;18.00;0.00
35071000;13.45;23.28;18.00;0.00
35079011;13.45;23.28;18.00;0.00
35079019;13.45;23.28;18.00;0.00
35079021;13.45;23.28;18.00;0.00
35079022;13.45;15.45;18.00;0.00
35079023;13.45;23.28;18.00;0.00
35079024;13.45;23.28;18.00;0.00
35079025;13.45;23.28;18.00;0.00
35079026;13.45;23.28;18.00;0.00
35079029;13.45;23.28;18.00;0.00
35079031;13.45;15.45;18.00;0.00
35079032;13.45;15.45;18.00;0.00
35079039;13.45;23.28;18.00;0.00
35079041;13.45;23.28;18.00;0.00
35079042;13.45;15.45;18.00;0.00
35079049;13.45;23.28;18.00;0.00
3601;13.45;15.45;0.00;3.06
36010000;23.23;32.05;18.00;0.00
36020000;21.50;30.32;18.00;0.00
36031000;21.50;30.32;18.00;0.00
36032000;21.50;30.32;18.00;0.00
36033000;21.50;30.32;18.00;0.00
36034000;21.50;30.32;18.00;0.00
36035000;21.50;30.32;18.00;0.00
36036000;21.50;30.32;18.00;0.00
36041000;24.87;34.70;25.00;0.00
36049010;17.72;22.15;18.00;0.00
36049090;24.87;34.70;18.00;0.00
36050000;13.45;23.28;18.00;0.00
36061000;21.50;31.33;18.00;0.00
36069000;21.50;31.33;18.00;0.00
3701;13.45;15.45;0.00;2.70
37011010;13.45;15.45;18.00;0.00
37011021;13.45;15.45;18.00;0.00
37011029;13.45;23.28;18.00;0.00
37012010;19.67;21.67;18.00;0.00
37012020;19.67;21.67;18.00;0.00
37013010;19.67;21.67;18.00;0.00
37013021;19.67;29.50;18.00;0.00
37013022;19.67;21.67;18.00;0.00
37013029;19.67;29.50;18.00;0.00
37013031;19.67;29.50;18.00;0.00
37013039;19.67;29.50;18.00;0.00
37013040;19.67;29.50;18.00;0.00
37013050;19.67;29.50;18.00;0.00
37013090;19.67;29.50;18.00;0.00
37019100;19.67;21.67;18.00;0.00
37019900;19.67;29.50;18.00;0.00
37021010;13.45;23.28;18.00;0.00
37021020;13.45;15.45;18.00;0.00
37023100;19.67;21.67;18.00;0.00
37023200;19.67;21.67;18.00;0.00
37023900;19.67;29.50;18.00;0.00
37024100;19.67;21.67;18.00;0.00
37024210;19.67;29.50;18.00;0.00
37024290;19.67;21.67;18.00;0.00
37024310;19.67;29.50;18.00;0.00
37024320;19.67;29.50;18.00;0.00
37024390;19.67;21.67;18.00;0.00
37024410;19.67;21.67;18.00;0.00
37024421;19.67;29.50;18.00;0.00
37024422;19.67;21.67;18.00;0.00
37024429;19.67;29.50;18.00;0.00
37025200;19.67;21.67;18.00;0.00
37025300;19.67;21.67;18.00;0.00
37025411;19.67;21.67;18.00;0.00
37025412;19.67;27.45;18.00;0.00
37025419;19.67;29.50;18.00;0.00
37025491;19.67;21.67;18.00;0.00
37025499;19.67;29.50;18.00;0.00
37025510;13.45;21.23;18.00;0.00
37025590;19.67;29.50;18.00;0.00
37025600;19.67;21.67;18.00;0.00
37029600;19.67;21.67;18.00;0.00
37029700;13.45;15.45;18.00;0.00
37029800;19.67;29.50;18.00;0.00
37031010;19.67;29.50;18.00;0.00
37031021;19.67;29.50;18.00;0.00
37031029;19.67;29.50;18.00;0.00
37032000;22.58;24.58;18.00;0.00
37039010;19.67;29.50;18.00;0.00
37039090;19.67;29.50;18.00;0.00
37040000;15.65;25.48;18.00;0.00
37050010;13.45;15.45;18.00;0.00
37050090;13.45;23.28;18.00;0.00
37061000;13.45;23.28;18.00;0.00
37069000;13.45;23.28;18.00;0.00
37071000;19.67;29.50;18.00;0.00
37079010;19.67;29.50;18.00;0.00
37079021;19.67;21.67;18.00;0.00
37079029;19.67;29.50;18.00;0.00
37079030;19.67;21.67;18.00;0.00
37079090;19.67;29.50;18.00;0.00
3801;13.45;15.45;0.00;2.95
38011000;13.45;15.45;18.00;0.00
38012010;17.72;25.50;18.00;0.00
38012090;17.72;25.50;18.00;0.00
38013010;17.72;19.72;18.00;0.00
38013090;17.72;19.72;18.00;0.00
38019000;17.72;25.50;18.00;0.00
38021000;13.45;22.27;18.00;0.00
38029010;13.45;22.27;18.00;0.00
38029020;13.45;22.27;18.00;0.00
38029030;13.45;15.45;18.00;0.00
38029040;13.45;22.27;18.00;0.00
38029050;13.45;15.45;18.00;0.00
38029090;13.45;22.27;18.00;0.00
38030010;13.45;15.45;18.00;0.00
38030090;13.45;22.27;18.00;0.00
38040011;13.45;21.23;18.00;0.00
38040012;17.72;25.50;18.00;0.00
38040020;13.45;15.45;18.00;0.00
38051000;13.45;23.28;18.00;0.00
38059010;17.72;27.55;18.00;0.00
38059090;13.45;23.28;18.00;0.00
38061000;13.45;22.27;18.00;0.00
38062000;13.45;23.28;18.00;0.00
38063000;17.72;27.55;18.00;0.00
38069011;13.45;23.28;18.00;0.00
38069012;13.45;23.28;18.00;0.00
38069019;13.45;23.28;18.00;0.00
38069090;13.45;23.28;18.00;0.00
38070000;13.45;23.28;18.00;0.00
38085200;13.45;23.28;18.00;0.00
38085910;13.45;23.28;18.00;0.00
38085921;13.45;23.28;18.00;0.00
38085922;13.45;23.28;18.00;0.00
38085923;13.45;23.28;18.00;0.00
38085924;13.45;20.15;18.00;0.00
38085925;13.45;23.28;18.00;0.00
38085926;13.45;22.27;18.00;0.00
38085929;13.45;20.15;18.00;0.00
38086100;13.45;23.28;18.00;0.00
38086210;13.45;23.28;18.00;0.00
38086290;13.45;20.15;18.00;0.00
38086910;13.45;23.28;18.00;0.00
38086990;13.45;15.45;18.00;0.00
38089111;13.45;23.28;18.00;0.00
38089119;13.45;23.28;18.00;0.00
38089120;13.45;23.28;18.00;0.00
38089191;13.45;23.28;18.00;0.00
38089192;13.45;23.28;18.00;0.00
38089193;13.45;23.28;18.00;0.00
38089194;13.45;23.28;18.00;0.00
38089195;13.45;15.45;18.00;0.00
38089196;13.45;23.28;18.00;0.00
38089197;13.45;23.28;18.00;0.00
38089199;13.45;15.45;18.00;0.00
38089211;13.45;23.28;18.00;0.00
38089219;13.45;23.28;18.00;0.00
38089220;13.45;23.28;18.00;0.00
38089291;13.45;23.28;18.00;0.00
38089292;13.45;23.28;18.00;0.00
38089293;13.45;23.28;18.00;0.00
38089294;13.45;23.28;18.00;0.00
38089295;13.45;23.28;18.00;0.00
38089296;13.45;23.28;18.00;0.00
38089297;13.45;22.27;18.00;0.00
38089299;13.45;15.45;18.00;0.00
38089311;13.45;23.28;18.00;0.00
38089319;13.45;23.28;18.00;0.00
38089321;13.45;23.28;18.00;0.00
38089322;13.45;23.28;18.00;0.00
38089323;13.45;23.28;18.00;0.00
38089324;13.45;23.28;18.00;0.00
38089325;13.45;23.28;18.00;0.00
38089326;13.45;23.28;18.00;0.00
38089327;13.45;22.27;18.00;0.00
38089328;13.45;20.15;18.00;0.00
38089329;13.45;15.45;18.00;0.00
38089331;13.45;23.28;18.00;0.00
38089332;13.45;23.28;18.00;0.00
38089333;13.45;20.15;18.00;0.00
38089341;13.45;23.28;18.00;0.00
38089349;13.45;23.28;18.00;0.00
38089351;13.45;23.28;18.00;0.00
38089352;13.45;23.28;18.00;0.00
38089359;13.45;20.15;18.00;0.00
38089411;16.78;26.61;18.00;0.00
38089419;16.78;26.61;18.00;0.00
38089421;15.65;25.48;18.00;0.00
38089422;15.65;25.48;18.00;0.00
38089429;15.65;22.35;18.00;0.00
38089911;13.45;23.28;18.00;0.00
38089919;13.45;23.28;18.00;0.00
38089920;13.45;23.28;18.00;0.00
38089991;13.45;23.28;18.00;0.00
38089992;13.45;23.28;18.00;0.00
38089993;13.45;20.15;18.00;0.00
38089994;13.45;23.28;18.00;0.00
38089995;13.45;20.15;18.00;0.00
38089996;13.45;20.15;18.00;0.00
38089999;13.45;20.15;18.00;0.00
38091010;13.45;23.28;18.00;0.00
38091090;13.45;23.28;18.00;0.00
38099110;13.45;23.28;18.00;0.00
38099120;13.45;23.28;18.00;0.00
38099130;17.72;27.55;18.00;0.00
38099141;17.72;27.55;18.00;0.00
38099149;17.72;27.55;18.00;0.00
38099190;13.45;23.28;18.00;0.00
38099211;17.72;27.55;18.00;0.00
38099219;17.72;27.55;18.00;0.00
38099290;13.45;23.28;18.00;0.00
38099311;17.72;27.55;18.00;0.00
38099319;17.72;27.55;18.00;0.00
38099390;13.45;23.28;18.00;0.00
38101010;13.45;23.28;18.00;0.00
38101020;13.45;23.28;18.00;0.00
38109000;13.45;23.28;18.00;0.00
38111100;16.91;18.91;18.00;0.00
38111900;16.91;18.91;18.00;0.00
38112110;16.91;26.74;18.00;0.00
38112120;16.91;26.74;18.00;0.00
38112130;16.91;26.74;18.00;0.00
38112140;16.91;26.74;18.00;0.00
38112150;16.91;26.74;18.00;0.00
38112190;16.91;18.91;18.00;0.00
38112910;16.91;26.74;18.00;0.00
38112920;16.91;26.74;18.00;0.00
38112990;16.91;26.74;18.00;0.00
38119010;16.91;26.74;18.00;0.00
38119090;16.91;18.91;18.00;0.00
38121000;17.72;27.55;18.00;0.00
38122000;17.72;27.55;18.00;0.00
38123100;17.72;27.55;18.00;0.00
38123911;17.72;27.55;18.00;0.00
38123912;17.72;27.55;18.00;0.00
38123919;17.72;19.72;18.00;0.00
38123921;17.72;27.55;18.00;0.00
38123929;17.72;27.55;18.00;0.00
38130010;16.91;26.74;18.00;0.00
38130020;16.91;26.74;18.00;0.00
38130030;16.91;26.74;18.00;0.00
38130040;16.91;26.74;18.00;0.00
38130090;16.91;26.74;18.00;0.00
38140010;17.72;27.55;31.00;0.00
38140020;17.72;27.55;31.00;0.00
38140030;17.72;27.55;31.00;0.00
38140090;17.72;27.55;31.00;0.00
38151100;17.72;19.72;18.00;0.00
38151210;17.72;26.54;18.00;0.00
38151220;17.72;26.54;18.00;0.00
38151290;17.72;19.72;18.00;0.00
38151900;17.72;19.72;18.00;0.00
38159010;13.45;17.88;18.00;0.00
38159091;17.72;19.72;18.00;0.00
38159092;17.72;26.54;18.00;0.00
38159093;17.72;19.72;18.00;0.00
38159099;17.72;22.15;18.00;0.00
38160011;15.65;25.48;18.00;0.00
38160012;15.65;17.65;18.00;0.00
38160019;15.65;25.48;18.00;0.00
38160021;17.72;19.72;18.00;0.00
38160029;17.72;27.55;18.00;0.00
38160090;17.72;27.55;18.00;0.00
38170010;17.72;26.54;18.00;0.00
38170020;17.72;27.55;18.00;0.00
38180010;17.72;19.72;18.00;0.00
38180090;17.72;19.72;18.00;0.00
38190000;17.72;27.55;18.00;0.00
38200000;17.72;27.55;18.00;0.00
38210000;13.45;15.45;18.00;0.00
38221100;13.45;15.45;18.00;0.00
38221200;13.45;15.45;18.00;0.00
38221300;13.45;21.23;18.00;0.00
38221910;13.45;15.45;18.00;0.00
38221920;13.45;15.45;18.00;0.00
38221930;13.45;21.23;18.00;0.00
38221940;13.45;15.45;18.00;0.00
38221990;13.45;15.45;18.00;0.00
38229000;13.45;15.45;18.00;0.00
38231100;13.45;19.04;18.00;0.00
38231200;13.45;19.04;18.00;0.00
38231300;13.45;23.28;18.00;0.00
38231910;13.45;23.28;18.00;0.00
38231990;13.45;15.45;18.00;0.00
38237010;13.45;23.28;18.00;0.00
38237020;13.45;23.28;18.00;0.00
38237040;13.45;23.28;18.00;0.00
38237090;13.45;15.45;18.00;0.00
38241000;17.72;27.55;18.00;0.00
38243000;17.72;27.55;18.00;0.00
38244000;15.65;25.48;18.00;0.00
38245000;13.45;23.28;18.00;0.00
38246000;17.72;27.55;18.00;0.00
38248110;17.72;27.55;18.00;0.00
38248190;17.72;27.55;18.00;0.00
38248210;17.72;27.55;18.00;0.00
38248290;17.72;27.55;18.00;0.00
38248300;17.72;27.55;18.00;0.00
38248400;17.72;27.55;18.00;0.00
38248500;17.72;27.55;18.00;0.00
38248600;17.72;27.55;18.00;0.00
38248700;17.72;27.55;18.00;0.00
38248810;17.72;27.55;18.00;0.00
38248820;17.72;27.55;18.00;0.00
38248900;17.72;27.55;18.00;0.00
38249100;17.72;27.55;18.00;0.00
38249200;17.72;27.55;18.00;0.00
38249911;17.72;27.55;18.00;0.00
38249912;17.72;19.72;18.00;0.00
38249913;17.72;19.72;18.00;0.00
38249914;17.72;19.72;18.00;0.00
38249915;17.72;19.72;18.00;0.00
38249919;17.72;27.55;18.00;0.00
38249921;17.72;19.72;18.00;0.00
38249922;17.72;19.72;18.00;0.00
38249923;17.72;27.55;18.00;0.00
38249924;17.72;19.72;18.00;0.00
38249925;17.72;19.72;18.00;0.00
38249929;17.72;27.55;18.00;0.00
38249931;17.72;27.55;18.00;0.00
38249932;17.72;27.55;18.00;0.00
38249933;17.72;19.72;18.00;0.00
38249934;17.72;27.55;18.00;0.00
38249935;17.72;27.55;18.00;0.00
38249936;17.72;19.72;18.00;0.00
38249939;17.72;27.55;18.00;0.00
38249941;13.45;23.28;18.00;0.00
38249942;17.72;24.42;18.00;0.00
38249943;17.72;19.72;18.00;0.00
38249949;17.72;27.55;18.00;0.00
38249951;17.72;19.72;18.00;0.00
38249952;17.72;27.55;18.00;0.00
38249953;17.72;27.55;18.00;0.00
38249954;17.72;19.72;18.00;0.00
38249959;17.72;27.55;18.00;0.00
38249961;17.72;19.72;18.00;0.00
38249962;17.72;19.72;18.00;0.00
38249969;17.72;27.55;18.00;0.00
38249971;17.72;27.55;18.00;0.00
38249972;17.72;27.55;18.00;0.00
38249973;17.72;19.72;18.00;0.00
38249974;17.72;19.72;18.00;0.00
38249975;17.72;19.72;18.00;0.00
38249976;17.72;19.72;18.00;0.00
38249977;13.45;15.45;18.00;0.00
38249978;17.72;19.72;18.00;0.00
38249979;17.72;27.55;18.00;0.00
38249981;17.72;27.55;18.00;0.00
38249982;17.72;19.72;18.00;0.00
38249983;17.72;19.72;18.00;0.00
38249984;17.72;27.55;18.00;0.00
38249985;17.72;27.55;18.00;0.00
38249986;17.72;27.55;18.00;0.00
38249987;17.72;27.55;18.00;0.00
38249988;17.72;27.55;18.00;0.00
38249989;17.72;27.55;18.00;0.00
38251000;13.45;23.28;18.00;0.00
38252000;13.45;23.28;18.00;0.00
38253000;13.45;23.28;18.00;0.00
38254100;13.45;23.28;18.00;0.00
38254900;13.45;23.28;18.00;0.00
38255000;13.45;23.28;18.00;0.00
38256100;13.45;23.28;18.00;0.00
38256900;13.45;23.28;18.00;0.00
38259000;13.45;23.28;18.00;0.00
38260000;17.72;27.55;1.12;0.00
38271110;17.72;19.72;18.00;0.00
38271190;17.72;27.55;18.00;0.00
38271200;17.72;27.55;18.00;0.00
38271300;17.72;27.55;18.00;0.00
38271400;17.72;27.55;18.00;0.00
38272000;17.72;27.55;18.00;0.00
38273110;17.72;19.72;18.00;0.00
38273190;17.72;27.55;18.00;0.00
38273210;17.72;19.72;18.00;0.00
38273290;17.72;27.55;18.00;0.00
38273900;17.72;27.55;18.00;0.00
38274000;17.72;27.55;18.00;0.00
38275100;19.81;29.64;18.00;0.00
38275900;19.81;29.64;18.00;0.00
38276100;19.81;29.64;18.00;0.00
38276200;19.81;29.64;18.00;0.00
38276300;19.81;29.64;18.00;0.00
38276400;19.81;29.64;18.00;0.00
38276500;19.81;29.64;18.00;0.00
38276800;19.81;29.64;18.00;0.00
38276900;19.81;29.64;18.00;0.00
38279000;17.72;27.55;18.00;0.00
3901;13.45;15.45;0.00;2.96
39011020;16.78;30.45;18.00;0.00
39011030;16.78;30.45;18.00;0.00
39012011;15.65;17.65;18.00;0.00
39012019;15.65;25.48;18.00;0.00
39012021;15.65;17.65;18.00;0.00
39012029;15.65;29.32;18.00;0.00
39013010;15.65;25.48;18.00;0.00
39013090;15.65;29.32;18.00;0.00
39014000;15.65;29.32;18.00;0.00
39019010;15.65;25.48;18.00;0.00
39019020;15.65;25.48;18.00;0.00
39019030;15.65;17.65;18.00;0.00
39019040;15.65;17.65;18.00;0.00
39019050;15.65;17.65;18.00;0.00
39019090;16.78;26.61;18.00;0.00
39021010;15.65;25.48;18.00;0.00
39021020;15.65;29.32;18.00;0.00
39022000;15.65;25.48;18.00;0.00
39023000;15.65;29.32;18.00;0.00
39029000;15.65;25.48;18.00;0.00
39031110;15.65;25.48;18.00;0.00
39031120;15.65;28.33;18.00;0.00
39031900;16.78;26.61;18.00;0.00
39032000;15.65;17.65;18.00;0.00
39033010;15.65;25.48;18.00;0.00
39033020;15.65;17.65;18.00;0.00
39039010;15.65;25.48;18.00;0.00
39039020;15.65;17.65;18.00;0.00
39039090;15.65;29.32;18.00;0.00
39041010;15.65;29.32;18.00;0.00
39041020;15.65;25.48;18.00;0.00
39041090;15.65;25.48;18.00;0.00
39042100;15.65;25.48;18.00;0.00
39042200;15.65;25.48;18.00;0.00
39043000;15.65;17.65;18.00;0.00
39044010;15.65;25.48;18.00;0.00
39044090;15.65;25.48;18.00;0.00
39045010;15.65;17.65;18.00;0.00
39045090;15.65;17.65;18.00;0.00
39046110;15.65;17.65;18.00;0.00
39046190;15.65;21.57;18.00;0.00
39046910;15.65;17.65;18.00;0.00
39046990;15.65;17.65;18.00;0.00
39049010;15.65;17.65;18.00;0.00
39049090;15.65;25.48;18.00;0.00
39051200;15.65;25.48;18.00;0.00
39051910;15.65;25.48;18.00;0.00
39051990;15.65;25.48;18.00;0.00
39052100;15.65;25.48;18.00;0.00
39052900;15.65;25.48;18.00;0.00
39053000;15.65;17.65;18.00;0.00
39059130;15.65;25.48;18.00;0.00
39059190;15.65;17.65;18.00;0.00
39059910;15.65;17.65;18.00;0.00
39059920;15.65;17.65;18.00;0.00
39059930;15.65;24.47;18.00;0.00
39059990;15.65;17.65;18.00;0.00
39061000;15.65;25.48;18.00;0.00
39069011;15.65;25.48;18.00;0.00
39069012;15.65;25.48;18.00;0.00
39069019;15.65;25.48;18.00;0.00
39069021;15.65;25.48;18.00;0.00
39069022;15.65;17.65;18.00;0.00
39069029;15.65;25.48;18.00;0.00
39069031;15.65;25.48;18.00;0.00
39069032;15.65;25.48;18.00;0.00
39069039;15.65;25.48;18.00;0.00
39069041;13.45;15.45;18.00;0.00
39069049;13.45;15.45;18.00;0.00
39069051;15.65;25.48;18.00;0.00
39069052;15.65;25.48;18.00;0.00
39069053;15.65;17.65;18.00;0.00
39069054;15.65;22.84;18.00;0.00
39069059;15.65;25.48;18.00;0.00
39069061;15.65;17.65;18.00;0.00
39069062;15.65;17.65;18.00;0.00
39069063;15.65;17.65;18.00;0.00
39069064;15.65;17.65;18.00;0.00
39069065;15.65;17.65;18.00;0.00
39069069;15.65;25.48;18.00;0.00
39071010;15.65;25.48;18.00;0.00
39071020;15.65;25.48;18.00;0.00
39071031;15.65;17.65;18.00;0.00
39071039;15.65;25.48;18.00;0.00
39071041;15.65;17.65;18.00;0.00
39071042;15.65;17.65;18.00;0.00
39071049;15.65;17.65;18.00;0.00
39071091;15.65;25.48;18.00;0.00
39071099;15.65;25.48;18.00;0.00
39072100;15.65;25.48;18.00;0.00
39072911;15.65;25.48;18.00;0.00
39072912;15.65;17.65;18.00;0.00
39072920;15.65;17.65;18.00;0.00
39072931;15.65;25.48;18.00;0.00
39072939;15.65;25.48;18.00;0.00
39072941;15.65;17.65;18.00;0.00
39072942;15.65;17.65;18.00;0.00
39072949;15.65;25.48;18.00;0.00
39072991;15.65;17.65;18.00;0.00
39072999;15.65;25.48;18.00;0.00
39073011;15.65;25.48;18.00;0.00
39073019;15.65;25.48;18.00;0.00
39073021;15.65;25.48;18.00;0.00
39073022;15.65;25.48;18.00;0.00
39073029;15.65;25.48;18.00;0.00
39074010;15.65;17.65;18.00;0.00
39074020;15.65;17.65;18.00;0.00
39074090;15.65;26.25;18.00;0.00
39075010;15.65;25.48;18.00;0.00
39075090;15.65;25.48;18.00;0.00
39076100;15.65;29.32;18.00;0.00
39076900;15.65;25.48;18.00;0.00
39077000;15.65;25.48;18.00;0.00
39079100;15.65;29.32;18.00;0.00
39079911;15.65;25.48;18.00;0.00
39079912;15.65;17.65;18.00;0.00
39079919;15.65;17.65;18.00;0.00
39079991;15.65;25.48;18.00;0.00
39079992;15.65;17.65;18.00;0.00
39079993;15.65;17.65;18.00;0.00
39079994;15.65;17.65;18.00;0.00
39079995;15.65;17.65;18.00;0.00
39079999;15.65;25.48;18.00;0.00
39081011;15.65;17.65;18.00;0.00
39081012;15.65;17.65;18.00;0.00
39081013;15.65;25.48;18.00;0.00
39081014;15.65;25.48;18.00;0.00
39081019;15.65;17.65;18.00;0.00
39081021;15.65;17.65;18.00;0.00
39081022;15.65;17.65;18.00;0.00
39081023;15.65;25.48;18.00;0.00
39081025;15.65;25.48;18.00;0.00
39081026;15.65;29.32;18.00;0.00
39081029;15.65;17.65;18.00;0.00
39089010;15.65;17.65;18.00;0.00
39089020;15.65;25.48;18.00;0.00
39089090;15.65;17.65;18.00;0.00
39091000;15.65;25.48;18.00;0.00
39092011;15.65;25.48;18.00;0.00
39092019;15.65;25.48;18.00;0.00
39092021;15.65;25.48;18.00;0.00
39092029;15.65;25.48;18.00;0.00
39093100;15.65;17.65;18.00;0.00
39093900;15.65;25.48;18.00;0.00
39094011;15.65;25.48;18.00;0.00
39094019;15.65;25.48;18.00;0.00
39094091;15.65;25.48;18.00;0.00
39094099;15.65;25.48;18.00;0.00
39095011;15.65;25.48;18.00;0.00
39095012;15.65;17.65;18.00;0.00
39095019;15.65;25.48;18.00;0.00
39095021;15.65;17.65;18.00;0.00
39095029;15.65;31.65;18.00;0.00
39100011;15.65;17.65;18.00;0.00
39100012;15.65;25.48;18.00;0.00
39100013;15.65;17.65;18.00;0.00
39100019;15.65;25.48;18.00;0.00
39100021;15.65;17.65;18.00;0.00
39100029;15.65;25.48;18.00;0.00
39100030;15.65;25.48;18.00;0.00
39100090;15.65;25.48;18.00;0.00
39111010;15.65;25.48;18.00;0.00
39111021;15.65;17.65;18.00;0.00
39111029;15.65;25.48;18.00;0.00
39112000;15.65;25.48;18.00;0.00
39119011;15.65;25.48;18.00;0.00
39119012;15.65;17.65;18.00;0.00
39119013;15.65;17.65;18.00;0.00
39119014;15.65;17.65;18.00;0.00
39119019;15.65;25.48;18.00;0.00
39119021;15.65;25.48;18.00;0.00
39119022;15.65;17.65;18.00;0.00
39119023;15.65;17.65;18.00;0.00
39119024;15.65;17.65;18.00;0.00
39119025;15.65;17.65;18.00;0.00
39119026;15.65;17.65;18.00;0.00
39119027;15.65;17.65;18.00;0.00
39119029;15.65;25.48;18.00;0.00
39121110;15.65;22.35;18.00;0.00
39121120;15.65;17.65;18.00;0.00
39121200;15.65;17.65;18.00;0.00
39122010;15.65;25.48;18.00;0.00
39122021;15.65;25.48;18.00;0.00
39122029;15.65;25.48;18.00;0.00
39123111;15.65;25.48;18.00;0.00
39123119;15.65;25.48;18.00;0.00
39123121;15.65;25.48;18.00;0.00
39123129;15.65;25.48;18.00;0.00
39123910;15.65;17.65;18.00;0.00
39123920;15.65;17.65;18.00;0.00
39123930;15.65;17.65;18.00;0.00
39123990;15.65;17.65;18.00;0.00
39129010;15.65;17.65;18.00;0.00
39129020;15.65;17.65;18.00;0.00
39129031;15.65;25.48;18.00;0.00
39129039;15.65;25.48;18.00;0.00
39129040;15.65;25.48;18.00;0.00
39129090;15.65;25.48;18.00;0.00
39131000;15.65;17.65;18.00;0.00
39139011;15.65;17.65;18.00;0.00
39139012;15.65;17.65;18.00;0.00
39139019;15.65;17.65;18.00;0.00
39139020;15.65;17.65;18.00;0.00
39139030;15.65;17.65;18.00;0.00
39139040;15.65;17.65;18.00;0.00
39139050;15.65;25.48;18.00;0.00
39139060;15.65;25.48;18.00;0.00
39139090;15.65;17.65;18.00;0.00
39140011;15.65;17.65;18.00;0.00
39140019;15.65;17.65;18.00;0.00
39140090;15.65;17.65;18.00;0.00
39151000;13.45;26.13;18.00;0.00
39152000;13.45;26.13;18.00;0.00
39153000;13.45;26.13;18.00;0.00
39159000;13.45;26.13;18.00;0.00
39161000;17.72;28.53;18.00;0.00
39162000;17.72;28.53;18.00;0.00
39169010;17.72;28.53;18.00;0.00
39169090;17.72;29.38;18.00;0.00
39171010;15.65;17.65;18.00;0.00
39171021;15.65;17.65;18.00;0.00
39171029;15.65;26.46;18.00;0.00
39172100;13.45;25.11;18.00;0.00
39172210;13.45;15.45;18.00;0.00
39172290;13.45;25.11;18.00;0.00
39172300;13.45;25.11;18.00;0.00
39172900;13.45;25.11;18.00;0.00
39173100;15.65;26.46;18.00;0.00
39173210;15.65;27.31;18.00;0.00
39173221;13.45;15.45;18.00;0.00
39173229;15.65;27.31;18.00;0.00
39173230;15.65;27.31;18.00;0.00
39173240;15.65;26.46;18.00;0.00
39173251;15.65;17.65;18.00;0.00
39173259;15.65;26.46;18.00;0.00
39173290;15.65;27.31;18.00;0.00
39173300;15.65;27.31;18.00;0.00
39173900;15.65;27.31;18.00;0.00
39174010;13.45;15.45;18.00;0.00
39174090;13.45;25.11;18.00;0.00
39181000;13.45;25.11;18.00;0.00
39189000;15.65;26.46;18.00;0.00
39191010;19.67;30.48;18.00;0.00
39191020;20.53;31.34;18.00;0.00
39191090;19.67;30.48;18.00;0.00
39199010;19.67;31.33;18.00;0.00
39199020;19.67;31.33;18.00;0.00
39199090;19.67;31.33;18.00;0.00
39201010;19.67;21.67;18.00;0.00
39201091;19.67;21.67;18.00;0.00
39201099;22.58;33.39;18.00;0.00
39202011;19.67;21.67;18.00;0.00
39202012;19.67;21.67;18.00;0.00
39202019;19.67;30.48;18.00;0.00
39202090;19.67;30.48;18.00;0.00
39203000;22.58;34.24;18.00;0.00
39204310;19.67;30.48;18.00;0.00
39204390;19.67;30.48;18.00;0.00
39204900;19.67;30.48;18.00;0.00
39205100;19.67;30.48;18.00;0.00
39205900;19.67;30.48;18.00;0.00
39206100;19.67;30.48;18.00;0.00
39206211;19.67;21.67;18.00;0.00
39206219;19.67;30.48;18.00;0.00
39206291;19.67;30.48;18.00;0.00
39206299;19.67;30.48;18.00;0.00
39206300;19.67;30.48;18.00;0.00
39206900;19.67;30.48;18.00;0.00
39207100;19.67;30.48;18.00;0.00
39207310;19.67;30.48;18.00;0.00
39207390;19.67;30.48;18.00;0.00
39207910;19.67;21.67;18.00;0.00
39207990;19.67;30.48;18.00;0.00
39209100;19.67;21.67;18.00;0.00
39209200;19.67;30.48;18.00;0.00
39209300;19.67;30.48;18.00;0.00
39209400;19.67;30.48;18.00;0.00
39209910;19.67;30.48;18.00;0.00
39209920;19.67;30.48;18.00;0.00
39209930;19.67;21.67;18.00;0.00
39209940;19.67;21.67;18.00;0.00
39209950;19.67;21.67;18.00;0.00
39209990;19.67;30.48;18.00;0.00
39211100;19.67;30.48;18.00;0.00
39211200;19.67;30.48;18.00;0.00
39211310;19.67;21.67;18.00;0.00
39211390;19.67;30.48;18.00;0.00
39211400;19.67;30.48;18.00;0.00
39211900;19.67;30.48;18.00;0.00
39219011;15.65;26.46;18.00;0.00
39219012;19.67;21.67;18.00;0.00
39219013;19.67;21.67;18.00;0.00
39219019;19.67;30.48;18.00;0.00
39219020;19.67;21.67;18.00;0.00
39219090;19.67;30.48;18.00;0.00
39221000;13.45;25.21;18.00;0.00
39222000;13.45;25.21;18.00;0.00
39229000;13.45;25.21;18.00;0.00
39231010;19.67;31.43;18.00;0.00
39231090;19.67;31.43;18.00;0.00
39232110;19.67;31.43;18.00;0.00
39232190;19.67;31.43;18.00;0.00
39232910;19.67;31.43;18.00;0.00
39232990;22.58;34.34;18.00;0.00
39233010;19.67;21.67;18.00;0.00
39233090;19.67;32.35;18.00;0.00
39234000;17.72;29.48;18.00;0.00
39235000;16.78;29.46;18.00;0.00
39239010;22.58;34.34;18.00;0.00
39239090;22.58;34.34;18.00;0.00
39241000;17.72;29.48;18.00;0.00
39249000;17.72;29.48;18.00;0.00
39251000;13.45;25.21;18.00;0.00
39252000;13.45;25.21;18.00;0.00
39253000;15.65;27.41;18.00;0.00
39259010;15.65;27.41;18.00;0.00
39259090;15.65;27.41;18.00;0.00
39261000;19.67;31.43;18.00;0.00
39262000;15.65;27.41;18.00;0.00
39263000;15.65;28.33;18.00;0.00
39264000;21.50;33.26;18.00;0.00
39269010;17.72;30.40;18.00;0.00
39269021;17.72;30.40;18.00;0.00
39269022;17.72;29.48;18.00;0.00
39269030;13.45;15.45;18.00;0.00
39269040;17.72;29.48;18.00;0.00
39269050;19.67;21.67;18.00;0.00
39269061;19.67;21.67;18.00;0.00
39269069;19.67;31.43;18.00;0.00
39269090;19.67;32.35;18.00;0.00
4001;13.45;15.45;0.00;2.91
40011000;13.45;17.88;18.00;0.00
40012100;13.45;17.88;18.00;0.00
40012200;13.45;22.27;18.00;0.00
40012910;13.45;17.88;18.00;0.00
40012920;13.45;22.27;18.00;0.00
40012990;13.45;17.88;18.00;0.00
40013000;13.45;17.88;18.00;0.00
40021110;15.65;24.47;18.00;0.00
40021120;15.65;24.47;18.00;0.00
40021911;15.65;24.47;18.00;0.00
40021912;15.65;24.47;18.00;0.00
40021919;15.65;24.47;18.00;0.00
40021920;15.65;24.47;18.00;0.00
40022010;15.65;17.65;18.00;0.00
40022091;15.65;17.65;18.00;0.00
40022099;15.65;24.47;18.00;0.00
40023100;15.65;17.65;18.00;0.00
40023900;15.65;17.65;18.00;0.00
40024100;15.65;17.65;18.00;0.00
40024900;15.65;17.65;18.00;0.00
40025100;15.65;24.47;18.00;0.00
40025900;15.65;24.47;18.00;0.00
40026000;15.65;17.65;18.00;0.00
40027000;15.65;24.47;18.00;0.00
40028000;15.65;24.47;18.00;0.00
40029100;15.65;24.47;18.00;0.00
40029910;15.65;24.47;18.00;0.00
40029920;15.65;17.65;18.00;0.00
40029930;15.65;17.65;18.00;0.00
40029990;15.65;24.47;18.00;0.00
40030000;15.65;24.47;18.00;0.00
40040000;13.45;22.27;18.00;0.00
40051010;15.65;17.65;18.00;0.00
40051090;15.65;25.48;18.00;0.00
40052000;15.65;25.48;18.00;0.00
40059110;15.65;25.48;18.00;0.00
40059190;15.65;25.48;18.00;0.00
40059910;15.65;25.48;18.00;0.00
40059990;15.65;25.48;18.00;0.00
40061000;15.65;25.48;18.00;0.00
40069000;15.65;25.48;18.00;0.00
40070011;13.45;23.28;18.00;0.00
40070019;13.45;23.28;18.00;0.00
40070020;13.45;23.28;18.00;0.00
40081100;17.72;27.55;18.00;0.00
40081900;17.72;27.55;18.00;0.00
40082100;17.72;27.55;18.00;0.00
40082900;17.72;27.55;18.00;0.00
40091100;17.72;27.55;18.00;0.00
40091210;17.72;27.55;18.00;0.00
40091290;17.72;27.55;18.00;0.00
40092110;17.72;27.55;18.00;0.00
40092190;17.72;27.55;18.00;0.00
40092210;17.72;27.55;18.00;0.00
40092290;17.72;27.55;18.00;0.00
40093100;17.72;27.55;18.00;0.00
40093210;17.72;27.55;18.00;0.00
40093290;17.72;27.55;18.00;0.00
40094100;17.72;27.55;18.00;0.00
40094210;17.72;27.55;18.00;0.00
40094290;17.72;27.55;18.00;0.00
40101100;17.72;27.55;18.00;0.00
40101200;17.72;27.55;18.00;0.00
40101900;17.72;27.55;18.00;0.00
40103100;17.72;27.55;18.00;0.00
40103200;17.72;27.55;18.00;0.00
40103300;17.72;27.55;18.00;0.00
40103400;17.72;27.55;18.00;0.00
40103500;17.72;27.55;18.00;0.00
40103600;17.72;27.55;18.00;0.00
40103900;17.72;27.55;18.00;0.00
40111000;19.67;35.67;18.00;0.00
40112010;14.35;26.01;18.00;0.00
40112090;14.35;26.01;18.00;0.00
40113000;13.45;15.45;18.00;0.00
40114000;22.58;33.39;18.00;0.00
40115000;22.58;33.39;18.00;0.00
40117010;19.67;31.33;18.00;0.00
40117090;19.67;31.33;18.00;0.00
40118010;19.67;21.67;18.00;0.00
40118020;19.67;21.67;18.00;0.00
40118090;19.67;31.33;18.00;0.00
40119010;19.67;21.67;18.00;0.00
40119090;19.67;31.33;18.00;0.00
40121100;13.45;24.26;18.00;0.00
40121200;13.45;24.26;18.00;0.00
40121300;13.45;24.26;18.00;0.00
40121900;13.45;24.26;18.00;0.00
40122000;13.45;24.26;18.00;0.00
40129010;13.45;25.11;18.00;0.00
40129090;13.45;25.11;18.00;0.00
40131010;14.35;26.01;18.00;0.00
40131090;19.67;31.33;18.00;0.00
40132000;22.58;33.39;18.00;0.00
40139000;19.67;31.33;18.00;0.00
40141000;13.45;21.23;18.00;0.00
40149010;19.67;30.48;18.00;0.00
40149090;19.67;30.48;18.00;0.00
40151200;13.45;24.26;18.00;0.00
40151900;19.67;30.48;18.00;0.00
40159000;19.67;30.48;18.00;0.00
40161010;20.78;32.44;18.00;0.00
40161090;20.78;31.59;18.00;0.00
40169100;17.72;29.38;18.00;0.00
40169200;13.45;24.26;18.00;0.00
40169300;16.91;28.57;18.00;0.00
40169400;16.91;27.72;18.00;0.00
40169510;19.67;30.48;18.00;0.00
40169590;19.67;30.48;18.00;0.00
40169910;20.78;22.78;18.00;0.00
40169990;20.78;32.44;18.00;0.00
40170000;20.78;31.59;18.00;0.00
41012000;13.45;15.45;18.00;0.00
41015010;13.45;15.45;18.00;0.00
41015020;13.45;15.45;18.00;0.00
41015030;13.45;15.45;18.00;0.00
41019010;13.45;15.45;18.00;0.00
41019020;13.45;15.45;18.00;0.00
41019030;13.45;15.45;18.00;0.00
41021000;13.45;15.45;18.00;0.00
41022100;13.45;15.45;18.00;0.00
41022900;13.45;15.45;18.00;0.00
41032000;13.45;15.45;18.00;0.00
41033000;13.45;15.45;18.00;0.00
41039000;13.45;15.45;18.00;0.00
41041111;13.45;17.88;18.00;0.00
41041112;13.45;20.15;18.00;0.00
41041113;13.45;21.23;18.00;0.00
41041114;13.45;20.15;18.00;0.00
41041119;13.45;21.23;18.00;0.00
41041121;13.45;17.88;18.00;0.00
41041122;13.45;20.15;18.00;0.00
41041123;13.45;21.23;18.00;0.00
41041124;13.45;20.15;18.00;0.00
41041129;13.45;21.23;18.00;0.00
41041910;13.45;17.88;18.00;0.00
41041920;13.45;20.15;18.00;0.00
41041930;13.45;21.23;18.00;0.00
41041940;13.45;20.15;18.00;0.00
41041990;13.45;21.23;18.00;0.00
41044110;13.45;20.15;18.00;0.00
41044120;13.45;21.23;18.00;0.00
41044130;13.45;21.23;18.00;0.00
41044190;13.45;21.23;18.00;0.00
41044910;13.45;20.15;18.00;0.00
41044920;13.45;21.23;18.00;0.00
41044990;13.45;21.23;18.00;0.00
41051010;13.45;21.23;18.00;0.00
41051021;13.45;20.15;18.00;0.00
41051029;13.45;20.15;18.00;0.00
41051090;13.45;21.23;18.00;0.00
41053000;13.45;21.23;18.00;0.00
41062110;13.45;21.23;18.00;0.00
41062121;13.45;20.15;18.00;0.00
41062129;13.45;21.23;18.00;0.00
41062190;13.45;21.23;18.00;0.00
41062200;13.45;21.23;18.00;0.00
41063110;13.45;20.15;18.00;0.00
41063190;13.45;21.23;18.00;0.00
41063200;13.45;21.23;18.00;0.00
41064000;13.45;21.23;18.00;0.00
41069100;13.45;21.23;18.00;0.00
41069200;13.45;21.23;18.00;0.00
41071110;13.45;20.15;18.00;0.00
41071120;13.45;21.23;18.00;0.00
41071190;13.45;21.23;18.00;0.00
41071210;13.45;20.15;18.00;0.00
41071220;13.45;21.23;18.00;0.00
41071290;13.45;21.23;18.00;0.00
41071910;13.45;20.15;18.00;0.00
41071920;13.45;21.23;18.00;0.00
41071990;13.45;21.23;18.00;0.00
41079110;13.45;21.23;18.00;0.00
41079190;13.45;21.23;18.00;0.00
41079210;13.45;21.23;18.00;0.00
41079290;13.45;21.23;18.00;0.00
41079910;13.45;21.23;18.00;0.00
41079990;13.45;21.23;18.00;0.00
41120000;13.45;21.23;18.00;0.00
41131010;13.45;21.23;18.00;0.00
41131090;13.45;21.23;18.00;0.00
41132000;13.45;21.23;18.00;0.00
41133000;13.45;21.23;18.00;0.00
41139000;13.45;21.23;18.00;0.00
41141000;13.45;21.23;18.00;0.00
41142010;13.45;21.23;18.00;0.00
41142020;13.45;21.23;18.00;0.00
41151000;13.45;21.23;18.00;0.00
41152000;13.45;21.23;18.00;0.00
42010010;13.45;26.13;18.00;0.00
42010090;13.45;26.13;18.00;0.00
42021100;17.72;30.40;18.00;0.00
42021210;17.72;30.40;18.00;0.00
42021220;17.72;30.40;18.00;0.00
42021900;17.72;30.40;18.00;0.00
42022100;17.72;30.40;18.00;0.00
42022210;17.72;37.87;18.00;0.00
42022220;17.72;37.87;18.00;0.00
42022900;17.72;30.40;18.00;0.00
42023100;17.72;30.40;18.00;0.00
42023200;17.72;30.40;18.00;0.00
42023900;17.72;30.40;18.00;0.00
42029100;17.72;30.40;18.00;0.00
42029200;17.72;37.87;18.00;0.00
42029900;17.72;30.40;18.00;0.00
42031000;17.72;30.40;18.00;0.00
42032100;17.72;30.40;18.00;0.00
42032900;17.72;30.40;18.00;0.00
42033000;17.72;30.40;18.00;0.00
42034000;17.72;30.40;18.00;0.00
42050000;17.72;31.39;18.00;0.00
42060000;17.72;30.40;18.00;0.00
43011000;13.45;21.23;18.00;0.00
43013000;13.45;21.23;18.00;0.00
43016000;13.45;21.23;18.00;0.00
43018000;13.45;21.23;18.00;0.00
43019000;13.45;21.23;18.00;0.00
43021100;33.09;42.92;18.00;0.00
43021910;17.72;27.55;18.00;0.00
43021990;17.72;27.55;18.00;0.00
43022000;33.09;42.92;18.00;0.00
43023000;33.09;42.92;18.00;0.00
43031000;27.89;40.57;18.00;0.00
43039000;27.89;40.57;18.00;0.00
43040000;17.72;30.40;18.00;0.00
44011100;13.45;15.45;18.00;0.00
44011200;13.45;15.45;18.00;0.00
44012100;13.45;15.45;18.00;0.00
44012200;13.45;15.45;18.00;0.00
44013100;13.45;15.45;18.00;0.00
44013200;13.45;15.45;18.00;0.00
44013900;13.45;15.45;18.00;0.00
44014100;13.45;15.45;18.00;0.00
44014900;13.45;15.45;18.00;0.00
44021000;13.45;15.45;18.00;0.00
44022000;13.45;15.45;18.00;0.00
44029000;13.45;15.45;18.00;0.00
44031100;13.45;15.45;18.00;0.00
44031200;13.45;15.45;18.00;0.00
44032100;13.45;15.45;18.00;0.00
44032200;13.45;15.45;18.00;0.00
44032300;13.45;15.45;18.00;0.00
44032400;13.45;15.45;18.00;0.00
44032500;13.45;15.45;18.00;0.00
44032600;13.45;15.45;18.00;0.00
44034100;13.45;15.45;18.00;0.00
44034200;13.45;15.45;18.00;0.00
44034900;13.45;15.45;18.00;0.00
44039100;13.45;15.45;18.00;0.00
44039300;13.45;15.45;18.00;0.00
44039400;13.45;15.45;18.00;0.00
44039500;13.45;15.45;18.00;0.00
44039600;13.45;15.45;18.00;0.00
44039700;13.45;15.45;18.00;0.00
44039800;13.45;15.45;18.00;0.00
44039900;13.45;15.45;18.00;0.00
44041000;13.45;15.45;18.00;0.00
44042000;13.45;15.45;18.00;0.00
44050000;13.45;15.45;18.00;0.00
44061100;13.45;17.88;18.00;0.00
44061200;13.45;17.88;18.00;0.00
44069100;13.45;17.88;18.00;0.00
44069200;13.45;17.88;18.00;0.00
44071100;13.45;19.04;18.00;0.00
44071200;13.45;19.04;18.00;0.00
44071300;13.45;19.04;18.00;0.00
44071400;13.45;19.04;18.00;0.00
44071900;13.45;19.04;18.00;0.00
44072100;13.45;19.04;18.00;0.00
44072200;13.45;19.04;18.00;0.00
44072300;13.45;19.04;18.00;0.00
44072500;13.45;19.04;18.00;0.00
44072600;13.45;19.04;18.00;0.00
44072700;13.45;19.04;18.00;0.00
44072800;13.45;19.04;18.00;0.00
44072910;13.45;19.04;18.00;0.00
44072920;13.45;19.04;18.00;0.00
44072930;13.45;19.04;18.00;0.00
44072940;13.45;19.04;18.00;0.00
44072950;13.45;19.04;18.00;0.00
44072960;13.45;19.04;18.00;0.00
44072970;13.45;19.04;18.00;0.00
44072990;13.45;19.04;18.00;0.00
44079100;13.45;19.04;18.00;0.00
44079200;13.45;19.04;18.00;0.00
44079300;13.45;19.04;18.00;0.00
44079400;13.45;19.04;18.00;0.00
44079500;13.45;19.04;18.00;0.00
44079600;13.45;19.04;18.00;0.00
44079700;13.45;19.04;18.00;0.00
44079920;13.45;19.04;18.00;0.00
44079930;13.45;19.04;18.00;0.00
44079960;13.45;19.04;18.00;0.00
44079970;13.45;19.04;18.00;0.00
44079990;13.45;19.04;18.00;0.00
44081010;17.72;25.50;18.00;0.00
44081091;15.65;21.24;18.00;0.00
44081099;15.65;21.24;18.00;0.00
44083110;17.72;25.50;18.00;0.00
44083190;15.65;21.24;18.00;0.00
44083910;17.72;25.50;18.00;0.00
44083991;15.65;21.24;18.00;0.00
44083992;15.65;21.24;18.00;0.00
44083999;15.65;21.24;18.00;0.00
44089010;17.72;25.50;18.00;0.00
44089090;15.65;21.24;18.00;0.00
44091000;17.72;25.50;18.00;0.00
44092100;17.72;25.50;18.00;0.00
44092200;17.72;25.50;18.00;0.00
44092900;17.72;25.50;18.00;0.00
44101110;15.65;23.43;18.00;0.00
44101121;13.45;23.28;18.00;0.00
44101129;15.65;23.43;18.00;0.00
44101190;15.65;23.43;18.00;0.00
44101210;15.65;23.43;18.00;0.00
44101290;15.65;23.43;18.00;0.00
44101911;15.65;23.43;18.00;0.00
44101919;15.65;23.43;18.00;0.00
44101991;15.65;23.43;18.00;0.00
44101992;15.65;23.43;18.00;0.00
44101999;15.65;23.43;18.00;0.00
44109000;15.65;23.43;18.00;0.00
44111210;15.65;23.43;18.00;0.00
44111290;15.65;23.43;18.00;0.00
44111310;15.65;23.43;18.00;0.00
44111391;13.45;23.28;18.00;0.00
44111399;15.65;23.43;18.00;0.00
44111410;15.65;23.43;18.00;0.00
44111490;15.65;23.43;18.00;0.00
44119210;15.65;23.43;18.00;0.00
44119290;15.65;23.43;18.00;0.00
44119310;15.65;23.43;18.00;0.00
44119390;15.65;23.43;18.00;0.00
44119410;15.65;23.43;18.00;0.00
44119490;15.65;23.43;18.00;0.00
44121000;15.65;23.43;18.00;0.00
44123100;15.65;23.43;18.00;0.00
44123300;15.65;23.43;18.00;0.00
44123400;15.65;23.43;18.00;0.00
44123900;15.65;23.43;18.00;0.00
44124100;15.65;23.43;18.00;0.00
44124200;15.65;23.43;18.00;0.00
44124900;15.65;23.43;18.00;0.00
44125100;15.65;23.43;18.00;0.00
44125200;15.65;23.43;18.00;0.00
44125900;15.65;23.43;18.00;0.00
44129100;15.65;23.43;18.00;0.00
44129200;15.65;23.43;18.00;0.00
44129900;15.65;23.43;18.00;0.00
44130000;17.72;25.50;18.00;0.00
44141000;17.72;25.50;18.00;0.00
44149000;17.72;25.50;18.00;0.00
44151000;13.45;21.23;18.00;0.00
44152000;13.45;21.23;18.00;0.00
44160010;13.45;15.45;18.00;0.00
44160090;13.45;21.23;18.00;0.00
44170010;13.45;21.23;18.00;0.00
44170020;13.45;21.23;18.00;0.00
44170090;13.45;21.23;18.00;0.00
44181100;13.45;23.28;18.00;0.00
44181900;13.45;23.28;18.00;0.00
44182100;13.45;23.28;18.00;0.00
44182900;13.45;23.28;18.00;0.00
44183000;15.65;25.48;18.00;0.00
44184000;15.65;25.48;18.00;0.00
44185000;15.65;25.48;18.00;0.00
44187300;13.45;23.28;18.00;0.00
44187400;13.45;23.28;18.00;0.00
44187500;13.45;23.28;18.00;0.00
44187900;13.45;23.28;18.00;0.00
44188100;15.65;25.48;18.00;0.00
44188200;15.65;25.48;18.00;0.00
44188300;15.65;25.48;18.00;0.00
44188900;15.65;25.48;18.00;0.00
44189100;15.65;25.48;18.00;0.00
44189200;15.65;25.48;18.00;0.00
44189900;15.65;25.48;18.00;0.00
44191100;13.45;23.28;18.00;0.00
44191200;13.45;23.28;18.00;0.00
44191900;13.45;23.28;18.00;0.00
44192000;13.45;23.28;18.00;0.00
44199000;13.45;23.28;18.00;0.00
44201100;13.45;23.28;18.00;0.00
44201900;13.45;23.28;18.00;0.00
44209000;13.45;23.28;18.00;0.00
44211000;13.45;23.28;18.00;0.00
44212000;13.45;23.28;18.00;0.00
44219100;13.45;23.28;18.00;0.00
44219900;13.45;23.28;18.00;0.00
45011000;13.45;15.45;18.00;0.00
45019000;13.45;15.45;18.00;0.00
45020000;13.45;17.88;18.00;0.00
45031000;13.45;21.23;18.00;0.00
45039000;13.45;21.23;18.00;0.00
45041000;13.45;21.23;18.00;0.00
45049000;13.45;21.23;18.00;0.00
46012100;13.45;22.27;18.00;0.00
46012200;13.45;22.27;18.00;0.00
46012900;13.45;22.27;18.00;0.00
46019200;13.45;22.27;18.00;0.00
46019300;13.45;22.27;18.00;0.00
46019400;13.45;22.27;18.00;0.00
46019900;13.45;22.27;18.00;0.00
46021100;13.45;22.27;18.00;0.00
46021200;13.45;22.27;18.00;0.00
46021900;13.45;22.27;7.00;0.00
46029000;13.45;22.27;18.00;0.00
47010000;13.45;17.88;18.00;0.00
47020000;13.45;17.88;18.00;0.00
47031100;13.45;17.88;18.00;0.00
47031900;13.45;17.88;18.00;0.00
47032110;13.45;17.88;18.00;0.00
47032190;13.45;17.88;18.00;0.00
47032900;13.45;17.88;18.00;0.00
47041100;13.45;17.88;18.00;0.00
47041900;13.45;17.88;18.00;0.00
47042100;13.45;17.88;18.00;0.00
47042900;13.45;17.88;18.00;0.00
47050000;13.45;17.88;18.00;0.00
47061000;13.45;17.88;18.00;0.00
47062000;13.45;17.88;18.00;0.00
47063000;13.45;17.88;18.00;0.00
47069100;13.45;17.88;18.00;0.00
47069200;13.45;17.88;18.00;0.00
47069300;13.45;17.88;18.00;0.00
47071000;13.45;26.13;18.00;0.00
47072000;13.45;15.45;18.00;0.00
47073000;13.45;26.13;18.00;0.00
47079000;13.45;26.13;18.00;0.00
48010020;15.65;26.46;18.00;0.00
48010030;19.67;25.26;18.00;0.00
48010090;19.67;28.49;18.00;0.00
48021000;15.65;24.47;18.00;0.00
48022010;15.65;26.46;18.00;0.00
48022090;15.65;24.47;18.00;0.00
48024010;15.65;26.46;18.00;0.00
48024090;15.65;24.47;18.00;0.00
48025410;15.65;26.46;18.00;0.00
48025491;15.65;17.65;18.00;0.00
48025499;15.65;24.47;18.00;0.00
48025510;15.65;26.46;18.00;0.00
48025591;15.65;24.47;18.00;0.00
48025592;15.65;24.47;18.00;0.00
48025599;15.65;24.47;18.00;0.00
48025610;15.65;26.46;18.00;0.00
48025691;13.45;19.04;18.00;0.00
48025692;15.65;24.47;18.00;0.00
48025693;15.65;24.47;18.00;0.00
48025699;15.65;24.47;18.00;0.00
48025710;15.65;26.46;18.00;0.00
48025791;13.45;19.04;18.00;0.00
48025792;15.65;24.47;18.00;0.00
48025793;15.65;24.47;18.00;0.00
48025799;15.65;24.47;18.00;0.00
48025810;15.65;26.46;18.00;0.00
48025891;15.65;24.47;18.00;0.00
48025892;15.65;24.47;18.00;0.00
48025899;15.65;24.47;18.00;0.00
48026110;15.65;26.46;18.00;0.00
48026191;15.65;21.24;18.00;0.00
48026192;15.65;24.47;18.00;0.00
48026199;15.65;24.47;18.00;0.00
48026210;15.65;26.46;18.00;0.00
48026291;15.65;21.24;18.00;0.00
48026292;15.65;24.47;18.00;0.00
48026299;15.65;24.47;18.00;0.00
48026910;15.65;26.46;18.00;0.00
48026991;15.65;21.24;18.00;0.00
48026992;15.65;24.47;18.00;0.00
48026999;15.65;24.47;18.00;0.00
48030010;15.65;24.47;18.00;0.00
48030090;15.65;24.47;18.00;0.00
48041100;15.65;24.47;18.00;0.00
48041900;15.65;24.47;18.00;0.00
48042100;15.65;24.47;18.00;0.00
48042900;15.65;24.47;18.00;0.00
48043110;15.65;17.65;18.00;0.00
48043190;15.65;24.47;18.00;0.00
48043910;15.65;17.65;18.00;0.00
48043990;15.65;24.47;18.00;0.00
48044100;15.65;24.47;18.00;0.00
48044200;15.65;24.47;18.00;0.00
48044900;15.65;24.47;18.00;0.00
48045100;15.65;24.47;18.00;0.00
48045200;15.65;24.47;18.00;0.00
48045910;15.65;17.65;18.00;0.00
48045990;15.65;24.47;18.00;0.00
48051100;15.65;24.47;18.00;0.00
48051200;15.65;24.47;18.00;0.00
48051900;15.65;24.47;18.00;0.00
48052400;15.65;24.47;18.00;0.00
48052500;15.65;24.47;18.00;0.00
48053000;15.65;24.47;18.00;0.00
48054010;15.65;17.65;18.00;0.00
48054090;15.65;24.47;18.00;0.00
48055000;15.65;24.47;18.00;0.00
48059100;15.65;24.47;18.00;0.00
48059210;15.65;24.47;18.00;0.00
48059290;15.65;24.47;18.00;0.00
48059300;15.65;24.47;18.00;0.00
48061000;15.65;24.47;18.00;0.00
48062000;15.65;24.47;18.00;0.00
48063000;15.65;24.47;18.00;0.00
48064000;15.65;24.47;18.00;0.00
48070000;15.65;24.47;18.00;0.00
48081000;15.65;24.47;18.00;0.00
48084000;15.65;24.47;18.00;0.00
48089000;15.65;24.47;18.00;0.00
48092000;15.65;25.48;18.00;0.00
48099000;15.65;25.48;18.00;0.00
48101310;15.65;26.46;18.00;0.00
48101381;15.65;25.48;18.00;0.00
48101382;15.65;17.65;18.00;0.00
48101389;15.65;25.48;18.00;0.00
48101391;15.65;17.65;18.00;0.00
48101399;15.65;25.48;18.00;0.00
48101410;15.65;26.46;18.00;0.00
48101481;15.65;25.48;18.00;0.00
48101482;15.65;17.65;18.00;0.00
48101489;15.65;25.48;18.00;0.00
48101490;15.65;25.48;18.00;0.00
48101910;15.65;26.46;18.00;0.00
48101981;15.65;25.48;18.00;0.00
48101982;15.65;17.65;18.00;0.00
48101989;15.65;25.48;18.00;0.00
48101991;15.65;17.65;18.00;0.00
48101999;15.65;27.31;18.00;0.00
48102210;15.65;26.46;18.00;0.00
48102290;15.65;25.48;18.00;0.00
48102910;15.65;26.46;18.00;0.00
48102990;15.65;25.48;18.00;0.00
48103110;15.65;26.46;18.00;0.00
48103190;15.65;25.48;18.00;0.00
48103210;15.65;26.46;18.00;0.00
48103290;15.65;25.48;18.00;0.00
48103910;15.65;26.46;18.00;0.00
48103990;15.65;25.48;18.00;0.00
48109210;15.65;26.46;18.00;0.00
48109290;15.65;27.31;18.00;0.00
48109910;15.65;26.46;18.00;0.00
48109990;15.65;25.48;18.00;0.00
48111010;15.65;26.46;18.00;0.00
48111090;15.65;24.47;18.00;0.00
48114110;15.65;26.46;18.00;0.00
48114190;15.65;24.47;18.00;0.00
48114910;15.65;26.46;18.00;0.00
48114990;15.65;24.47;18.00;0.00
48115110;15.65;26.46;18.00;0.00
48115121;15.65;24.47;18.00;0.00
48115122;15.65;24.47;18.00;0.00
48115123;15.65;17.65;18.00;0.00
48115128;15.65;17.65;18.00;0.00
48115129;15.65;24.47;18.00;0.00
48115130;15.65;24.47;18.00;0.00
48115910;15.65;26.46;18.00;0.00
48115921;15.65;24.47;18.00;0.00
48115922;15.65;24.47;18.00;0.00
48115923;15.65;24.47;18.00;0.00
48115929;15.65;24.47;18.00;0.00
48115930;15.65;24.47;18.00;0.00
48116010;15.65;26.46;18.00;0.00
48116090;15.65;24.47;18.00;0.00
48119011;15.65;17.65;18.00;0.00
48119019;15.65;27.31;18.00;0.00
48119020;15.65;17.65;18.00;0.00
48119090;15.65;24.47;18.00;0.00
48120000;13.45;22.27;18.00;0.00
48131000;29.29;38.11;18.00;0.00
48132000;29.29;38.11;18.00;0.00
48139000;29.29;38.11;18.00;0.00
48142000;19.67;29.50;18.00;0.00
48149000;21.50;31.33;18.00;0.00
48162000;15.65;26.46;18.00;0.00
48169010;19.67;30.48;18.00;0.00
48169090;19.67;29.50;18.00;0.00
48171000;15.65;26.46;18.00;0.00
48172000;15.65;26.46;18.00;0.00
48173000;15.65;26.46;18.00;0.00
48181000;13.45;24.26;18.00;0.00
48182000;15.65;26.46;18.00;0.00
48183000;15.65;26.46;18.00;0.00
48185000;15.65;26.46;18.00;0.00
48189010;15.65;26.46;18.00;0.00
48189090;15.65;26.46;18.00;0.00
48191000;22.58;33.39;18.00;0.00
48192000;19.67;30.48;18.00;0.00
48193000;19.67;30.48;18.00;0.00
48194000;19.67;30.48;18.00;0.00
48195000;19.67;30.48;18.00;0.00
48196000;19.67;30.48;18.00;0.00
48201000;19.67;30.48;18.00;0.00
48202000;13.45;24.26;18.00;0.00
48203000;19.67;30.48;18.00;0.00
48204000;15.65;26.46;18.00;0.00
48205000;19.67;30.48;18.00;0.00
48209000;19.67;30.48;18.00;0.00
48211000;13.45;24.26;18.00;0.00
48219000;13.45;24.26;18.00;0.00
48221000;17.72;28.53;18.00;0.00
48229000;17.72;28.53;18.00;0.00
48232010;19.67;21.67;18.00;0.00
48232091;19.67;28.49;18.00;0.00
48232099;19.67;31.33;18.00;0.00
48234000;19.67;30.48;18.00;0.00
48236100;19.67;30.48;18.00;0.00
48236900;19.67;30.48;18.00;0.00
48237000;19.67;31.33;18.00;0.00
48239010;19.67;21.67;18.00;0.00
48239020;19.67;21.67;18.00;0.00
48239091;19.67;28.49;18.00;0.00
48239099;19.67;31.33;18.00;0.00
49011000;13.45;15.45;18.00;0.00
49019100;13.45;15.45;18.00;0.00
49019900;13.45;15.45;18.00;0.00
49021000;13.45;15.45;18.00;0.00
49029000;13.45;15.45;18.00;0.00
49030000;13.45;24.26;18.00;0.00
49040000;13.45;15.45;18.00;0.00
49052000;13.45;15.45;18.00;0.00
49059000;13.45;17.88;18.00;0.00
49060000;13.45;17.88;18.00;0.00
49070010;13.45;15.45;18.00;0.00
49070020;13.45;15.45;18.00;0.00
49070030;13.45;15.45;18.00;0.00
49070090;13.45;24.26;18.00;0.00
49081000;13.45;24.26;18.00;0.00
49089000;13.45;24.26;18.00;0.00
49090000;13.45;24.26;18.00;0.00
49100000;17.72;28.53;18.00;0.00
49111010;13.45;15.45;18.00;0.00
49111090;13.45;25.11;18.00;0.00
49119100;13.45;24.26;18.00;0.00
49119900;13.45;24.26;18.00;0.00
50010000;13.45;17.88;18.00;0.00
50020000;13.45;17.88;18.00;0.00
50030010;13.45;17.88;18.00;0.00
50030090;13.45;17.88;18.00;0.00
50040000;13.45;26.13;18.00;0.00
50050000;13.45;26.13;18.00;0.00
50060000;13.45;26.13;18.00;0.00
50071010;13.45;29.89;18.00;0.00
50071090;13.45;29.89;18.00;0.00
50072010;13.45;29.89;18.00;0.00
50072090;13.45;29.89;18.00;0.00
50079000;13.45;29.89;18.00;0.00
51011110;13.45;20.15;18.00;0.00
51011190;13.45;20.15;18.00;0.00
51011900;13.45;20.15;18.00;0.00
51012100;13.45;20.15;18.00;0.00
51012900;13.45;20.15;18.00;0.00
51013000;13.45;20.15;18.00;0.00
51021100;13.45;20.15;18.00;0.00
51021900;13.45;20.15;18.00;0.00
51022000;13.45;20.15;18.00;0.00
51031000;13.45;19.04;18.00;0.00
51032000;13.45;19.04;18.00;0.00
51033000;13.45;19.04;18.00;0.00
51040000;13.45;19.04;18.00;0.00
51051000;13.45;21.23;18.00;0.00
51052100;13.45;21.23;18.00;0.00
51052910;13.45;21.23;18.00;0.00
51052991;13.45;21.23;18.00;0.00
51052999;13.45;21.23;18.00;0.00
51053100;13.45;21.23;18.00;0.00
51053900;13.45;21.23;18.00;0.00
51054000;13.45;21.23;18.00;0.00
51061000;13.45;26.13;18.00;0.00
51062000;13.45;26.13;18.00;0.00
51071011;13.45;26.13;18.00;0.00
51071019;13.45;26.13;18.00;0.00
51071090;13.45;26.13;18.00;0.00
51072000;13.45;26.13;18.00;0.00
51081000;13.45;26.13;18.00;0.00
51082000;13.45;26.13;18.00;0.00
51091000;13.45;26.13;18.00;0.00
51099000;13.45;26.13;18.00;0.00
51100000;13.45;26.13;18.00;0.00
51111110;13.45;29.89;18.00;0.00
51111120;13.45;29.89;18.00;0.00
51111900;13.45;29.89;18.00;0.00
51112000;13.45;29.89;18.00;0.00
51113010;13.45;15.45;18.00;0.00
51113090;13.45;29.89;18.00;0.00
51119000;13.45;29.89;18.00;0.00
51121100;13.45;29.89;18.00;0.00
51121910;13.45;29.89;18.00;0.00
51121920;13.45;29.89;18.00;0.00
51122010;13.45;29.89;18.00;0.00
51122020;13.45;29.89;18.00;0.00
51123010;13.45;29.89;18.00;0.00
51123020;13.45;29.89;18.00;0.00
51129000;13.45;29.89;18.00;0.00
51130011;13.45;29.89;18.00;0.00
51130012;13.45;29.89;18.00;0.00
51130013;13.45;29.89;18.00;0.00
51130020;13.45;29.89;18.00;0.00
52010010;13.45;19.04;18.00;0.00
52010020;13.45;19.04;18.00;0.00
52010090;13.45;19.04;18.00;0.00
52021000;13.45;19.04;18.00;0.00
52029100;13.45;19.04;18.00;0.00
52029900;13.45;19.04;18.00;0.00
52030000;13.45;20.15;18.00;0.00
52041111;13.45;26.13;18.00;0.00
52041112;13.45;26.13;18.00;0.00
52041120;13.45;26.13;18.00;0.00
52041131;13.45;26.13;18.00;0.00
52041132;13.45;26.13;18.00;0.00
52041140;13.45;26.13;18.00;0.00
52041911;13.45;26.13;18.00;0.00
52041912;13.45;26.13;18.00;0.00
52041920;13.45;26.13;18.00;0.00
52041931;13.45;26.13;18.00;0.00
52041932;13.45;26.13;18.00;0.00
52041940;13.45;26.13;18.00;0.00
52042000;13.45;26.13;18.00;0.00
52051100;13.45;26.13;18.00;0.00
52051200;13.45;26.13;18.00;0.00
52051310;13.45;26.13;18.00;0.00
52051390;13.45;26.13;18.00;0.00
52051400;13.45;26.13;18.00;0.00
52051500;13.45;26.13;18.00;0.00
52052100;13.45;26.13;18.00;0.00
52052200;13.45;26.13;18.00;0.00
52052310;13.45;26.13;18.00;0.00
52052390;13.45;26.13;18.00;0.00
52052400;13.45;26.13;18.00;0.00
52052600;13.45;26.13;18.00;0.00
52052700;13.45;26.13;18.00;0.00
52052800;13.45;26.13;18.00;0.00
52053100;13.45;26.13;18.00;0.00
52053200;13.45;26.13;18.00;0.00
52053300;13.45;26.13;18.00;0.00
52053400;13.45;26.13;18.00;0.00
52053500;13.45;26.13;18.00;0.00
52054100;13.45;26.13;18.00;0.00
52054200;13.45;26.13;18.00;0.00
52054300;13.45;26.13;18.00;0.00
52054400;13.45;26.13;18.00;0.00
52054600;13.45;26.13;18.00;0.00
52054700;13.45;26.13;18.00;0.00
52054800;13.45;26.13;18.00;0.00
52061100;13.45;26.13;18.00;0.00
52061200;13.45;26.13;18.00;0.00
52061300;13.45;26.13;18.00;0.00
52061400;13.45;26.13;18.00;0.00
52061500;13.45;26.13;18.00;0.00
52062100;13.45;26.13;18.00;0.00
52062200;13.45;26.13;18.00;0.00
52062300;13.45;26.13;18.00;0.00
52062400;13.45;26.13;18.00;0.00
52062500;13.45;26.13;18.00;0.00
52063100;13.45;26.13;18.00;0.00
52063200;13.45;26.13;18.00;0.00
52063300;13.45;26.13;18.00;0.00
52063400;13.45;26.13;18.00;0.00
52063500;13.45;26.13;18.00;0.00
52064100;13.45;26.13;18.00;0.00
52064200;13.45;26.13;18.00;0.00
52064300;13.45;26.13;18.00;0.00
52064400;13.45;26.13;18.00;0.00
52064500;13.45;26.13;18.00;0.00
52071000;13.45;26.13;18.00;0.00
52079000;13.45;26.13;18.00;0.00
52081100;13.45;29.89;18.00;0.00
52081200;13.45;29.89;18.00;0.00
52081300;13.45;29.89;18.00;0.00
52081900;13.45;29.89;18.00;0.00
52082100;13.45;29.89;18.00;0.00
52082200;13.45;29.89;18.00;0.00
52082300;13.45;29.89;18.00;0.00
52082900;13.45;29.89;18.00;0.00
52083100;13.45;29.89;18.00;0.00
52083200;13.45;29.89;18.00;0.00
52083300;13.45;29.89;18.00;0.00
52083900;13.45;29.89;18.00;0.00
52084100;13.45;29.89;18.00;0.00
52084200;13.45;29.89;18.00;0.00
52084300;13.45;29.89;18.00;0.00
52084900;13.45;29.89;18.00;0.00
52085100;13.45;29.89;18.00;0.00
52085200;13.45;29.89;18.00;0.00
52085910;13.45;29.89;18.00;0.00
52085990;13.45;29.89;18.00;0.00
52091100;13.45;29.89;18.00;0.00
52091200;13.45;29.89;18.00;0.00
52091900;13.45;29.89;18.00;0.00
52092100;13.45;29.89;18.00;0.00
52092200;13.45;29.89;18.00;0.00
52092900;13.45;29.89;18.00;0.00
52093100;13.45;29.89;18.00;0.00
52093200;13.45;29.89;18.00;0.00
52093900;13.45;29.89;18.00;0.00
52094100;13.45;29.89;18.00;0.00
52094210;13.45;29.89;18.00;0.00
52094290;13.45;29.89;18.00;0.00
52094300;13.45;29.89;18.00;0.00
52094900;13.45;29.89;18.00;0.00
52095100;13.45;29.89;18.00;0.00
52095200;13.45;29.89;18.00;0.00
52095900;13.45;29.89;18.00;0.00
52101100;13.45;29.89;18.00;0.00
52101910;13.45;29.89;18.00;0.00
52101990;13.45;29.89;18.00;0.00
52102100;13.45;29.89;18.00;0.00
52102910;13.45;29.89;18.00;0.00
52102990;13.45;29.89;18.00;0.00
52103100;13.45;29.89;18.00;0.00
52103200;13.45;29.89;18.00;0.00
52103900;13.45;29.89;18.00;0.00
52104100;13.45;29.89;18.00;0.00
52104910;13.45;29.89;18.00;0.00
52104990;13.45;29.89;18.00;0.00
52105100;13.45;29.89;18.00;0.00
52105910;13.45;29.89;18.00;0.00
52105990;13.45;29.89;18.00;0.00
52111100;13.45;29.89;18.00;0.00
52111200;13.45;29.89;18.00;0.00
52111900;13.45;29.89;18.00;0.00
52112010;13.45;29.89;18.00;0.00
52112020;13.45;29.89;18.00;0.00
52112090;13.45;29.89;18.00;0.00
52113100;13.45;29.89;18.00;0.00
52113200;13.45;29.89;18.00;0.00
52113900;13.45;29.89;18.00;0.00
52114100;13.45;29.89;18.00;0.00
52114210;13.45;29.89;18.00;0.00
52114290;13.45;29.89;18.00;0.00
52114300;13.45;29.89;18.00;0.00
52114900;13.45;29.89;18.00;0.00
52115100;13.45;29.89;18.00;0.00
52115200;13.45;29.89;18.00;0.00
52115900;13.45;29.89;18.00;0.00
52121100;13.45;29.89;18.00;0.00
52121200;13.45;29.89;18.00;0.00
52121300;13.45;29.89;18.00;0.00
52121400;13.45;29.89;18.00;0.00
52121500;13.45;29.89;18.00;0.00
52122100;13.45;29.89;18.00;0.00
52122200;13.45;29.89;18.00;0.00
52122300;13.45;29.89;18.00;0.00
52122400;13.45;29.89;18.00;0.00
52122500;13.45;29.89;18.00;0.00
53011000;13.45;19.04;18.00;0.00
53012110;13.45;19.04;18.00;0.00
53012120;13.45;19.04;18.00;0.00
53012910;13.45;19.04;18.00;0.00
53012990;13.45;19.04;18.00;0.00
53013000;13.45;19.04;18.00;0.00
53021000;13.45;19.04;18.00;0.00
53029000;13.45;19.04;18.00;0.00
53031010;13.45;15.45;18.00;0.00
53031090;13.45;20.15;18.00;0.00
53039010;13.45;20.15;18.00;0.00
53039090;13.45;20.15;18.00;0.00
53050010;13.45;19.04;18.00;0.00
53050090;13.45;19.04;18.00;0.00
53061000;13.45;26.13;18.00;0.00
53062000;13.45;26.13;18.00;0.00
53071010;13.45;26.13;18.00;0.00
53071090;13.45;26.13;18.00;0.00
53072010;13.45;26.13;18.00;0.00
53072090;13.45;26.13;18.00;0.00
53081000;13.45;26.13;18.00;0.00
53082000;13.45;26.13;18.00;0.00
53089000;13.45;26.13;18.00;0.00
53091100;13.45;29.89;18.00;0.00
53091900;13.45;29.89;18.00;0.00
53092100;13.45;29.89;18.00;0.00
53092900;13.45;29.89;18.00;0.00
53101010;13.45;29.89;18.00;0.00
53101090;13.45;29.89;18.00;0.00
53109000;13.45;29.89;18.00;0.00
53110000;13.45;29.89;18.00;0.00
54011011;13.45;26.13;18.00;0.00
54011012;13.45;25.21;18.00;0.00
54011090;13.45;26.13;18.00;0.00
54012011;13.45;26.13;18.00;0.00
54012012;13.45;25.21;18.00;0.00
54012090;13.45;26.13;18.00;0.00
54021100;13.45;15.45;18.00;0.00
54021910;13.45;26.13;18.00;0.00
54021990;13.45;26.13;18.00;0.00
54022010;13.45;15.45;18.00;0.00
54022090;13.45;15.45;18.00;0.00
54023111;13.45;26.13;18.00;0.00
54023119;13.45;26.13;18.00;0.00
54023190;13.45;26.13;18.00;0.00
54023211;13.45;26.13;18.00;0.00
54023219;13.45;26.13;18.00;0.00
54023290;13.45;26.13;18.00;0.00
54023310;13.45;26.13;18.00;0.00
54023320;13.45;26.13;18.00;0.00
54023390;13.45;26.13;18.00;0.00
54023400;13.45;26.13;18.00;0.00
54023900;13.45;26.13;18.00;0.00
54024400;13.45;26.13;18.00;0.00
54024510;13.45;15.45;18.00;0.00
54024520;13.45;26.13;18.00;0.00
54024590;13.45;26.13;18.00;0.00
54024600;13.45;15.45;18.00;0.00
54024710;13.45;26.13;18.00;0.00
54024720;13.45;26.13;18.00;0.00
54024790;13.45;26.13;18.00;0.00
54024800;13.45;26.13;18.00;0.00
54024910;13.45;15.45;18.00;0.00
54024990;13.45;26.13;18.00;0.00
54025110;13.45;15.45;18.00;0.00
54025190;13.45;26.13;18.00;0.00
54025200;13.45;26.13;18.00;0.00
54025300;13.45;26.13;18.00;0.00
54025900;13.45;26.13;18.00;0.00
54026110;13.45;15.45;18.00;0.00
54026190;13.45;26.13;18.00;0.00
54026200;13.45;26.13;18.00;0.00
54026300;13.45;26.13;18.00;0.00
54026900;13.45;26.13;18.00;0.00
54031000;13.45;26.13;18.00;0.00
54033110;13.45;15.45;18.00;0.00
54033190;13.45;26.13;18.00;0.00
54033200;13.45;26.13;18.00;0.00
54033300;13.45;26.13;18.00;0.00
54033900;13.45;26.13;18.00;0.00
54034100;13.45;26.13;18.00;0.00
54034200;13.45;26.13;18.00;0.00
54034900;13.45;26.13;18.00;0.00
54041100;13.45;26.13;18.00;0.00
54041200;13.45;26.13;18.00;0.00
54041911;13.45;15.45;18.00;0.00
54041919;13.45;26.13;18.00;0.00
54041990;13.45;26.13;18.00;0.00
54049000;13.45;26.13;18.00;0.00
54050000;13.45;26.13;18.00;0.00
54060010;13.45;25.21;18.00;0.00
54060020;13.45;25.21;18.00;0.00
54071011;13.45;15.45;18.00;0.00
54071019;13.45;29.89;18.00;0.00
54071021;13.45;15.45;18.00;0.00
54071029;13.45;29.89;18.00;0.00
54072000;13.45;29.89;18.00;0.00
54073000;13.45;29.89;18.00;0.00
54074100;13.45;29.89;18.00;0.00
54074200;13.45;29.89;18.00;0.00
54074300;13.45;29.89;18.00;0.00
54074400;13.45;29.89;18.00;0.00
54075100;13.45;29.89;18.00;0.00
54075210;13.45;29.89;18.00;0.00
54075220;13.45;29.89;18.00;0.00
54075300;13.45;29.89;18.00;0.00
54075400;13.45;29.89;18.00;0.00
54076100;13.45;29.89;18.00;0.00
54076900;13.45;29.89;18.00;0.00
54077100;13.45;29.89;18.00;0.00
54077200;13.45;29.89;18.00;0.00
54077300;13.45;29.89;18.00;0.00
54077400;13.45;29.89;18.00;0.00
54078100;13.45;29.89;18.00;0.00
54078200;13.45;29.89;18.00;0.00
54078300;13.45;29.89;18.00;0.00
54078400;13.45;29.89;18.00;0.00
54079100;13.45;29.89;18.00;0.00
54079200;13.45;29.89;18.00;0.00
54079300;13.45;29.89;18.00;0.00
54079400;13.45;29.89;18.00;0.00
54081000;13.45;29.89;18.00;0.00
54082100;13.45;29.89;18.00;0.00
54082200;13.45;29.89;18.00;0.00
54082300;13.45;29.89;18.00;0.00
54082400;13.45;29.89;18.00;0.00
54083100;13.45;29.89;18.00;0.00
54083200;13.45;29.89;18.00;0.00
54083300;13.45;29.89;18.00;0.00
54083400;13.45;29.89;18.00;0.00
55011100;13.45;24.26;18.00;0.00
55011900;13.45;24.26;18.00;0.00
55012000;13.45;24.26;18.00;0.00
55013000;13.45;15.45;18.00;0.00
55014000;13.45;24.26;18.00;0.00
55019000;13.45;24.26;18.00;0.00
55021000;24.87;37.55;18.00;0.00
55029010;13.45;15.45;18.00;0.00
55029090;13.45;22.27;18.00;0.00
55031100;13.45;15.45;18.00;0.00
55031910;13.45;15.45;18.00;0.00
55031990;13.45;24.26;18.00;0.00
55032010;13.45;15.45;18.00;0.00
55032090;13.45;15.45;18.00;0.00
55033000;13.45;15.45;18.00;0.00
55034000;13.45;24.26;18.00;0.00
55039010;13.45;15.45;18.00;0.00
55039020;13.45;15.45;18.00;0.00
55039090;13.45;24.26;18.00;0.00
55041000;13.45;15.45;18.00;0.00
55049010;13.45;15.45;18.00;0.00
55049090;13.45;22.27;18.00;0.00
55051000;13.45;24.26;18.00;0.00
55052000;13.45;22.27;18.00;0.00
55061000;13.45;24.26;18.00;0.00
55062000;13.45;24.26;18.00;0.00
55063000;13.45;24.26;18.00;0.00
55064000;13.45;24.26;18.00;0.00
55069000;13.45;24.26;18.00;0.00
55070000;13.45;22.27;18.00;0.00
55081000;13.45;26.13;18.00;0.00
55082000;13.45;26.13;18.00;0.00
55091100;13.45;26.13;18.00;0.00
55091210;13.45;15.45;18.00;0.00
55091290;13.45;26.13;18.00;0.00
55092100;13.45;26.13;18.00;0.00
55092200;13.45;26.13;18.00;0.00
55093100;13.45;26.13;18.00;0.00
55093200;13.45;26.13;18.00;0.00
55094100;13.45;26.13;18.00;0.00
55094200;13.45;26.13;18.00;0.00
55095100;13.45;26.13;18.00;0.00
55095200;13.45;26.13;18.00;0.00
55095300;13.45;26.13;18.00;0.00
55095900;13.45;26.13;18.00;0.00
55096100;13.45;26.13;18.00;0.00
55096200;13.45;26.13;18.00;0.00
55096900;13.45;26.13;18.00;0.00
55099100;13.45;26.13;18.00;0.00
55099200;13.45;26.13;18.00;0.00
55099900;13.45;26.13;18.00;0.00
55101111;13.45;26.13;18.00;0.00
55101112;13.45;26.13;18.00;0.00
55101113;13.45;26.13;18.00;0.00
55101119;13.45;26.13;18.00;0.00
55101190;13.45;26.13;18.00;0.00
55101211;13.45;26.13;18.00;0.00
55101212;13.45;26.13;18.00;0.00
55101213;13.45;26.13;18.00;0.00
55101219;13.45;26.13;18.00;0.00
55101290;13.45;26.13;18.00;0.00
55102011;13.45;26.13;18.00;0.00
55102012;13.45;26.13;18.00;0.00
55102013;13.45;26.13;18.00;0.00
55102019;13.45;26.13;18.00;0.00
55102090;13.45;26.13;18.00;0.00
55103011;13.45;26.13;18.00;0.00
55103012;13.45;26.13;18.00;0.00
55103013;13.45;26.13;18.00;0.00
55103019;13.45;26.13;18.00;0.00
55103090;13.45;26.13;18.00;0.00
55109011;13.45;26.13;18.00;0.00
55109012;13.45;26.13;18.00;0.00
55109013;13.45;26.13;18.00;0.00
55109019;13.45;26.13;18.00;0.00
55109090;13.45;26.13;18.00;0.00
55111000;13.45;25.21;18.00;0.00
55112000;13.45;25.21;18.00;0.00
55113000;13.45;25.21;18.00;0.00
55121100;13.45;29.89;18.00;0.00
55121900;13.45;29.89;18.00;0.00
55122100;13.45;29.89;18.00;0.00
55122900;13.45;29.89;18.00;0.00
55129110;13.45;15.45;18.00;0.00
55129190;13.45;29.89;18.00;0.00
55129910;13.45;15.45;18.00;0.00
55129990;13.45;29.89;18.00;0.00
55131100;13.45;29.89;18.00;0.00
55131200;13.45;29.89;18.00;0.00
55131300;13.45;29.89;18.00;0.00
55131900;13.45;29.89;18.00;0.00
55132100;13.45;29.89;18.00;0.00
55132310;13.45;29.89;18.00;0.00
55132390;13.45;29.89;18.00;0.00
55132900;13.45;29.89;18.00;0.00
55133100;13.45;29.89;18.00;0.00
55133911;13.45;29.89;18.00;0.00
55133919;13.45;29.89;18.00;0.00
55133990;13.45;29.89;18.00;0.00
55134100;13.45;29.89;18.00;0.00
55134911;13.45;29.89;18.00;0.00
55134919;13.45;29.89;18.00;0.00
55134990;13.45;29.89;18.00;0.00
55141100;13.45;29.89;18.00;0.00
55141200;13.45;29.89;18.00;0.00
55141910;13.45;29.89;18.00;0.00
55141990;13.45;29.89;18.00;0.00
55142100;13.45;29.89;18.00;0.00
55142200;13.45;29.89;18.00;0.00
55142300;13.45;29.89;18.00;0.00
55142900;13.45;29.89;18.00;0.00
55143011;13.45;29.89;18.00;0.00
55143012;13.45;29.89;18.00;0.00
55143019;13.45;29.89;18.00;0.00
55143090;13.45;29.89;18.00;0.00
55144100;13.45;29.89;18.00;0.00
55144200;13.45;29.89;18.00;0.00
55144300;13.45;29.89;18.00;0.00
55144900;13.45;29.89;18.00;0.00
55151100;13.45;29.89;18.00;0.00
55151200;13.45;29.89;18.00;0.00
55151300;13.45;29.89;18.00;0.00
55151900;13.45;29.89;18.00;0.00
55152100;13.45;29.89;18.00;0.00
55152200;13.45;29.89;18.00;0.00
55152900;13.45;29.89;18.00;0.00
55159100;13.45;29.89;18.00;0.00
55159910;13.45;29.89;18.00;0.00
55159990;13.45;29.89;18.00;0.00
55161100;13.45;29.89;18.00;0.00
55161200;13.45;29.89;18.00;0.00
55161300;13.45;29.89;18.00;0.00
55161400;13.45;29.89;18.00;0.00
55162100;13.45;29.89;18.00;0.00
55162200;13.45;29.89;18.00;0.00
55162300;13.45;29.89;18.00;0.00
55162400;13.45;29.89;18.00;0.00
55163100;13.45;29.89;18.00;0.00
55163200;13.45;29.89;18.00;0.00
55163300;13.45;29.89;18.00;0.00
55163400;13.45;29.89;18.00;0.00
55164100;13.45;29.89;18.00;0.00
55164200;13.45;29.89;18.00;0.00
55164300;13.45;29.89;18.00;0.00
55164400;13.45;29.89;18.00;0.00
55169100;13.45;29.89;18.00;0.00
55169200;13.45;29.89;18.00;0.00
55169300;13.45;29.89;18.00;0.00
55169400;13.45;29.89;18.00;0.00
56012110;13.45;25.21;18.00;0.00
56012190;13.45;25.21;18.00;0.00
56012211;13.45;15.45;18.00;0.00
56012219;13.45;25.21;18.00;0.00
56012291;24.87;36.63;18.00;0.00
56012299;13.45;25.21;18.00;0.00
56012900;13.45;25.21;18.00;0.00
56013010;13.45;15.45;18.00;0.00
56013090;13.45;25.21;18.00;0.00
56021000;13.45;29.89;18.00;0.00
56022100;13.45;29.89;18.00;0.00
56022900;13.45;29.89;18.00;0.00
56029000;13.45;29.89;18.00;0.00
56031110;13.45;15.45;18.00;0.00
56031120;13.45;29.89;18.00;0.00
56031130;13.45;29.89;18.00;0.00
56031140;13.45;29.89;18.00;0.00
56031190;13.45;29.89;18.00;0.00
56031210;13.45;29.89;18.00;0.00
56031220;13.45;15.45;18.00;0.00
56031230;13.45;29.89;18.00;0.00
56031240;13.45;29.89;18.00;0.00
56031250;13.45;29.89;18.00;0.00
56031290;13.45;29.89;18.00;0.00
56031310;13.45;29.89;18.00;0.00
56031320;13.45;15.45;18.00;0.00
56031330;13.45;29.89;18.00;0.00
56031340;13.45;29.89;18.00;0.00
56031350;13.45;29.89;18.00;0.00
56031390;13.45;29.89;18.00;0.00
56031410;13.45;15.45;18.00;0.00
56031420;13.45;29.89;18.00;0.00
56031430;13.45;29.89;18.00;0.00
56031440;13.45;29.89;18.00;0.00
56031490;13.45;29.89;18.00;0.00
56039110;13.45;29.89;18.00;0.00
56039120;13.45;29.89;18.00;0.00
56039130;13.45;29.89;18.00;0.00
56039190;13.45;29.89;18.00;0.00
56039210;13.45;29.89;18.00;0.00
56039220;13.45;29.89;18.00;0.00
56039230;13.45;29.89;18.00;0.00
56039240;13.45;29.89;18.00;0.00
56039290;13.45;29.89;18.00;0.00
56039310;13.45;29.89;18.00;0.00
56039320;13.45;29.89;18.00;0.00
56039330;13.45;29.89;18.00;0.00
56039340;13.45;29.89;18.00;0.00
56039390;13.45;29.89;18.00;0.00
56039410;13.45;29.89;18.00;0.00
56039420;13.45;29.89;18.00;0.00
56039430;13.45;29.89;18.00;0.00
56039490;13.45;29.89;18.00;0.00
56041000;13.45;25.21;18.00;0.00
56049010;13.45;15.45;18.00;0.00
56049021;13.45;25.21;18.00;0.00
56049022;13.45;25.21;18.00;0.00
56049090;13.45;25.21;18.00;0.00
56050010;13.45;25.21;18.00;0.00
56050020;13.45;25.21;18.00;0.00
56050090;13.45;25.21;18.00;0.00
56060000;13.45;25.21;18.00;0.00
56072100;13.45;25.21;18.00;0.00
56072900;13.45;25.21;18.00;0.00
56074100;13.45;25.21;18.00;0.00
56074900;13.45;25.21;18.00;0.00
56075011;13.45;25.21;18.00;0.00
56075019;13.45;25.21;18.00;0.00
56075090;13.45;25.21;18.00;0.00
56079010;13.45;25.21;18.00;0.00
56079020;13.45;15.45;18.00;0.00
56079090;13.45;25.21;18.00;0.00
56081100;13.45;25.21;18.00;0.00
56081900;13.45;25.21;18.00;0.00
56089000;13.45;25.21;18.00;0.00
56090010;13.45;25.21;18.00;0.00
56090090;13.45;25.21;18.00;0.00
57011011;17.72;37.87;18.00;0.00
57011012;17.72;37.87;18.00;0.00
57011020;17.72;37.87;18.00;0.00
57019000;17.72;37.87;18.00;0.00
57021000;17.72;37.87;18.00;0.00
57022000;17.72;37.87;18.00;0.00
57023100;17.72;37.87;18.00;0.00
57023200;17.72;37.87;18.00;0.00
57023900;17.72;37.87;18.00;0.00
57024100;17.72;37.87;18.00;0.00
57024200;17.72;37.87;18.00;0.00
57024900;17.72;37.87;18.00;0.00
57025010;17.72;37.87;18.00;0.00
57025020;17.72;37.87;18.00;0.00
57025090;17.72;37.87;18.00;0.00
57029100;17.72;37.87;18.00;0.00
57029200;17.72;37.87;18.00;0.00
57029900;17.72;37.87;18.00;0.00
57031000;17.72;37.87;18.00;0.00
57032100;17.72;37.87;18.00;0.00
57032900;17.72;37.87;18.00;0.00
57033100;17.72;37.87;18.00;0.00
57033900;17.72;37.87;18.00;0.00
57039000;17.72;37.87;18.00;0.00
57041000;17.72;37.87;18.00;0.00
57042000;17.72;37.87;18.00;0.00
57049000;17.72;37.87;18.00;0.00
57050000;17.72;37.87;18.00;0.00
58011000;13.45;29.89;18.00;0.00
58012100;13.45;29.89;18.00;0.00
58012200;13.45;29.89;18.00;0.00
58012300;13.45;29.89;18.00;0.00
58012600;13.45;29.89;18.00;0.00
58012700;13.45;29.89;18.00;0.00
58013100;13.45;29.89;18.00;0.00
58013200;13.45;29.89;18.00;0.00
58013300;13.45;29.89;18.00;0.00
58013600;13.45;29.89;18.00;0.00
58013700;13.45;29.89;18.00;0.00
58019000;13.45;29.89;18.00;0.00
58021000;13.45;29.89;18.00;0.00
58022000;13.45;29.89;18.00;0.00
58023000;13.45;29.89;18.00;0.00
58030010;13.45;29.89;18.00;0.00
58030090;13.45;29.89;18.00;0.00
58041010;13.45;29.89;18.00;0.00
58041090;13.45;29.89;18.00;0.00
58042100;13.45;29.89;18.00;0.00
58042910;13.45;29.89;18.00;0.00
58042990;13.45;29.89;18.00;0.00
58043010;13.45;29.89;18.00;0.00
58043090;13.45;29.89;18.00;0.00
58050010;15.65;32.09;18.00;0.00
58050020;15.65;32.09;18.00;0.00
58050090;15.65;32.09;18.00;0.00
58061000;13.45;29.89;18.00;0.00
58062000;13.45;29.89;18.00;0.00
58063100;13.45;29.89;18.00;0.00
58063200;13.45;29.89;18.00;0.00
58063900;13.45;29.89;18.00;0.00
58064000;13.45;29.89;18.00;0.00
58071000;13.45;29.89;18.00;0.00
58079000;13.45;29.89;18.00;0.00
58081000;13.45;29.89;18.00;0.00
58089000;13.45;29.89;18.00;0.00
58090000;13.45;29.89;18.00;0.00
58101000;13.45;29.89;18.00;0.00
58109100;13.45;29.89;18.00;0.00
58109200;13.45;29.89;18.00;0.00
58109900;13.45;29.89;18.00;0.00
58110000;13.45;29.89;18.00;0.00
59011000;15.65;26.46;18.00;0.00
59019000;15.65;26.46;18.00;0.00
59021010;15.65;26.46;18.00;0.00
59021090;15.65;25.48;18.00;0.00
59022000;15.65;26.46;18.00;0.00
59029000;15.65;25.48;18.00;0.00
59031000;15.65;32.09;18.00;0.00
59032000;15.65;32.09;18.00;0.00
59039000;15.65;32.09;18.00;0.00
59041000;17.72;28.53;18.00;0.00
59049000;17.72;28.53;18.00;0.00
59050000;17.72;28.53;18.00;0.00
59061000;16.78;27.59;18.00;0.00
59069100;15.65;26.46;18.00;0.00
59069900;15.65;26.46;18.00;0.00
59070000;15.65;26.46;18.00;0.00
59080000;15.65;26.46;18.00;0.00
59090000;15.65;26.46;18.00;0.00
59100000;17.72;28.53;18.00;0.00
59111000;15.65;26.46;18.00;0.00
59112010;15.65;26.46;18.00;0.00
59112090;15.65;26.46;18.00;0.00
59113100;15.65;32.09;18.00;0.00
59113200;15.65;32.09;18.00;0.00
59114000;15.65;32.09;18.00;0.00
59119000;15.65;32.09;18.00;0.00
60011010;13.45;29.89;18.00;0.00
60011020;13.45;29.89;18.00;0.00
60011090;13.45;29.89;18.00;0.00
60012100;13.45;29.89;18.00;0.00
60012200;13.45;29.89;18.00;0.00
60012900;13.45;29.89;18.00;0.00
60019100;13.45;29.89;18.00;0.00
60019200;13.45;29.89;18.00;0.00
60019900;13.45;29.89;18.00;0.00
60024010;13.45;29.89;18.00;0.00
60024020;13.45;29.89;18.00;0.00
60024090;13.45;29.89;18.00;0.00
60029010;13.45;29.89;18.00;0.00
60029020;13.45;29.89;18.00;0.00
60029090;13.45;29.89;18.00;0.00
60031000;13.45;29.89;18.00;0.00
60032000;13.45;29.89;18.00;0.00
60033000;13.45;29.89;18.00;0.00
60034000;13.45;29.89;18.00;0.00
60039000;13.45;29.89;18.00;0.00
60041011;13.45;29.89;18.00;0.00
60041012;13.45;29.89;18.00;0.00
60041013;13.45;29.89;18.00;0.00
60041014;13.45;29.89;18.00;0.00
60041031;13.45;29.89;18.00;0.00
60041032;13.45;29.89;18.00;0.00
60041033;13.45;29.89;18.00;0.00
60041034;13.45;29.89;18.00;0.00
60041041;13.45;29.89;18.00;0.00
60041042;13.45;29.89;18.00;0.00
60041043;13.45;29.89;18.00;0.00
60041044;13.45;29.89;18.00;0.00
60041091;13.45;29.89;18.00;0.00
60041092;13.45;29.89;18.00;0.00
60041093;13.45;29.89;18.00;0.00
60041094;13.45;29.89;18.00;0.00
60049010;13.45;29.89;18.00;0.00
60049030;13.45;29.89;18.00;0.00
60049040;13.45;29.89;18.00;0.00
60049090;13.45;29.89;18.00;0.00
60052100;13.45;29.89;18.00;0.00
60052200;13.45;29.89;18.00;0.00
60052300;13.45;29.89;18.00;0.00
60052400;13.45;29.89;18.00;0.00
60053500;13.45;29.89;18.00;0.00
60053600;13.45;29.89;18.00;0.00
60053700;13.45;29.89;18.00;0.00
60053800;13.45;29.89;18.00;0.00
60053900;13.45;29.89;18.00;0.00
60054100;13.45;29.89;18.00;0.00
60054200;13.45;29.89;18.00;0.00
60054300;13.45;29.89;18.00;0.00
60054400;13.45;29.89;18.00;0.00
60059010;13.45;29.89;18.00;0.00
60059090;13.45;29.89;18.00;0.00
60061000;13.45;29.89;18.00;0.00
60062100;13.45;29.89;18.00;0.00
60062200;13.45;29.89;18.00;0.00
60062300;13.45;29.89;18.00;0.00
60062400;13.45;29.89;18.00;0.00
60063110;13.45;29.89;18.00;0.00
60063120;13.45;29.89;18.00;0.00
60063130;13.45;29.89;18.00;0.00
60063190;13.45;29.89;18.00;0.00
60063210;13.45;29.89;18.00;0.00
60063220;13.45;29.89;18.00;0.00
60063230;13.45;29.89;18.00;0.00
60063290;13.45;29.89;18.00;0.00
60063310;13.45;29.89;18.00;0.00
60063320;13.45;29.89;18.00;0.00
60063330;13.45;29.89;18.00;0.00
60063390;13.45;29.89;18.00;0.00
60063410;13.45;29.89;18.00;0.00
60063420;13.45;29.89;18.00;0.00
60063430;13.45;29.89;18.00;0.00
60063490;13.45;29.89;18.00;0.00
60064100;13.45;29.89;18.00;0.00
60064200;13.45;29.89;18.00;0.00
60064300;13.45;29.89;18.00;0.00
60064400;13.45;29.89;18.00;0.00
60069000;13.45;29.89;18.00;0.00
61012000;13.45;33.60;18.00;0.00
61013000;13.45;33.60;18.00;0.00
61019010;13.45;33.60;18.00;0.00
61019090;13.45;33.60;18.00;0.00
61021000;13.45;33.60;18.00;0.00
61022000;13.45;33.60;18.00;0.00
61023000;13.45;33.60;18.00;0.00
61029000;13.45;33.60;18.00;0.00
61031010;13.45;33.60;18.00;0.00
61031020;13.45;33.60;18.00;0.00
61031090;13.45;33.60;18.00;0.00
61032200;13.45;33.60;18.00;0.00
61032300;13.45;33.60;18.00;0.00
61032910;13.45;33.60;18.00;0.00
61032990;13.45;33.60;18.00;0.00
61033100;13.45;33.60;18.00;0.00
61033200;13.45;33.60;18.00;0.00
61033300;13.45;33.60;18.00;0.00
61033900;13.45;33.60;18.00;0.00
61034100;13.45;33.60;18.00;0.00
61034200;13.45;33.60;18.00;0.00
61034300;13.45;33.60;18.00;0.00
61034900;13.45;33.60;18.00;0.00
61041300;13.45;33.60;18.00;0.00
61041910;13.45;33.60;18.00;0.00
61041920;13.45;33.60;18.00;0.00
61041990;13.45;33.60;18.00;0.00
61042200;13.45;33.60;18.00;0.00
61042300;13.45;33.60;18.00;0.00
61042910;13.45;33.60;18.00;0.00
61042990;13.45;33.60;18.00;0.00
61043100;13.45;33.60;18.00;0.00
61043200;13.45;33.60;18.00;0.00
61043300;13.45;33.60;18.00;0.00
61043900;13.45;33.60;18.00;0.00
61044100;13.45;33.60;18.00;0.00
61044200;13.45;33.60;18.00;0.00
61044300;13.45;33.60;18.00;0.00
61044400;13.45;33.60;18.00;0.00
61044900;13.45;33.60;18.00;0.00
61045100;13.45;33.60;18.00;0.00
61045200;13.45;33.60;18.00;0.00
61045300;13.45;33.60;18.00;0.00
61045900;13.45;33.60;18.00;0.00
61046100;13.45;33.60;18.00;0.00
61046200;13.45;33.60;18.00;0.00
61046300;13.45;33.60;18.00;0.00
61046900;13.45;33.60;18.00;0.00
61051000;13.45;33.60;18.00;0.00
61052000;13.45;33.60;18.00;0.00
61059000;13.45;33.60;18.00;0.00
61061000;13.45;33.60;18.00;0.00
61062000;13.45;33.60;18.00;0.00
61069000;13.45;33.60;18.00;0.00
61071100;13.45;33.60;18.00;0.00
61071200;13.45;33.60;18.00;0.00
61071900;13.45;33.60;18.00;0.00
61072100;13.45;33.60;18.00;0.00
61072200;13.45;33.60;18.00;0.00
61072900;13.45;33.60;18.00;0.00
61079100;13.45;33.60;18.00;0.00
61079910;13.45;33.60;18.00;0.00
61079990;13.45;33.60;18.00;0.00
61081100;13.45;33.60;18.00;0.00
61081900;13.45;33.60;18.00;0.00
61082100;13.45;33.60;18.00;0.00
61082200;13.45;33.60;18.00;0.00
61082900;13.45;33.60;18.00;0.00
61083100;13.45;33.60;18.00;0.00
61083200;13.45;33.60;18.00;0.00
61083900;13.45;33.60;18.00;0.00
61089100;13.45;33.60;18.00;0.00
61089200;13.45;33.60;18.00;0.00
61089900;13.45;33.60;18.00;0.00
61091000;13.45;33.60;18.00;0.00
61099000;13.45;33.60;18.00;0.00
61101100;13.45;33.60;18.00;0.00
61101200;13.45;33.60;18.00;0.00
61101900;13.45;33.60;18.00;0.00
61102000;13.45;33.60;18.00;0.00
61103000;13.45;33.60;18.00;0.00
61109000;13.45;33.60;18.00;0.00
61112000;13.45;33.60;18.00;0.00
61113000;13.45;33.60;18.00;0.00
61119010;13.45;33.60;18.00;0.00
61119090;13.45;33.60;18.00;0.00
61121100;13.45;33.60;18.00;0.00
61121200;13.45;33.60;18.00;0.00
61121900;13.45;33.60;18.00;0.00
61122000;13.45;33.60;18.00;0.00
61123100;13.45;33.60;18.00;0.00
61123900;13.45;33.60;18.00;0.00
61124100;13.45;33.60;18.00;0.00
61124900;13.45;33.60;18.00;0.00
61130000;13.45;33.60;18.00;0.00
61142000;13.45;33.60;18.00;0.00
61143000;13.45;33.60;18.00;0.00
61149010;13.45;33.60;18.00;0.00
61149090;13.45;33.60;18.00;0.00
61151011;13.45;33.60;18.00;0.00
61151012;13.45;33.60;18.00;0.00
61151013;13.45;33.60;18.00;0.00
61151014;13.45;33.60;18.00;0.00
61151019;13.45;33.60;18.00;0.00
61151021;13.45;33.60;18.00;0.00
61151022;13.45;33.60;18.00;0.00
61151029;13.45;33.60;18.00;0.00
61151091;13.45;33.60;18.00;0.00
61151092;13.45;33.60;18.00;0.00
61151093;13.45;33.60;18.00;0.00
61151099;13.45;33.60;18.00;0.00
61152100;13.45;33.60;18.00;0.00
61152200;13.45;33.60;18.00;0.00
61152910;13.45;33.60;18.00;0.00
61152920;13.45;33.60;18.00;0.00
61152990;13.45;33.60;18.00;0.00
61153010;13.45;33.60;18.00;0.00
61153020;13.45;33.60;18.00;0.00
61153090;13.45;33.60;18.00;0.00
61159400;13.45;33.60;18.00;0.00
61159500;13.45;33.60;18.00;0.00
61159600;13.45;33.60;18.00;0.00
61159900;13.45;33.60;18.00;0.00
61161000;13.45;33.60;18.00;0.00
61169100;13.45;33.60;18.00;0.00
61169200;13.45;33.60;18.00;0.00
61169300;13.45;33.60;18.00;0.00
61169900;13.45;33.60;18.00;0.00
61171000;13.45;33.60;18.00;0.00
61178010;13.45;33.60;18.00;0.00
61178090;13.45;33.60;18.00;0.00
61179000;13.45;33.60;18.00;0.00
62012000;13.45;33.60;18.00;0.00
62013000;13.45;33.60;18.00;0.00
62014000;13.45;33.60;18.00;0.00
62019000;13.45;33.60;18.00;0.00
62022000;13.45;33.60;18.00;0.00
62023000;13.45;33.60;18.00;0.00
62024000;13.45;33.60;18.00;0.00
62029000;13.45;33.60;18.00;0.00
62031100;13.45;33.60;18.00;0.00
62031200;13.45;33.60;18.00;0.00
62031900;13.45;33.60;18.00;0.00
62032200;13.45;33.60;18.00;0.00
62032300;13.45;33.60;18.00;0.00
62032910;13.45;33.60;18.00;0.00
62032990;13.45;33.60;18.00;0.00
62033100;13.45;33.60;18.00;0.00
62033200;13.45;33.60;18.00;0.00
62033300;13.45;33.60;18.00;0.00
62033900;13.45;33.60;18.00;0.00
62034100;13.45;33.60;18.00;0.00
62034200;13.45;33.60;18.00;0.00
62034300;13.45;33.60;18.00;0.00
62034900;13.45;33.60;18.00;0.00
62041100;13.45;33.60;18.00;0.00
62041200;13.45;33.60;18.00;0.00
62041300;13.45;33.60;18.00;0.00
62041900;13.45;33.60;18.00;0.00
62042100;13.45;33.60;18.00;0.00
62042200;13.45;33.60;18.00;0.00
62042300;13.45;33.60;18.00;0.00
62042900;13.45;33.60;18.00;0.00
62043100;13.45;33.60;18.00;0.00
62043200;13.45;33.60;18.00;0.00
62043300;13.45;33.60;18.00;0.00
62043900;13.45;33.60;18.00;0.00
62044100;13.45;33.60;18.00;0.00
62044200;13.45;33.60;18.00;0.00
62044300;13.45;33.60;18.00;0.00
62044400;13.45;33.60;18.00;0.00
62044900;13.45;33.60;18.00;0.00
62045100;13.45;33.60;18.00;0.00
62045200;13.45;33.60;18.00;0.00
62045300;13.45;33.60;18.00;0.00
62045900;13.45;33.60;18.00;0.00
62046100;13.45;33.60;18.00;0.00
62046200;13.45;33.60;18.00;0.00
62046300;13.45;33.60;18.00;0.00
62046900;13.45;33.60;18.00;0.00
62052000;13.45;33.60;18.00;0.00
62053000;13.45;33.60;18.00;0.00
62059010;13.45;33.60;18.00;0.00
62059090;13.45;33.60;18.00;0.00
62061000;13.45;33.60;18.00;0.00
62062000;13.45;33.60;18.00;0.00
62063000;13.45;33.60;18.00;0.00
62064000;13.45;33.60;18.00;0.00
62069000;13.45;33.60;18.00;0.00
62071100;13.45;33.60;18.00;0.00
62071900;13.45;33.60;18.00;0.00
62072100;13.45;33.60;18.00;0.00
62072200;13.45;33.60;18.00;0.00
62072900;13.45;33.60;18.00;0.00
62079100;13.45;33.60;18.00;0.00
62079910;13.45;33.60;18.00;0.00
62079990;13.45;33.60;18.00;0.00
62081100;13.45;33.60;18.00;0.00
62081900;13.45;33.60;18.00;0.00
62082100;13.45;33.60;18.00;0.00
62082200;13.45;33.60;18.00;0.00
62082900;13.45;33.60;18.00;0.00
62089100;13.45;33.60;18.00;0.00
62089200;13.45;33.60;18.00;0.00
62089900;13.45;33.60;18.00;0.00
62092000;13.45;33.60;18.00;0.00
62093000;13.45;33.60;18.00;0.00
62099010;13.45;33.60;18.00;0.00
62099090;13.45;33.60;18.00;0.00
62101000;13.45;33.60;18.00;0.00
62102000;13.45;33.60;18.00;0.00
62103000;13.45;33.60;18.00;0.00
62104000;13.45;33.60;18.00;0.00
62105000;13.45;33.60;18.00;0.00
62111100;13.45;33.60;18.00;0.00
62111200;13.45;33.60;18.00;0.00
62112000;13.45;33.60;18.00;0.00
62113200;13.45;33.60;18.00;0.00
62113300;13.45;33.60;18.00;0.00
62113910;13.45;33.60;18.00;0.00
62113990;13.45;33.60;18.00;0.00
62114200;13.45;33.60;18.00;0.00
62114300;13.45;33.60;18.00;0.00
62114900;13.45;33.60;18.00;0.00
62121000;13.45;33.60;18.00;0.00
62122000;13.45;33.60;18.00;0.00
62123000;13.45;33.60;18.00;0.00
62129000;13.45;33.60;18.00;0.00
62132000;13.45;33.60;18.00;0.00
62139010;13.45;33.60;18.00;0.00
62139090;13.45;33.60;18.00;0.00
62141000;13.45;33.60;18.00;0.00
62142000;13.45;33.60;18.00;0.00
62143000;13.45;33.60;18.00;0.00
62144000;13.45;33.60;18.00;0.00
62149010;13.45;33.60;18.00;0.00
62149090;13.45;33.60;18.00;0.00
62151000;13.45;33.60;18.00;0.00
62152000;13.45;33.60;18.00;0.00
62159000;13.45;33.60;18.00;0.00
62160000;13.45;33.60;18.00;0.00
62171000;13.45;33.60;18.00;0.00
62179000;13.45;33.60;18.00;0.00
63011000;13.45;33.60;18.00;0.00
63012000;13.45;33.60;18.00;0.00
63013000;13.45;33.60;18.00;0.00
63014000;13.45;33.60;18.00;0.00
63019000;13.45;33.60;18.00;0.00
63021000;13.45;33.60;18.00;0.00
63022100;13.45;33.60;18.00;0.00
63022200;13.45;33.60;18.00;0.00
63022900;13.45;33.60;18.00;0.00
63023100;13.45;33.60;18.00;0.00
63023200;13.45;33.60;18.00;0.00
63023900;13.45;33.60;18.00;0.00
63024000;13.45;33.60;18.00;0.00
63025100;13.45;33.60;18.00;0.00
63025300;13.45;33.60;18.00;0.00
63025910;13.45;33.60;18.00;0.00
63025990;13.45;33.60;18.00;0.00
63026000;13.45;33.60;18.00;0.00
63029100;13.45;33.60;18.00;0.00
63029300;13.45;33.60;18.00;0.00
63029910;13.45;33.60;18.00;0.00
63029990;13.45;33.60;18.00;0.00
63031200;13.45;33.60;18.00;0.00
63031910;13.45;33.60;18.00;0.00
63031990;13.45;33.60;18.00;0.00
63039100;13.45;33.60;18.00;0.00
63039200;13.45;33.60;18.00;0.00
63039900;13.45;33.60;18.00;0.00
63041100;13.45;33.60;18.00;0.00
63041910;13.45;33.60;18.00;0.00
63041990;13.45;33.60;18.00;0.00
63042000;13.45;33.60;18.00;0.00
63049100;13.45;33.60;18.00;0.00
63049200;13.45;33.60;18.00;0.00
63049300;13.45;33.60;18.00;0.00
63049900;13.45;33.60;18.00;0.00
63051000;19.67;39.82;18.00;0.00
63052000;19.67;39.82;18.00;0.00
63053200;19.67;39.82;18.00;0.00
63053310;19.67;39.82;18.00;0.00
63053390;19.67;39.82;18.00;0.00
63053900;19.67;39.82;18.00;0.00
63059000;19.67;39.82;18.00;0.00
63061200;15.65;35.80;18.00;0.00
63061910;15.65;35.80;18.00;0.00
63061990;15.65;35.80;18.00;0.00
63062200;17.72;37.87;18.00;0.00
63062910;17.72;37.87;18.00;0.00
63062990;17.72;37.87;18.00;0.00
63063010;17.72;37.87;18.00;0.00
63063090;17.72;37.87;18.00;0.00
63064010;15.65;35.80;18.00;0.00
63064090;15.65;35.80;18.00;0.00
63069000;15.65;35.80;18.00;0.00
63071000;13.45;33.60;18.00;0.00
63072000;13.45;33.60;18.00;0.00
63079010;13.45;33.60;18.00;0.00
63079020;13.45;15.45;18.00;0.00
63079090;13.45;33.60;18.00;0.00
63080000;13.45;33.60;18.00;0.00
63090010;13.45;33.60;18.00;0.00
63090090;13.45;33.60;18.00;0.00
63101000;13.45;33.60;18.00;0.00
63109000;13.45;33.60;18.00;0.00
64011000;13.45;33.60;18.00;0.00
64019200;13.45;33.60;18.00;0.00
64019910;13.45;33.60;18.00;0.00
64019990;13.45;33.60;18.00;0.00
64021200;13.45;26.13;18.00;0.00
64021900;13.45;33.60;18.00;0.00
64022000;13.45;33.60;18.00;0.00
64029110;13.45;33.60;18.00;0.00
64029190;13.45;33.60;18.00;0.00
64029910;13.45;33.60;18.00;0.00
64029990;13.45;33.60;18.00;0.00
64031200;13.45;26.13;18.00;0.00
64031900;13.45;33.60;18.00;0.00
64032000;13.45;33.60;18.00;0.00
64034000;13.45;33.60;18.00;0.00
64035110;13.45;33.60;18.00;0.00
64035190;13.45;33.60;18.00;0.00
64035910;13.45;33.60;18.00;0.00
64035990;13.45;33.60;18.00;0.00
64039110;13.45;33.60;18.00;0.00
64039190;13.45;33.60;18.00;0.00
64039910;13.45;33.60;18.00;0.00
64039990;13.45;33.60;18.00;0.00
64041100;13.45;33.60;18.00;0.00
64041900;13.45;33.60;18.00;0.00
64042000;13.45;33.60;18.00;0.00
64051010;13.45;33.60;18.00;0.00
64051020;13.45;33.60;18.00;0.00
64051090;13.45;33.60;18.00;0.00
64052000;13.45;33.60;18.00;0.00
64059000;13.45;33.60;18.00;0.00
64061000;13.45;25.21;18.00;0.00
64062000;13.45;25.21;18.00;0.00
64069010;13.45;25.21;18.00;0.00
64069020;13.45;25.21;18.00;0.00
64069090;13.45;25.21;18.00;0.00
65010000;13.45;25.21;18.00;0.00
65020010;13.45;25.21;18.00;0.00
65020090;13.45;25.21;18.00;0.00
65040010;13.45;26.13;18.00;0.00
65040090;13.45;26.13;18.00;0.00
65050011;13.45;26.13;18.00;0.00
65050012;13.45;26.13;18.00;0.00
65050019;13.45;26.13;18.00;0.00
65050021;13.45;26.13;18.00;0.00
65050022;13.45;26.13;18.00;0.00
65050029;13.45;26.13;18.00;0.00
65050031;13.45;26.13;18.00;0.00
65050032;13.45;26.13;18.00;0.00
65050039;13.45;26.13;18.00;0.00
65050090;13.45;26.13;18.00;0.00
65061000;13.45;26.13;18.00;0.00
65069100;13.45;26.13;18.00;0.00
65069900;13.45;26.13;18.00;0.00
65070000;13.45;25.21;18.00;0.00
66011000;15.65;28.33;18.00;0.00
66019110;13.45;26.13;18.00;0.00
66019190;13.45;26.13;18.00;0.00
66019900;13.45;26.13;18.00;0.00
66020000;13.45;26.13;18.00;0.00
66032000;13.45;25.21;18.00;0.00
66039000;13.45;25.21;18.00;0.00
67010000;13.45;24.26;18.00;0.00
67021000;19.67;30.48;18.00;0.00
67029000;19.67;30.48;18.00;0.00
67030000;19.67;30.48;18.00;0.00
67041100;19.67;30.48;18.00;0.00
67041900;19.67;30.48;18.00;0.00
67042000;19.67;30.48;18.00;0.00
67049000;19.67;30.48;18.00;0.00
68010000;13.45;19.04;18.00;0.00
68021000;15.65;22.35;18.00;0.00
68022100;15.65;22.35;18.00;0.00
68022300;15.65;21.24;18.00;0.00
68022900;15.65;21.24;18.00;0.00
68029100;15.65;21.24;18.00;0.00
68029200;15.65;21.24;18.00;0.00
68029310;15.65;21.24;18.00;0.00
68029390;15.65;21.24;18.00;0.00
68029910;15.65;21.24;18.00;0.00
68029990;15.65;21.24;18.00;0.00
68030000;15.65;21.24;18.00;0.00
68041000;13.45;19.04;18.00;0.00
68042111;13.45;19.04;18.00;0.00
68042119;13.45;19.04;18.00;0.00
68042190;13.45;19.04;18.00;0.00
68042211;13.45;19.04;18.00;0.00
68042219;13.45;19.04;18.00;0.00
68042290;13.45;19.04;18.00;0.00
68042300;13.45;19.04;18.00;0.00
68043000;13.45;19.04;18.00;0.00
68051000;13.45;21.23;18.00;0.00
68052000;13.45;21.23;18.00;0.00
68053010;13.45;21.23;18.00;0.00
68053020;13.45;21.23;18.00;0.00
68053090;13.45;21.23;18.00;0.00
68061000;13.45;20.15;18.00;0.00
68062000;13.45;20.15;18.00;0.00
68069010;13.45;20.15;18.00;0.00
68069090;13.45;20.15;18.00;0.00
68071000;15.65;22.35;18.00;0.00
68079000;15.65;22.35;18.00;0.00
68080000;17.72;24.42;18.00;0.00
68091100;13.45;21.23;18.00;0.00
68091900;15.65;22.35;18.00;0.00
68099000;15.65;22.35;18.00;0.00
68101100;13.45;20.15;18.00;0.00
68101900;13.45;20.15;18.00;0.00
68109100;13.45;20.15;18.00;0.00
68109900;13.45;20.15;18.00;0.00
68114000;15.65;22.35;18.00;0.00
68118100;15.65;22.35;18.00;0.00
68118200;15.65;22.35;18.00;0.00
68118900;15.65;22.35;18.00;0.00
68128000;17.72;27.55;18.00;0.00
68129100;13.45;23.28;18.00;0.00
68129910;17.72;27.55;18.00;0.00
68129920;17.72;26.54;18.00;0.00
68129930;17.72;26.54;18.00;0.00
68129990;17.72;27.55;18.00;0.00
68132000;17.72;27.55;18.00;0.00
68138110;19.67;29.50;18.00;0.00
68138190;19.67;29.50;18.00;0.00
68138910;19.67;29.50;18.00;0.00
68138990;17.72;27.55;18.00;0.00
68141000;13.45;23.28;18.00;0.00
68149000;13.45;23.28;18.00;0.00
68151100;17.72;19.72;18.00;0.00
68151200;17.72;19.72;18.00;0.00
68151300;17.72;27.55;18.00;0.00
68151900;17.72;27.55;18.00;0.00
68152000;17.72;27.55;18.00;0.00
68159110;17.72;27.55;18.00;0.00
68159190;17.72;27.55;18.00;0.00
68159911;17.72;19.72;18.00;0.00
68159912;17.72;19.72;18.00;0.00
68159913;17.72;19.72;18.00;0.00
68159914;17.72;19.72;18.00;0.00
68159919;17.72;27.55;18.00;0.00
68159990;17.72;27.55;18.00;0.00
69010000;16.91;24.69;18.00;0.00
69021011;16.91;18.91;18.00;0.00
69021018;16.91;24.69;18.00;0.00
69021019;16.91;24.69;18.00;0.00
69021090;16.91;24.69;18.00;0.00
69022010;16.91;24.69;18.00;0.00
69022091;16.91;24.69;18.00;0.00
69022092;16.91;24.69;18.00;0.00
69022093;16.91;24.69;18.00;0.00
69022099;16.91;24.69;18.00;0.00
69029010;16.91;24.69;18.00;0.00
69029020;16.91;24.69;18.00;0.00
69029030;16.91;18.91;18.00;0.00
69029040;16.91;24.69;18.00;0.00
69029090;16.91;24.69;18.00;0.00
69031011;16.91;24.69;18.00;0.00
69031012;16.91;24.69;18.00;0.00
69031019;16.91;24.69;18.00;0.00
69031020;16.91;24.69;18.00;0.00
69031030;16.91;24.69;18.00;0.00
69031040;16.91;24.69;18.00;0.00
69031090;16.91;24.69;18.00;0.00
69032010;16.91;24.69;18.00;0.00
69032020;16.91;24.69;18.00;0.00
69032030;16.91;24.69;18.00;0.00
69032090;16.91;24.69;18.00;0.00
69039011;16.91;24.69;18.00;0.00
69039012;16.91;24.69;18.00;0.00
69039019;16.91;24.69;18.00;0.00
69039091;16.91;24.69;18.00;0.00
69039092;16.91;24.69;18.00;0.00
69039099;16.91;24.69;18.00;0.00
69041000;13.45;22.27;18.00;0.00
69049000;13.45;22.27;18.00;0.00
69051000;13.45;22.27;18.00;0.00
69059000;13.45;22.27;18.00;0.00
69060000;13.45;22.27;18.00;0.00
69072100;13.90;23.73;18.00;0.00
69072200;13.90;23.73;18.00;0.00
69072300;13.90;23.73;18.00;0.00
69073000;13.90;23.73;18.00;0.00
69074000;13.90;23.73;18.00;0.00
69091100;17.72;26.54;18.00;0.00
69091210;17.72;26.54;18.00;0.00
69091220;17.72;19.72;18.00;0.00
69091230;17.72;19.72;18.00;0.00
69091290;17.72;26.54;18.00;0.00
69091910;17.72;26.54;18.00;0.00
69091920;17.72;19.72;18.00;0.00
69091930;17.72;19.72;18.00;0.00
69091990;17.72;26.54;18.00;0.00
69099000;17.72;26.54;18.00;0.00
69101000;13.45;25.21;18.00;0.00
69109000;13.45;25.21;18.00;0.00
69111010;19.67;32.35;18.00;0.00
69111090;19.67;32.35;18.00;0.00
69119000;19.67;32.35;18.00;0.00
69120000;17.72;30.40;18.00;0.00
69131000;21.50;34.18;18.00;0.00
69139000;21.50;34.18;18.00;0.00
69141000;17.72;30.40;18.00;0.00
69149000;17.72;30.40;18.00;0.00
70010000;17.72;30.40;18.00;0.00
70021000;17.72;22.15;18.00;0.00
70022000;17.72;22.15;18.00;0.00
70023100;17.72;22.15;18.00;0.00
70023200;17.72;22.15;18.00;0.00
70023900;17.72;22.15;18.00;0.00
70031200;17.72;25.50;18.00;0.00
70031900;17.72;25.50;18.00;0.00
70032000;17.72;25.50;18.00;0.00
70033000;17.72;25.50;18.00;0.00
70042000;17.72;25.50;18.00;0.00
70049000;17.72;25.50;18.00;0.00
70051000;17.72;25.50;18.00;0.00
70052100;17.72;25.50;18.00;0.00
70052900;17.72;33.72;18.00;0.00
70053000;17.72;25.50;18.00;0.00
70060000;17.72;26.54;18.00;0.00
70071100;19.67;28.49;18.00;0.00
70071900;17.72;26.54;18.00;0.00
70072100;19.67;28.49;18.00;0.00
70072900;17.72;26.54;18.00;0.00
70080000;17.72;26.54;18.00;0.00
70091000;19.67;29.50;18.00;0.00
70099100;19.67;29.50;18.00;0.00
70099200;19.67;29.50;18.00;0.00
70101000;13.45;21.23;18.00;0.00
70102000;19.67;27.45;18.00;0.00
70109011;19.67;27.45;18.00;0.00
70109012;19.67;27.45;18.00;0.00
70109021;19.67;27.45;18.00;0.00
70109022;19.67;27.45;18.00;0.00
70109090;19.67;27.45;18.00;0.00
70111010;17.72;25.50;18.00;0.00
70111021;17.72;25.50;18.00;0.00
70111029;17.72;25.50;18.00;0.00
70111090;17.72;25.50;18.00;0.00
70112000;17.72;25.50;18.00;0.00
70119000;17.72;25.50;18.00;0.00
70131000;17.72;29.48;18.00;0.00
70132200;19.67;31.43;18.00;0.00
70132800;19.67;35.67;18.00;0.00
70133300;19.67;31.43;18.00;0.00
70133700;19.67;35.67;18.00;0.00
70134100;17.72;29.48;18.00;0.00
70134210;17.72;29.48;18.00;0.00
70134290;17.72;29.48;18.00;0.00
70134900;17.72;33.72;18.00;0.00
70139110;19.67;31.43;18.00;0.00
70139190;19.67;31.43;18.00;0.00
70139900;19.67;31.43;18.00;0.00
70140000;19.67;29.50;18.00;0.00
70151010;13.45;15.45;18.00;0.00
70151091;13.45;15.45;18.00;0.00
70151092;13.45;23.28;18.00;0.00
70159010;19.67;29.50;18.00;0.00
70159020;19.67;29.50;18.00;0.00
70159030;19.67;29.50;18.00;0.00
70159090;19.67;29.50;18.00;0.00
70161000;19.67;29.50;18.00;0.00
70169000;19.67;29.50;18.00;0.00
70171000;13.45;23.28;18.00;0.00
70172000;13.45;23.28;18.00;0.00
70179000;13.45;23.28;18.00;0.00
70181010;21.50;33.26;18.00;0.00
70181020;21.50;33.26;18.00;0.00
70181090;21.50;33.26;18.00;0.00
70182000;21.50;33.26;18.00;0.00
70189000;21.50;33.26;18.00;0.00
70191100;17.72;31.39;18.00;0.00
70191210;17.72;19.72;18.00;0.00
70191290;17.72;31.39;18.00;0.00
70191300;17.72;26.54;18.00;0.00
70191400;19.81;28.63;18.00;0.00
70191500;19.81;28.63;18.00;0.00
70191900;19.81;28.63;18.00;0.00
70196100;17.72;26.54;18.00;0.00
70196200;17.72;19.72;18.00;0.00
70196300;17.72;26.54;18.00;0.00
70196400;17.72;26.54;18.00;0.00
70196500;17.72;26.54;18.00;0.00
70196600;17.72;26.54;18.00;0.00
70196900;17.72;26.54;18.00;0.00
70197100;17.72;26.54;18.00;0.00
70197200;17.72;26.54;18.00;0.00
70197310;17.72;19.72;18.00;0.00
70197390;17.72;26.54;18.00;0.00
70198000;17.72;26.54;18.00;0.00
70199000;17.72;26.54;18.00;0.00
70200010;19.67;21.67;18.00;0.00
70200090;19.67;31.43;18.00;0.00
71011000;24.87;32.65;18.00;0.00
71012100;24.87;32.65;18.00;0.00
71012200;24.87;32.65;18.00;0.00
71021000;13.45;21.23;18.00;0.00
71022100;13.45;15.45;18.00;0.00
71022900;13.45;15.45;18.00;0.00
71023100;13.45;20.15;18.00;0.00
71023900;13.45;21.23;18.00;0.00
71031000;13.45;20.15;18.00;0.00
71039100;13.45;21.23;18.00;0.00
71039900;13.45;21.23;18.00;0.00
71041000;18.51;26.29;18.00;0.00
71042100;18.51;20.51;18.00;0.00
71042900;18.51;26.29;18.00;0.00
71049100;18.51;26.29;18.00;0.00
71049900;18.51;26.29;18.00;0.00
71051000;13.45;19.04;18.00;0.00
71059000;13.45;19.04;18.00;0.00
71061000;13.45;19.04;18.00;0.00
71069100;13.45;19.04;18.00;0.00
71069210;13.45;22.27;18.00;0.00
71069220;13.45;22.27;18.00;0.00
71069290;13.45;22.27;18.00;0.00
71070000;17.72;26.54;18.00;0.00
71081100;13.45;15.45;18.00;0.00
71081210;13.45;15.45;18.00;0.00
71081290;13.45;15.45;18.00;0.00
71081310;13.45;22.27;18.00;0.00
71081390;13.45;22.27;18.00;0.00
71082000;13.45;15.45;18.00;0.00
71090000;17.72;26.54;18.00;0.00
71101100;13.45;15.45;18.00;0.00
71101910;13.45;22.27;18.00;0.00
71101990;13.45;22.27;18.00;0.00
71102100;13.45;15.45;18.00;0.00
71102900;13.45;22.27;18.00;0.00
71103100;13.45;15.45;18.00;0.00
71103900;13.45;22.27;18.00;0.00
71104100;13.45;15.45;18.00;0.00
71104900;13.45;22.27;18.00;0.00
71110000;17.72;26.54;18.00;0.00
71123010;13.45;15.45;18.00;0.00
71123020;13.45;15.45;18.00;0.00
71123090;13.45;19.04;18.00;0.00
71129100;13.45;15.45;18.00;0.00
71129200;13.45;15.45;18.00;0.00
71129900;13.45;19.04;18.00;0.00
71131100;18.51;30.27;25.00;0.00
71131900;20.95;32.71;25.00;0.00
71132000;18.51;30.27;25.00;0.00
71141100;18.51;30.27;25.00;0.00
71141900;18.51;30.27;25.00;0.00
71142000;18.51;30.27;25.00;0.00
71151000;17.72;29.48;25.00;0.00
71159000;17.72;29.48;25.00;0.00
71161000;18.51;30.27;25.00;0.00
71162010;18.51;30.27;25.00;0.00
71162020;18.51;20.51;25.00;0.00
71162090;18.51;30.27;25.00;0.00
71171100;18.51;30.27;18.00;0.00
71171900;18.51;30.27;18.00;0.00
71179000;18.51;30.27;18.00;0.00
71181010;13.45;24.26;18.00;0.00
71181090;13.45;15.45;18.00;0.00
71189000;13.45;25.21;18.00;0.00
72011000;15.65;20.08;18.00;0.00
72012000;15.65;20.08;18.00;0.00
72015000;15.65;20.08;18.00;0.00
72021100;15.65;21.24;18.00;0.00
72021900;15.65;21.24;18.00;0.00
72022100;15.65;21.24;18.00;0.00
72022900;15.65;21.24;18.00;0.00
72023000;15.65;21.24;18.00;0.00
72024100;15.65;21.24;18.00;0.00
72024900;15.65;21.24;18.00;0.00
72025000;15.65;21.24;18.00;0.00
72026000;15.65;21.24;18.00;0.00
72027000;15.65;21.24;18.00;0.00
72028000;15.65;21.24;18.00;0.00
72029100;15.65;21.24;18.00;0.00
72029200;15.65;21.24;18.00;0.00
72029300;15.65;21.24;18.00;0.00
72029910;15.65;21.24;18.00;0.00
72029990;15.65;21.24;18.00;0.00
72031000;15.65;17.65;18.00;0.00
72039000;15.65;17.65;18.00;0.00
72041000;13.45;15.45;18.00;0.00
72042100;13.45;15.45;18.00;0.00
72042900;13.45;15.45;18.00;0.00
72043000;13.45;15.45;18.00;0.00
72044100;13.45;15.45;18.00;0.00
72044900;13.45;15.45;18.00;0.00
72045000;15.65;17.65;18.00;0.00
72051000;15.65;21.24;18.00;0.00
72052100;15.65;17.65;18.00;0.00
72052910;15.65;17.65;18.00;0.00
72052920;15.65;17.65;18.00;0.00
72052990;15.65;21.24;18.00;0.00
72061000;15.65;21.24;18.00;0.00
72069000;15.65;21.24;18.00;0.00
72071110;15.65;22.35;18.00;0.00
72071190;15.65;22.35;18.00;0.00
72071200;15.65;22.35;18.00;0.00
72071900;15.65;22.35;18.00;0.00
72072000;15.65;22.35;18.00;0.00
72081000;15.65;24.47;18.00;0.00
72082500;15.65;24.47;18.00;0.00
72082610;15.65;23.43;18.00;0.00
72082690;15.65;24.47;18.00;0.00
72082710;15.65;23.43;18.00;0.00
72082790;15.65;24.47;18.00;0.00
72083610;15.65;23.43;18.00;0.00
72083690;15.65;24.47;18.00;0.00
72083700;15.65;24.47;18.00;0.00
72083810;15.65;23.43;18.00;0.00
72083890;15.65;24.47;18.00;0.00
72083910;15.65;23.43;18.00;0.00
72083990;15.65;24.47;18.00;0.00
72084000;15.65;24.47;18.00;0.00
72085100;15.65;24.47;18.00;0.00
72085200;15.65;24.47;18.00;0.00
72085300;15.65;24.47;18.00;0.00
72085400;15.65;24.47;18.00;0.00
72089000;15.65;24.47;18.00;0.00
72091500;15.65;24.47;18.00;0.00
72091600;15.65;24.47;18.00;0.00
72091700;15.65;24.47;18.00;0.00
72091800;15.65;24.47;18.00;0.00
72092500;15.65;24.47;18.00;0.00
72092600;15.65;24.47;18.00;0.00
72092700;15.65;24.47;18.00;0.00
72092800;15.65;24.47;18.00;0.00
72099000;15.65;24.47;18.00;0.00
72101100;15.65;24.47;18.00;0.00
72101200;15.65;25.15;18.00;0.00
72102000;15.65;24.47;18.00;0.00
72103010;15.65;24.47;18.00;0.00
72103090;15.65;24.47;18.00;0.00
72104110;15.65;24.47;18.00;0.00
72104190;15.65;24.47;18.00;0.00
72104910;15.65;24.47;18.00;0.00
72104990;15.65;24.47;18.00;0.00
72105000;15.65;25.15;18.00;0.00
72106100;15.65;24.47;18.00;0.00
72106911;15.65;17.65;18.00;0.00
72106919;15.65;24.47;18.00;0.00
72106990;15.65;24.47;18.00;0.00
72107010;15.65;24.47;18.00;0.00
72107020;15.65;24.47;18.00;0.00
72109000;15.65;24.47;18.00;0.00
72111300;15.65;24.47;18.00;0.00
72111400;15.65;24.47;18.00;0.00
72111900;15.65;24.47;18.00;0.00
72112300;15.65;24.47;18.00;0.00
72112910;15.65;24.47;18.00;0.00
72112920;15.65;24.47;18.00;0.00
72119010;15.65;24.47;18.00;0.00
72119090;15.65;24.47;18.00;0.00
72121000;15.65;24.47;18.00;0.00
72122010;15.65;24.47;18.00;0.00
72122090;15.65;24.47;18.00;0.00
72123000;15.65;24.47;18.00;0.00
72124010;15.65;24.47;18.00;0.00
72124021;15.65;17.65;18.00;0.00
72124029;15.65;24.47;18.00;0.00
72125010;15.65;17.65;18.00;0.00
72125090;15.65;24.47;18.00;0.00
72126000;15.65;24.47;18.00;0.00
72131000;13.45;22.27;18.00;0.00
72132000;13.45;22.27;18.00;0.00
72139110;13.45;22.27;18.00;0.00
72139190;13.45;22.27;18.00;0.00
72139910;13.45;22.27;18.00;0.00
72139990;13.45;22.27;18.00;0.00
72141010;13.45;22.27;18.00;0.00
72141090;13.45;22.27;18.00;0.00
72142000;13.45;22.27;18.00;0.00
72143000;13.45;22.27;18.00;0.00
72149100;13.45;22.27;18.00;0.00
72149910;13.45;22.27;18.00;0.00
72149990;13.45;22.27;18.00;0.00
72151000;15.65;24.47;18.00;0.00
72155000;15.65;24.47;18.00;0.00
72159010;15.65;24.47;18.00;0.00
72159090;15.65;24.47;18.00;0.00
72161000;13.45;22.27;18.00;0.00
72162100;13.45;22.27;18.00;0.00
72162200;13.45;22.27;18.00;0.00
72163100;13.45;22.27;18.00;0.00
72163200;13.45;22.27;18.00;0.00
72163300;13.45;22.27;18.00;0.00
72164010;13.45;22.27;18.00;0.00
72164090;13.45;22.27;18.00;0.00
72165000;13.45;22.27;18.00;0.00
72166110;13.45;22.27;18.00;0.00
72166190;13.45;22.27;18.00;0.00
72166910;13.45;22.27;18.00;0.00
72166990;13.45;22.27;18.00;0.00
72169100;13.45;22.27;18.00;0.00
72169900;13.45;22.27;18.00;0.00
72171011;15.65;17.65;18.00;0.00
72171019;15.65;24.47;18.00;0.00
72171090;15.65;24.47;18.00;0.00
72172010;15.65;24.47;18.00;0.00
72172090;15.65;31.65;18.00;0.00
72173010;15.65;31.65;18.00;0.00
72173090;15.65;24.47;18.00;0.00
72179000;15.65;24.47;18.00;0.00
72181000;15.65;22.35;18.00;0.00
72189100;15.65;22.35;18.00;0.00
72189900;15.65;22.35;18.00;0.00
72191100;15.65;25.48;18.00;0.00
72191200;15.65;25.48;18.00;0.00
72191300;15.65;25.48;18.00;0.00
72191400;15.65;25.48;18.00;0.00
72192100;15.65;25.48;18.00;0.00
72192200;15.65;25.48;18.00;0.00
72192300;15.65;25.48;18.00;0.00
72192400;15.65;25.48;18.00;0.00
72193100;15.65;25.48;18.00;0.00
72193200;15.65;25.48;18.00;0.00
72193300;15.65;25.48;18.00;0.00
72193400;15.65;25.48;18.00;0.00
72193500;15.65;25.48;18.00;0.00
72199010;15.65;17.65;18.00;0.00
72199090;15.65;25.48;18.00;0.00
72201100;15.65;25.48;18.00;0.00
72201210;15.65;25.48;18.00;0.00
72201220;15.65;25.48;18.00;0.00
72201290;15.65;25.48;18.00;0.00
72202010;15.65;17.65;18.00;0.00
72202090;15.65;25.48;18.00;0.00
72209000;15.65;25.48;18.00;0.00
72210000;15.65;25.48;18.00;0.00
72221100;15.65;25.48;18.00;0.00
72221910;15.65;25.48;18.00;0.00
72221990;15.65;25.48;18.00;0.00
72222000;15.65;25.48;18.00;0.00
72223000;15.65;25.48;18.00;0.00
72224010;15.65;17.65;18.00;0.00
72224090;15.65;25.48;18.00;0.00
72230000;15.65;25.48;18.00;0.00
72241000;15.65;22.35;18.00;0.00
72249000;15.65;22.35;18.00;0.00
72251100;15.65;25.48;18.00;0.00
72251900;15.65;25.48;18.00;0.00
72253000;15.65;25.48;18.00;0.00
72254010;15.65;17.65;18.00;0.00
72254020;15.65;17.65;18.00;0.00
72254090;15.65;25.48;18.00;0.00
72255010;15.65;17.65;18.00;0.00
72255090;15.65;25.48;18.00;0.00
72259100;15.65;25.48;18.00;0.00
72259200;15.65;25.48;18.00;0.00
72259910;15.65;17.65;18.00;0.00
72259990;15.65;25.48;18.00;0.00
72261100;15.65;25.48;18.00;0.00
72261900;15.65;25.48;18.00;0.00
72262010;15.65;17.65;18.00;0.00
72262090;15.65;25.48;18.00;0.00
72269100;15.65;25.48;18.00;0.00
72269200;15.65;25.48;18.00;0.00
72269900;15.65;25.48;18.00;0.00
72271000;15.65;25.48;18.00;0.00
72272000;15.65;25.48;18.00;0.00
72279000;15.65;25.48;18.00;0.00
72281010;15.65;25.48;18.00;0.00
72281090;15.65;25.48;18.00;0.00
72282000;15.65;25.48;18.00;0.00
72283000;15.65;25.48;18.00;0.00
72284000;15.65;25.48;18.00;0.00
72285000;15.65;25.48;18.00;0.00
72286000;15.65;25.48;18.00;0.00
72287000;15.65;25.48;18.00;0.00
72288000;15.65;25.48;18.00;0.00
72292000;15.65;25.48;18.00;0.00
72299000;15.65;31.65;18.00;0.00
73011000;13.45;21.23;18.00;0.00
73012000;17.72;25.50;18.00;0.00
73021010;13.45;15.45;18.00;0.00
73021090;13.45;22.27;18.00;0.00
73023000;13.45;22.27;18.00;0.00
73024000;13.45;22.27;18.00;0.00
73029000;13.45;22.27;18.00;0.00
73030000;15.65;24.47;18.00;0.00
73041100;13.45;24.26;18.00;0.00
73041900;13.45;25.11;18.00;0.00
73042200;13.45;24.26;18.00;0.00
73042310;13.45;24.26;18.00;0.00
73042390;13.45;24.26;18.00;0.00
73042400;13.45;24.26;18.00;0.00
73042910;13.45;24.26;18.00;0.00
73042931;13.45;24.26;18.00;0.00
73042939;13.45;24.26;18.00;0.00
73042990;13.45;24.26;18.00;0.00
73043110;15.65;27.31;18.00;0.00
73043190;15.65;27.31;18.00;0.00
73043910;15.65;27.31;18.00;0.00
73043920;15.65;27.31;18.00;0.00
73043990;15.65;26.46;18.00;0.00
73044110;15.65;17.65;18.00;0.00
73044190;15.65;26.46;18.00;0.00
73044900;15.65;26.46;18.00;0.00
73045111;15.65;17.65;18.00;0.00
73045119;15.65;27.31;18.00;0.00
73045190;15.65;26.46;18.00;0.00
73045910;15.65;27.31;18.00;0.00
73045990;15.65;26.46;18.00;0.00
73049011;15.65;26.46;18.00;0.00
73049019;15.65;27.31;18.00;0.00
73049090;15.65;27.31;18.00;0.00
73051100;13.45;23.28;18.00;0.00
73051200;13.45;23.28;18.00;0.00
73051900;13.45;23.28;18.00;0.00
73052000;13.45;23.28;18.00;0.00
73053100;15.65;25.48;18.00;0.00
73053900;15.65;25.48;18.00;0.00
73059000;15.65;25.48;18.00;0.00
73061100;13.45;23.28;18.00;0.00
73061900;13.45;23.28;18.00;0.00
73062100;13.45;23.28;18.00;0.00
73062900;13.45;23.28;18.00;0.00
73063000;15.65;25.48;18.00;0.00
73064000;15.65;25.48;18.00;0.00
73065000;15.65;25.48;18.00;0.00
73066100;16.78;26.61;18.00;0.00
73066900;15.65;25.48;18.00;0.00
73069010;15.65;25.48;18.00;0.00
73069020;15.65;25.48;18.00;0.00
73069090;15.65;25.48;18.00;0.00
73071100;15.65;25.48;18.00;0.00
73071910;15.65;25.48;18.00;0.00
73071920;15.65;25.48;18.00;0.00
73071990;15.65;25.48;18.00;0.00
73072100;15.65;25.48;18.00;0.00
73072200;15.65;25.48;18.00;0.00
73072300;15.65;25.48;18.00;0.00
73072900;15.65;25.48;18.00;0.00
73079100;15.65;25.48;18.00;0.00
73079200;15.65;25.48;18.00;0.00
73079300;15.65;25.48;18.00;0.00
73079900;15.65;25.48;18.00;0.00
73081000;13.45;23.28;18.00;0.00
73082000;13.45;23.28;18.00;0.00
73083000;13.45;23.28;18.00;0.00
73084000;13.45;29.45;18.00;0.00
73089010;13.45;23.28;18.00;0.00
73089090;15.65;25.48;18.00;0.00
73090010;13.45;23.28;18.00;0.00
73090020;13.45;15.45;18.00;0.00
73090090;13.45;23.28;18.00;0.00
73101010;15.65;17.65;18.00;0.00
73101090;15.65;25.48;18.00;0.00
73102110;17.72;27.55;18.00;0.00
73102190;17.72;27.55;18.00;0.00
73102910;17.72;27.55;18.00;0.00
73102920;13.45;15.45;18.00;0.00
73102990;17.72;27.55;18.00;0.00
73110000;17.72;27.55;18.00;0.00
73121010;19.67;29.50;18.00;0.00
73121090;19.67;29.50;18.00;0.00
73129000;19.67;29.50;18.00;0.00
73130000;15.65;25.48;18.00;0.00
73141200;19.67;29.50;18.00;0.00
73141400;19.67;29.50;18.00;0.00
73141900;19.67;29.50;18.00;0.00
73142000;19.67;29.50;18.00;0.00
73143100;19.67;35.67;18.00;0.00
73143900;19.67;29.50;18.00;0.00
73144100;19.67;29.50;18.00;0.00
73144200;19.67;29.50;18.00;0.00
73144900;19.67;29.50;18.00;0.00
73145000;19.67;29.50;18.00;0.00
73151110;19.67;21.67;18.00;0.00
73151190;19.67;29.50;18.00;0.00
73151210;22.58;32.41;18.00;0.00
73151290;19.67;29.50;18.00;0.00
73151900;19.67;29.50;18.00;0.00
73152000;19.67;29.50;18.00;0.00
73158100;19.67;29.50;18.00;0.00
73158200;19.67;29.50;18.00;0.00
73158900;19.67;29.50;18.00;0.00
73159000;19.67;29.50;18.00;0.00
73160000;19.67;29.50;18.00;0.00
73170010;17.72;27.55;18.00;0.00
73170020;17.72;27.55;18.00;0.00
73170030;17.72;27.55;18.00;0.00
73170090;17.72;33.72;18.00;0.00
73181100;17.72;28.53;18.00;0.00
73181200;17.72;28.53;18.00;0.00
73181300;17.72;29.38;18.00;0.00
73181400;17.72;29.38;18.00;0.00
73181500;17.72;29.38;18.00;0.00
73181600;17.72;29.38;18.00;0.00
73181900;17.72;29.38;18.00;0.00
73182100;17.72;29.38;18.00;0.00
73182200;17.72;29.38;18.00;0.00
73182300;17.72;29.38;18.00;0.00
73182400;17.72;29.38;18.00;0.00
73182900;17.72;29.38;18.00;0.00
73194000;19.67;30.48;18.00;0.00
73199000;19.67;30.48;18.00;0.00
73201000;19.67;31.33;18.00;0.00
73202010;19.67;31.33;18.00;0.00
73202090;19.67;31.33;18.00;0.00
73209000;19.67;31.33;18.00;0.00
73211100;17.72;30.40;18.00;0.00
73211200;17.72;30.40;18.00;0.00
73211900;17.72;30.40;18.00;0.00
73218100;17.72;30.40;18.00;0.00
73218200;17.72;30.40;18.00;0.00
73218900;17.72;30.40;18.00;0.00
73219000;17.72;29.48;18.00;0.00
73221100;19.67;31.43;18.00;0.00
73221900;19.67;31.43;18.00;0.00
73229010;19.67;21.67;18.00;0.00
73229090;19.67;31.43;18.00;0.00
73231000;17.72;29.48;18.00;0.00
73239100;17.72;29.48;18.00;0.00
73239200;17.72;29.48;18.00;0.00
73239300;17.72;29.48;18.00;0.00
73239400;17.72;29.48;18.00;0.00
73239900;17.72;29.48;18.00;0.00
73241000;13.45;25.21;18.00;0.00
73242100;17.72;29.48;18.00;0.00
73242900;17.72;29.48;18.00;0.00
73249000;17.72;29.48;18.00;0.00
73251000;17.72;30.40;18.00;0.00
73259100;17.72;29.48;18.00;0.00
73259910;17.72;30.40;18.00;0.00
73259990;17.72;30.40;18.00;0.00
73261100;17.72;29.48;18.00;0.00
73261900;17.72;30.40;18.00;0.00
73262000;15.65;28.33;18.00;0.00
73269010;15.65;17.65;18.00;0.00
73269020;15.65;17.65;18.00;0.00
73269090;16.78;29.46;18.00;0.00
74010000;13.45;19.04;18.00;0.00
74020000;13.45;19.04;18.00;0.00
74031100;13.45;19.04;18.00;0.00
74031200;13.45;19.04;18.00;0.00
74031300;13.45;19.04;18.00;0.00
74031900;13.45;19.04;18.00;0.00
74032100;13.45;19.04;18.00;0.00
74032200;13.45;19.04;18.00;0.00
74032900;13.45;19.04;18.00;0.00
74040000;13.45;15.45;18.00;0.00
74050000;13.45;19.04;18.00;0.00
74061000;13.45;19.04;18.00;0.00
74062000;13.45;19.04;18.00;0.00
74071010;15.65;24.47;18.00;0.00
74071021;15.65;24.47;18.00;0.00
74071029;15.65;24.47;18.00;0.00
74072110;15.65;24.47;18.00;0.00
74072120;15.65;24.47;18.00;0.00
74072910;15.65;24.47;18.00;0.00
74072921;15.65;24.47;18.00;0.00
74072929;15.65;24.47;18.00;0.00
74081100;13.45;21.23;18.00;0.00
74081900;13.45;22.27;18.00;0.00
74082100;15.65;24.47;18.00;0.00
74082200;15.65;24.47;18.00;0.00
74082912;15.65;17.65;18.00;0.00
74082913;15.65;24.47;18.00;0.00
74082919;15.65;24.47;18.00;0.00
74082990;15.65;24.47;18.00;0.00
74091100;15.65;24.47;18.00;0.00
74091900;15.65;24.47;18.00;0.00
74092100;15.65;24.47;18.00;0.00
74092900;15.65;24.47;18.00;0.00
74093111;15.65;17.65;18.00;0.00
74093119;15.65;24.47;18.00;0.00
74093190;15.65;24.47;18.00;0.00
74093900;15.65;24.47;18.00;0.00
74094011;15.65;17.65;18.00;0.00
74094019;15.65;24.47;18.00;0.00
74094090;15.65;24.47;18.00;0.00
74099000;15.65;24.47;18.00;0.00
74101112;15.65;17.65;18.00;0.00
74101113;15.65;24.47;18.00;0.00
74101119;15.65;24.47;18.00;0.00
74101190;15.65;24.47;18.00;0.00
74101200;15.65;24.47;18.00;0.00
74102110;15.65;20.08;18.00;0.00
74102120;15.65;17.65;18.00;0.00
74102130;15.65;20.08;18.00;0.00
74102190;15.65;24.47;18.00;0.00
74102200;15.65;24.47;18.00;0.00
74111010;15.65;25.48;18.00;0.00
74111090;15.65;25.48;18.00;0.00
74112110;15.65;25.48;18.00;0.00
74112190;15.65;25.48;18.00;0.00
74112210;15.65;25.48;18.00;0.00
74112290;15.65;25.48;18.00;0.00
74112910;15.65;25.48;18.00;0.00
74112990;15.65;25.48;18.00;0.00
74121000;15.65;25.48;18.00;0.00
74122000;15.65;25.48;18.00;0.00
74130000;13.45;23.28;18.00;0.00
74151000;17.72;27.55;18.00;0.00
74152100;17.72;27.55;18.00;0.00
74152900;17.72;27.55;18.00;0.00
74153300;17.72;27.55;18.00;0.00
74153900;17.72;27.55;18.00;0.00
74181000;17.72;28.53;18.00;0.00
74182000;17.72;28.53;18.00;0.00
74192000;17.72;28.53;18.00;0.00
74198010;13.45;23.28;18.00;0.00
74198020;13.45;23.28;18.00;0.00
74198030;17.72;27.55;18.00;0.00
74198040;15.65;17.65;18.00;0.00
74198090;15.65;27.31;18.00;0.00
75011000;13.45;19.04;18.00;0.00
75012000;13.45;19.04;18.00;0.00
75021010;13.45;15.45;18.00;0.00
75021090;13.45;19.04;18.00;0.00
75022000;13.45;19.04;18.00;0.00
75030000;13.45;15.45;18.00;0.00
75040010;13.45;19.04;18.00;0.00
75040090;13.45;19.04;18.00;0.00
75051110;13.45;22.27;18.00;0.00
75051121;13.45;22.27;18.00;0.00
75051129;13.45;22.27;18.00;0.00
75051210;13.45;22.27;18.00;0.00
75051221;13.45;22.27;18.00;0.00
75051229;13.45;22.27;18.00;0.00
75052100;13.45;22.27;18.00;0.00
75052210;13.45;15.45;18.00;0.00
75052290;13.45;22.27;18.00;0.00
75061000;13.45;22.27;18.00;0.00
75062000;13.45;22.27;18.00;0.00
75071100;13.45;23.28;18.00;0.00
75071200;13.45;23.28;18.00;0.00
75072000;13.45;23.28;18.00;0.00
75081000;13.45;24.26;18.00;0.00
75089010;13.45;15.45;18.00;0.00
75089090;13.45;24.26;18.00;0.00
76011000;15.22;20.81;18.00;0.00
76012000;15.22;20.81;18.00;0.00
76020000;13.45;15.45;18.00;0.00
76031000;15.22;20.81;18.00;0.00
76032000;15.22;20.81;18.00;0.00
76041010;13.45;22.27;18.00;0.00
76041021;13.45;22.27;18.00;0.00
76041029;13.45;22.27;18.00;0.00
76042100;13.45;22.27;18.00;0.00
76042911;13.45;15.45;18.00;0.00
76042919;13.45;22.27;18.00;0.00
76042920;13.45;22.27;18.00;0.00
76051110;15.65;24.47;18.00;0.00
76051190;15.65;24.47;18.00;0.00
76051910;15.65;24.47;18.00;0.00
76051990;15.65;24.47;18.00;0.00
76052110;15.65;24.47;18.00;0.00
76052190;15.65;24.47;18.00;0.00
76052910;15.65;24.47;18.00;0.00
76052990;15.65;24.47;18.00;0.00
76061110;15.65;17.65;18.00;0.00
76061190;15.65;24.47;18.00;0.00
76061210;15.65;24.47;18.00;0.00
76061220;15.65;17.65;18.00;0.00
76061230;15.65;17.65;18.00;0.00
76061290;15.65;24.47;18.00;0.00
76069100;15.65;24.47;18.00;0.00
76069200;15.65;24.47;18.00;0.00
76071110;15.65;17.65;18.00;0.00
76071120;15.65;17.65;18.00;0.00
76071190;15.65;24.47;18.00;0.00
76071910;15.65;17.65;18.00;0.00
76071990;15.65;24.47;18.00;0.00
76072000;15.65;24.47;18.00;0.00
76081000;13.45;23.28;18.00;0.00
76082010;13.45;15.45;18.00;0.00
76082090;13.45;23.28;18.00;0.00
76090000;15.65;25.48;18.00;0.00
76101000;13.45;24.26;18.00;0.00
76109000;13.45;24.26;18.00;0.00
76110000;15.65;26.46;18.00;0.00
76121000;17.72;28.53;18.00;0.00
76129011;17.72;28.53;18.00;0.00
76129012;17.72;19.72;18.00;0.00
76129019;17.72;28.53;18.00;0.00
76129090;17.72;28.53;18.00;0.00
76130000;17.72;29.38;18.00;0.00
76141010;17.72;26.54;18.00;0.00
76141090;17.72;26.54;18.00;0.00
76149010;17.72;26.54;18.00;0.00
76149090;17.72;26.54;18.00;0.00
76151000;17.72;33.72;18.00;0.00
76152000;17.72;28.53;18.00;0.00
76161000;17.72;27.55;18.00;0.00
76169100;17.72;27.55;18.00;0.00
76169900;15.65;25.48;18.00;0.00
78011011;13.45;20.15;18.00;0.00
78011019;13.45;20.15;18.00;0.00
78011090;13.45;20.15;18.00;0.00
78019100;13.45;19.04;18.00;0.00
78019900;13.45;19.04;18.00;0.00
78020000;13.45;17.88;18.00;0.00
78041100;13.45;22.27;18.00;0.00
78041900;13.45;22.27;18.00;0.00
78042000;13.45;19.04;18.00;0.00
78060010;13.45;22.27;18.00;0.00
78060020;13.45;23.28;18.00;0.00
78060090;13.45;24.26;18.00;0.00
79011111;13.45;20.15;18.00;0.00
79011119;13.45;20.15;18.00;0.00
79011191;13.45;20.15;18.00;0.00
79011199;13.45;20.15;18.00;0.00
79011210;13.45;20.15;18.00;0.00
79011290;13.45;19.04;18.00;0.00
79012010;13.45;20.15;18.00;0.00
79012090;13.45;20.15;18.00;0.00
79020000;13.45;15.45;18.00;0.00
79031000;13.45;19.04;18.00;0.00
79039000;13.45;19.04;18.00;0.00
79040000;13.45;22.27;18.00;0.00
79050000;13.45;22.27;18.00;0.00
79070010;13.45;23.28;18.00;0.00
79070090;13.45;24.26;18.00;0.00
80011000;13.45;19.04;18.00;0.00
80012000;13.45;19.04;18.00;0.00
80020000;13.45;15.45;18.00;0.00
80030000;13.45;22.27;18.00;0.00
80070010;13.45;22.27;18.00;0.00
80070020;13.45;19.04;18.00;0.00
80070030;13.45;23.28;18.00;0.00
80070090;13.45;24.26;18.00;0.00
81011000;13.45;15.45;18.00;0.00
81019400;13.45;15.45;18.00;0.00
81019600;13.45;15.45;18.00;0.00
81019700;13.45;15.45;18.00;0.00
81019910;13.45;15.45;18.00;0.00
81019990;13.45;15.45;18.00;0.00
81021000;13.45;15.45;18.00;0.00
81029400;13.45;15.45;18.00;0.00
81029500;13.45;15.45;18.00;0.00
81029600;13.45;15.45;18.00;0.00
81029700;13.45;15.45;18.00;0.00
81029900;13.45;15.45;18.00;0.00
81032000;13.45;15.45;18.00;0.00
81033000;13.45;15.45;18.00;0.00
81039100;13.45;15.45;18.00;0.00
81039900;13.45;15.45;18.00;0.00
81041100;13.45;19.04;18.00;0.00
81041900;13.45;19.04;18.00;0.00
81042000;13.45;15.45;18.00;0.00
81043000;15.22;20.81;18.00;0.00
81049000;15.22;21.92;18.00;0.00
81052010;13.45;17.88;18.00;0.00
81052021;13.45;15.45;18.00;0.00
81052029;13.45;19.04;18.00;0.00
81052090;13.45;19.04;18.00;0.00
81053000;13.45;19.04;18.00;0.00
81059010;13.45;19.04;18.00;0.00
81059090;13.45;19.04;18.00;0.00
81061000;13.45;15.45;18.00;0.00
81069000;13.45;15.45;18.00;0.00
81082000;13.45;15.45;18.00;0.00
81083000;13.45;15.45;18.00;0.00
81089000;13.45;15.45;18.00;0.00
81092100;13.45;15.45;18.00;0.00
81092900;13.45;15.45;18.00;0.00
81093100;13.45;15.45;18.00;0.00
81093900;13.45;15.45;18.00;0.00
81099100;13.45;15.45;18.00;0.00
81099900;13.45;15.45;18.00;0.00
81101010;13.45;15.45;18.00;0.00
81101020;13.45;19.04;18.00;0.00
81102000;13.45;19.04;18.00;0.00
81109000;13.45;19.04;18.00;0.00
81110010;13.45;19.04;18.00;0.00
81110020;13.45;19.04;18.00;0.00
81110090;13.45;19.04;18.00;0.00
81121200;13.45;19.04;18.00;0.00
81121300;13.45;19.04;18.00;0.00
81121900;13.45;19.04;18.00;0.00
81122110;13.45;15.45;18.00;0.00
81122120;13.45;15.45;18.00;0.00
81122200;13.45;15.45;18.00;0.00
81122900;13.45;15.45;18.00;0.00
81123100;13.45;15.45;18.00;0.00
81123900;13.45;15.45;18.00;0.00
81124100;13.45;15.45;18.00;0.00
81124900;13.45;15.45;18.00;0.00
81125100;13.45;15.45;18.00;0.00
81125200;13.45;15.45;18.00;0.00
81125900;13.45;15.45;18.00;0.00
81126100;13.45;19.04;18.00;0.00
81126900;13.45;19.04;18.00;0.00
81129200;13.45;15.45;18.00;0.00
81129900;13.45;15.45;18.00;0.00
81130010;13.45;19.04;18.00;0.00
81130090;13.45;19.04;18.00;0.00
82011000;13.45;25.21;18.00;0.00
82013000;13.45;25.21;18.00;0.00
82014000;13.45;25.21;18.00;0.00
82015000;13.45;25.21;18.00;0.00
82016000;13.45;25.21;18.00;0.00
82019000;13.45;25.21;18.00;0.00
82021000;16.91;28.67;18.00;0.00
82022000;16.91;28.67;18.00;0.00
82023100;16.91;28.67;18.00;0.00
82023900;16.91;28.67;18.00;0.00
82024000;16.91;28.67;18.00;0.00
82029100;16.91;28.67;18.00;0.00
82029910;16.91;28.67;18.00;0.00
82029990;16.91;28.67;18.00;0.00
82031010;16.91;28.67;18.00;0.00
82031090;16.91;28.67;18.00;0.00
82032010;16.91;28.67;18.00;0.00
82032090;16.91;28.67;18.00;0.00
82033000;16.91;28.67;18.00;0.00
82034000;16.91;28.67;18.00;0.00
82041100;16.91;29.59;18.00;0.00
82041200;16.91;28.67;18.00;0.00
82042000;16.91;28.67;18.00;0.00
82051000;16.91;28.67;18.00;0.00
82052000;16.91;28.67;18.00;0.00
82053000;16.91;28.67;18.00;0.00
82054000;16.91;28.67;18.00;0.00
82055100;16.91;28.67;18.00;0.00
82055900;16.91;28.67;18.00;0.00
82056000;16.91;28.67;18.00;0.00
82057000;16.91;28.67;18.00;0.00
82059000;16.91;28.67;18.00;0.00
82060000;16.91;28.67;18.00;0.00
82071300;16.91;28.67;18.00;0.00
82071910;16.91;18.91;18.00;0.00
82071990;16.91;28.67;18.00;0.00
82072000;16.91;28.67;18.00;0.00
82073000;13.45;23.28;18.00;0.00
82074010;16.91;28.67;18.00;0.00
82074020;16.91;28.67;18.00;0.00
82075011;16.91;28.67;18.00;0.00
82075019;16.91;28.67;18.00;0.00
82075090;16.91;28.67;18.00;0.00
82076000;16.91;28.67;18.00;0.00
82077010;16.91;28.67;18.00;0.00
82077020;16.91;28.67;18.00;0.00
82077090;16.91;28.67;18.00;0.00
82078000;16.91;28.67;18.00;0.00
82079000;16.91;28.67;18.00;0.00
82081000;16.91;27.72;18.00;0.00
82082000;16.91;27.72;18.00;0.00
82083000;16.91;27.72;18.00;0.00
82084000;16.91;28.57;18.00;0.00
82089000;16.91;27.72;18.00;0.00
82090011;16.91;27.72;18.00;0.00
82090019;16.91;27.72;18.00;0.00
82090090;16.91;27.72;18.00;0.00
82100010;17.72;29.48;18.00;0.00
82100090;17.72;29.48;18.00;0.00
82111000;18.51;30.27;18.00;0.00
82119100;18.51;30.27;18.00;0.00
82119210;18.51;30.27;18.00;0.00
82119220;18.51;30.27;18.00;0.00
82119290;18.51;30.27;18.00;0.00
82119310;18.51;30.27;18.00;0.00
82119320;18.51;30.27;18.00;0.00
82119390;18.51;30.27;18.00;0.00
82119400;17.72;29.48;18.00;0.00
82119500;17.72;29.48;18.00;0.00
82121010;18.51;30.27;18.00;0.00
82121020;22.58;34.34;18.00;0.00
82122010;20.95;32.71;18.00;0.00
82122020;18.51;30.27;18.00;0.00
82129000;18.51;30.27;18.00;0.00
82130000;18.51;30.27;18.00;0.00
82141000;17.72;29.48;18.00;0.00
82142000;17.72;29.48;18.00;0.00
82149010;17.72;29.48;18.00;0.00
82149090;17.72;29.48;18.00;0.00
82151000;17.72;29.48;18.00;0.00
82152000;17.72;29.48;18.00;0.00
82159100;17.72;29.48;18.00;0.00
82159910;17.72;29.48;18.00;0.00
82159990;17.72;29.48;18.00;0.00
83011000;13.45;24.26;18.00;0.00
83012000;17.72;29.38;18.00;0.00
83013000;17.72;28.53;18.00;0.00
83014000;13.45;24.26;18.00;0.00
83015000;17.72;29.38;18.00;0.00
83016000;13.45;25.11;18.00;0.00
83017000;13.45;25.11;18.00;0.00
83021000;13.45;25.11;18.00;0.00
83022000;17.72;28.53;18.00;0.00
83023000;17.72;29.38;18.00;0.00
83024100;15.65;26.46;18.00;0.00
83024200;17.72;28.53;18.00;0.00
83024900;17.72;28.53;18.00;0.00
83025000;17.72;28.53;18.00;0.00
83026000;17.72;28.53;18.00;0.00
83030000;19.67;30.48;18.00;0.00
83040000;17.72;28.53;18.00;0.00
83051000;17.72;28.53;18.00;0.00
83052000;17.72;28.53;18.00;0.00
83059000;17.72;28.53;18.00;0.00
83061000;18.51;29.32;18.00;0.00
83062100;19.67;30.48;18.00;0.00
83062900;19.67;30.48;18.00;0.00
83063000;18.51;29.32;18.00;0.00
83071010;15.65;17.65;18.00;0.00
83071090;15.65;27.31;18.00;0.00
83079000;15.65;27.31;18.00;0.00
83081000;13.45;25.11;18.00;0.00
83082000;17.72;29.38;18.00;0.00
83089010;13.45;24.26;18.00;0.00
83089020;18.51;29.32;18.00;0.00
83089090;17.72;28.53;18.00;0.00
83091000;13.45;24.26;18.00;0.00
83099000;13.45;25.11;18.00;0.00
83100000;13.45;25.11;18.00;0.00
83111000;17.72;28.53;18.00;0.00
83112000;17.72;28.53;18.00;0.00
83113000;17.72;28.53;18.00;0.00
83119000;17.72;28.53;18.00;0.00
84011000;13.45;23.28;18.00;0.00
84012000;13.45;23.28;18.00;0.00
84013000;13.45;23.28;18.00;0.00
84014000;13.45;15.45;18.00;0.00
84021100;13.45;23.28;18.00;0.00
84021200;13.45;23.28;18.00;0.00
84021900;13.45;23.28;18.00;0.00
84022000;13.45;23.28;18.00;0.00
84029000;13.45;23.28;18.00;0.00
84031010;13.45;25.21;18.00;0.00
84031090;13.45;23.28;18.00;0.00
84039000;15.65;25.48;18.00;0.00
84041010;13.45;23.28;18.00;0.00
84041020;13.45;23.28;12.00;0.00
84042000;13.45;23.28;18.00;0.00
84049010;15.65;25.48;18.00;0.00
84049090;15.65;25.48;18.00;0.00
84051000;13.45;23.28;18.00;0.00
84059000;15.65;25.48;18.00;0.00
84061000;15.65;25.48;18.00;0.00
84068100;13.45;23.28;18.00;0.00
84068200;13.45;23.28;18.00;0.00
84069011;15.65;17.65;12.00;0.00
84069019;15.65;25.48;12.00;0.00
84069021;15.65;17.65;12.00;0.00
84069029;15.65;25.48;12.00;0.00
84069090;13.45;23.28;12.00;0.00
84071000;15.65;17.65;18.00;0.00
84072110;15.65;25.48;18.00;0.00
84072190;16.78;26.61;18.00;0.00
84072910;15.65;25.48;18.00;0.00
84072990;15.65;25.48;18.00;0.00
84073110;15.65;27.41;18.00;0.00
84073190;15.65;27.41;18.00;0.00
84073200;15.65;27.41;18.00;0.00
84073310;15.65;27.41;18.00;0.00
84073390;15.65;28.33;18.00;0.00
84073410;15.65;27.41;18.00;0.00
84073490;15.65;28.33;18.00;0.00
84079000;13.45;23.28;18.00;0.00
84081010;15.65;25.48;25.00;0.00
84081090;15.65;25.48;25.00;0.00
84082010;15.65;28.33;25.00;0.00
84082020;15.65;28.33;25.00;0.00
84082030;15.65;28.33;25.00;0.00
84082090;15.65;28.33;25.00;0.00
84089010;13.45;22.50;25.00;0.00
84089090;13.45;23.28;25.00;0.00
84091000;15.65;17.65;18.00;0.00
84099111;15.65;27.31;18.00;0.00
84099112;15.65;27.31;18.00;0.00
84099113;15.65;17.65;18.00;0.00
84099114;15.65;27.31;18.00;0.00
84099115;15.65;27.31;18.00;0.00
84099116;15.65;27.31;18.00;0.00
84099117;15.65;27.31;18.00;0.00
84099118;15.65;27.31;18.00;0.00
84099120;15.65;27.31;18.00;0.00
84099130;15.65;27.31;18.00;0.00
84099140;19.67;31.33;18.00;0.00
84099190;15.65;27.31;18.00;0.00
84099912;15.65;27.31;18.00;0.00
84099914;15.65;27.31;18.00;0.00
84099915;15.65;27.31;18.00;0.00
84099917;15.65;27.31;18.00;0.00
84099921;15.65;17.65;18.00;0.00
84099929;15.65;27.31;18.00;0.00
84099930;15.65;27.31;18.00;0.00
84099941;15.65;17.65;18.00;0.00
84099949;15.65;27.31;18.00;0.00
84099951;15.65;17.65;18.00;0.00
84099959;15.65;27.31;18.00;0.00
84099961;15.65;17.65;18.00;0.00
84099969;15.65;27.31;18.00;0.00
84099971;15.65;17.65;18.00;0.00
84099979;15.65;27.31;18.00;0.00
84099991;15.65;17.65;18.00;0.00
84099999;15.65;27.31;18.00;0.00
84101100;13.45;23.28;18.00;0.00
84101200;13.45;23.28;18.00;0.00
84101300;13.45;23.28;18.00;0.00
84109000;13.45;23.28;12.00;0.00
84111100;15.65;17.65;18.00;0.00
84111200;15.65;17.65;18.00;0.00
84112100;15.65;17.65;18.00;0.00
84112200;15.65;17.65;18.00;0.00
84118100;13.45;15.45;18.00;0.00
84118200;15.65;17.65;18.00;0.00
84119100;15.65;17.65;18.00;0.00
84119900;15.65;17.65;18.00;0.00
84121000;13.45;15.45;18.00;0.00
84122110;13.45;23.28;12.00;0.00
84122190;13.45;23.28;12.00;0.00
84122900;13.45;23.28;12.00;0.00
84123110;13.45;23.28;18.00;0.00
84123190;13.45;23.28;18.00;0.00
84123900;13.45;23.28;18.00;0.00
84128000;13.45;23.28;18.00;0.00
84129010;13.45;23.28;18.00;0.00
84129020;13.45;23.28;18.00;0.00
84129080;13.45;23.28;18.00;0.00
84129090;13.45;23.28;18.00;0.00
84131100;15.65;25.48;18.00;0.00
84131900;15.65;25.48;18.00;0.00
84132000;15.65;28.33;18.00;0.00
84133010;15.65;28.33;18.00;0.00
84133020;15.65;28.33;18.00;0.00
84133030;15.65;28.33;18.00;0.00
84133090;15.65;28.33;18.00;0.00
84134000;13.45;23.28;18.00;0.00
84135010;13.45;23.28;18.00;0.00
84135090;13.45;23.28;18.00;0.00
84136011;13.45;23.28;18.00;0.00
84136019;13.45;23.28;18.00;0.00
84136090;13.45;23.28;18.00;0.00
84137010;15.65;25.48;18.00;0.00
84137080;15.65;25.48;18.00;0.00
84137090;13.45;23.28;18.00;0.00
84138100;13.45;23.28;18.00;0.00
84138200;13.45;23.28;18.00;0.00
84139110;13.45;23.28;18.00;0.00
84139190;15.65;25.48;18.00;0.00
84139200;13.45;23.28;18.00;0.00
84141000;13.45;23.28;18.00;0.00
84142000;15.65;27.41;18.00;0.00
84143011;15.65;28.33;18.00;0.00
84143019;13.45;15.45;18.00;0.00
84143091;15.65;28.33;18.00;0.00
84143099;13.45;23.28;18.00;0.00
84144010;13.45;23.28;18.00;0.00
84144020;13.45;23.28;18.00;0.00
84144090;13.45;23.28;18.00;0.00
84145110;19.67;32.35;18.00;0.00
84145120;19.67;32.35;18.00;0.00
84145190;19.67;32.35;18.00;0.00
84145910;15.65;17.65;18.00;0.00
84145990;13.45;23.28;18.00;0.00
84146000;17.72;30.40;18.00;0.00
84147000;13.45;23.28;18.00;0.00
84148011;13.45;23.28;18.00;0.00
84148012;13.45;23.28;18.00;0.00
84148013;13.45;23.28;18.00;0.00
84148019;13.45;23.28;18.00;0.00
84148021;15.65;25.48;18.00;0.00
84148022;15.65;25.48;18.00;0.00
84148029;13.45;23.28;18.00;0.00
84148031;13.45;23.28;18.00;0.00
84148032;13.45;23.28;18.00;0.00
84148033;13.45;23.28;18.00;0.00
84148038;13.45;15.45;18.00;0.00
84148039;13.45;23.28;18.00;0.00
84148090;13.45;23.28;18.00;0.00
84149010;15.65;25.48;18.00;0.00
84149020;15.65;25.48;18.00;0.00
84149031;15.65;25.48;18.00;0.00
84149032;15.65;25.48;18.00;0.00
84149033;15.65;25.48;18.00;0.00
84149034;15.65;25.48;18.00;0.00
84149039;13.45;23.28;18.00;0.00
84149040;15.65;25.48;18.00;0.00
84151011;25.12;36.88;18.00;0.00
84151019;25.12;37.80;18.00;0.00
84151090;25.12;34.95;18.00;0.00
84152010;21.50;34.18;18.00;0.00
84152090;21.50;31.33;18.00;0.00
84158110;21.50;33.26;18.00;0.00
84158190;13.45;23.28;18.00;0.00
84158210;21.50;34.18;18.00;0.00
84158290;13.45;23.28;18.00;0.00
84158300;21.50;31.33;18.00;0.00
84159010;25.12;36.88;18.00;0.00
84159020;25.12;36.88;18.00;0.00
84159090;25.12;34.95;18.00;0.00
84161000;13.45;23.28;18.00;0.00
84162010;13.45;23.28;18.00;0.00
84162090;13.45;23.28;18.00;0.00
84163000;13.45;23.28;18.00;0.00
84169000;15.65;25.48;18.00;0.00
84171010;13.45;23.28;18.00;0.00
84171020;13.45;23.28;18.00;0.00
84171090;13.45;23.28;18.00;0.00
84172000;13.45;23.28;18.00;0.00
84178010;13.45;23.28;18.00;0.00
84178020;13.45;15.45;18.00;0.00
84178090;13.45;23.28;18.00;0.00
84179000;13.45;23.28;12.00;0.00
84181000;19.67;32.35;18.00;0.00
84182100;19.67;32.35;18.00;0.00
84182900;19.67;32.35;18.00;0.00
84183000;19.67;32.35;18.00;0.00
84184000;19.67;32.35;18.00;0.00
84185010;13.45;23.28;18.00;0.00
84185090;13.45;23.28;18.00;0.00
84186100;13.45;23.28;18.00;0.00
84186910;13.45;23.28;18.00;0.00
84186920;13.45;23.28;18.00;0.00
84186931;19.67;31.43;18.00;0.00
84186932;13.45;25.21;18.00;0.00
84186940;13.45;26.13;18.00;0.00
84186991;15.65;17.65;18.00;0.00
84186999;19.67;29.50;18.00;0.00
84189100;19.67;30.48;18.00;0.00
84189900;19.67;29.50;18.00;0.00
84191100;15.65;28.33;12.00;0.00
84191200;13.45;26.13;18.00;0.00
84191900;15.65;28.33;18.00;0.00
84192000;15.65;25.48;12.00;0.00
84193300;13.45;23.28;18.00;0.00
84193400;13.45;23.28;12.00;0.00
84193500;13.45;23.28;18.00;0.00
84193900;13.45;23.28;18.00;0.00
84194010;13.45;23.28;18.00;0.00
84194020;13.45;23.28;18.00;0.00
84194090;13.45;23.28;18.00;0.00
84195010;13.45;23.28;18.00;0.00
84195021;13.45;23.28;18.00;0.00
84195022;13.45;23.28;18.00;0.00
84195029;13.45;23.28;18.00;0.00
84195090;13.45;23.28;18.00;0.00
84196000;13.45;23.28;18.00;0.00
84198110;13.45;23.28;18.00;0.00
84198190;13.45;23.28;18.00;0.00
84198911;13.45;15.45;18.00;0.00
84198919;13.45;23.28;18.00;0.00
84198920;13.45;23.28;18.00;0.00
84198930;13.45;23.28;18.00;0.00
84198940;13.45;23.28;18.00;0.00
84198991;16.91;26.74;12.00;0.00
84198999;15.65;25.48;12.00;0.00
84199010;15.65;26.46;18.00;0.00
84199020;15.65;25.48;18.00;0.00
84199031;15.65;17.65;18.00;0.00
84199039;13.45;23.28;18.00;0.00
84199040;15.65;25.48;18.00;0.00
84199090;15.65;25.48;18.00;0.00
84201010;13.45;23.28;18.00;0.00
84201090;13.45;23.28;18.00;0.00
84209100;15.65;25.48;18.00;0.00
84209900;15.65;25.48;18.00;0.00
84211110;13.45;15.45;18.00;0.00
84211190;13.45;23.28;18.00;0.00
84211210;21.50;34.18;18.00;0.00
84211290;21.50;31.33;18.00;0.00
84211910;13.45;23.28;12.00;0.00
84211990;13.45;23.28;18.00;0.00
84212100;13.45;23.28;18.00;0.00
84212200;13.45;23.28;18.00;0.00
84212300;16.91;28.57;18.00;0.00
84212911;13.45;15.45;18.00;0.00
84212919;13.45;15.45;18.00;0.00
84212920;13.45;23.28;18.00;0.00
84212930;13.45;23.28;18.00;0.00
84212990;13.45;23.28;18.00;0.00
84213100;16.91;28.57;18.00;0.00
84213200;15.65;28.33;18.00;0.00
84213910;13.45;23.28;18.00;0.00
84213930;13.45;15.45;18.00;0.00
84213990;13.45;23.28;18.00;0.00
84219110;16.91;27.72;18.00;0.00
84219191;16.91;18.91;18.00;0.00
84219199;16.91;26.74;18.00;0.00
84219910;16.91;26.74;18.00;0.00
84219920;16.91;18.91;18.00;0.00
84219991;16.91;18.91;18.00;0.00
84219999;16.91;26.74;18.00;0.00
84221100;25.12;37.80;18.00;0.00
84221900;21.50;31.33;18.00;0.00
84222000;13.45;23.28;18.00;0.00
84223010;13.45;23.28;18.00;0.00
84223021;13.45;23.28;18.00;0.00
84223022;13.45;15.45;18.00;0.00
84223023;13.45;15.45;18.00;0.00
84223029;13.45;23.28;18.00;0.00
84223030;13.45;23.28;18.00;0.00
84224010;13.45;15.45;18.00;0.00
84224020;13.45;15.45;18.00;0.00
84224030;13.45;15.45;18.00;0.00
84224090;13.45;23.28;18.00;0.00
84229010;25.12;35.93;18.00;0.00
84229090;15.65;25.48;18.00;0.00
84231000;17.72;30.40;12.00;0.00
84232000;13.45;23.28;18.00;0.00
84233011;13.45;23.28;18.00;0.00
84233019;13.45;23.28;18.00;0.00
84233090;13.45;23.28;18.00;0.00
84238110;15.65;25.48;18.00;0.00
84238190;15.65;25.48;18.00;0.00
84238200;13.45;23.28;12.00;0.00
84238900;13.45;23.28;12.00;0.00
84239010;17.72;28.53;18.00;0.00
84239021;17.72;28.53;18.00;0.00
84239029;17.72;27.55;18.00;0.00
84241000;16.91;27.72;18.00;0.00
84242000;15.65;25.48;18.00;0.00
84243010;13.45;23.28;18.00;0.00
84243020;13.45;15.45;18.00;0.00
84243030;13.45;15.45;18.00;0.00
84243090;13.45;23.28;18.00;0.00
84244100;13.45;23.28;18.00;0.00
84244900;13.45;23.28;18.00;0.00
84248221;13.45;23.28;18.00;0.00
84248229;13.45;23.28;18.00;0.00
84248290;13.45;23.28;18.00;0.00
84248910;15.65;26.46;18.00;0.00
84248920;15.65;17.65;18.00;0.00
84248990;15.65;25.48;18.00;0.00
84249010;15.65;25.48;18.00;0.00
84249090;15.65;25.48;18.00;0.00
84251100;13.45;23.28;18.00;0.00
84251910;13.45;24.26;18.00;0.00
84251990;13.45;23.28;18.00;0.00
84253110;13.45;23.28;18.00;0.00
84253190;13.45;23.28;18.00;0.00
84253910;13.45;23.28;18.00;0.00
84253990;13.45;23.28;18.00;0.00
84254100;13.45;23.28;18.00;0.00
84254200;13.45;26.13;18.00;0.00
84254910;15.65;27.31;18.00;0.00
84254990;13.45;23.28;18.00;0.00
84261100;13.45;23.28;18.00;0.00
84261200;13.45;23.28;18.00;0.00
84261900;13.45;23.28;18.00;0.00
84262000;13.45;23.28;18.00;0.00
84263000;13.45;23.28;18.00;0.00
84264110;13.45;15.45;18.00;0.00
84264190;13.45;23.28;12.00;0.00
84264910;13.45;15.45;18.00;0.00
84264990;13.45;23.28;12.00;0.00
84269100;13.45;23.28;18.00;0.00
84269900;13.45;23.28;12.00;0.00
84271011;13.45;23.28;12.00;0.00
84271019;13.45;23.28;12.00;0.00
84271090;13.45;23.28;18.00;0.00
84272010;13.45;23.28;12.00;0.00
84272090;13.45;23.28;12.00;0.00
84279000;13.45;23.28;12.00;0.00
84281000;13.45;23.28;18.00;0.00
84282010;13.45;23.28;18.00;0.00
84282090;13.45;23.28;18.00;0.00
84283100;13.45;23.28;18.00;0.00
84283200;13.45;23.28;18.00;0.00
84283300;13.45;23.28;18.00;0.00
84283910;13.45;23.28;18.00;0.00
84283920;13.45;23.28;18.00;0.00
84283930;13.45;15.45;18.00;0.00
84283990;13.45;23.28;18.00;0.00
84284000;17.72;27.55;18.00;0.00
84286000;13.45;23.28;18.00;0.00
84287000;13.45;23.28;18.00;0.00
84289010;13.45;23.28;18.00;0.00
84289020;13.45;15.45;18.00;0.00
84289030;13.45;15.45;18.00;0.00
84289090;13.45;23.28;18.00;0.00
84291110;13.45;15.45;12.00;0.00
84291190;13.45;21.23;12.00;0.00
84291910;13.45;15.45;18.00;0.00
84291990;13.45;21.23;18.00;0.00
84292010;13.45;15.45;12.00;0.00
84292090;13.45;23.28;12.00;0.00
84293000;13.45;21.23;18.00;0.00
84294000;13.45;23.28;12.00;0.00
84295111;13.45;15.45;18.00;0.00
84295119;13.45;23.28;12.00;0.00
84295121;13.45;15.45;12.00;0.00
84295129;13.45;23.28;12.00;0.00
84295191;13.45;15.45;12.00;0.00
84295192;13.45;15.45;12.00;0.00
84295199;13.45;23.28;12.00;0.00
84295211;13.45;15.45;12.00;0.00
84295212;13.45;15.45;12.00;0.00
84295219;13.45;23.28;12.00;0.00
84295220;13.45;15.45;12.00;0.00
84295290;13.45;23.28;12.00;0.00
84295900;13.45;23.28;12.00;0.00
84301000;13.45;23.28;18.00;0.00
84302000;15.65;17.65;18.00;0.00
84303110;13.45;15.45;18.00;0.00
84303190;13.45;21.23;18.00;0.00
84303910;13.45;15.45;18.00;0.00
84303990;13.45;21.23;18.00;0.00
84304110;13.45;23.28;18.00;0.00
84304120;13.45;23.28;18.00;0.00
84304130;13.45;15.45;18.00;0.00
84304190;13.45;23.28;18.00;0.00
84304910;13.45;21.23;18.00;0.00
84304920;13.45;15.45;18.00;0.00
84304990;13.45;21.23;18.00;0.00
84305000;13.45;21.23;18.00;0.00
84306100;13.45;23.28;18.00;0.00
84306911;13.45;15.45;18.00;0.00
84306919;13.45;23.28;18.00;0.00
84306990;13.45;23.28;18.00;0.00
84311010;15.65;26.46;18.00;0.00
84311090;15.65;25.48;18.00;0.00
84312011;15.65;25.48;18.00;0.00
84312019;15.65;25.48;18.00;0.00
84312090;15.65;25.48;18.00;0.00
84313110;15.65;25.48;18.00;0.00
84313190;15.65;25.48;18.00;0.00
84313900;13.45;23.28;18.00;0.00
84314100;15.65;25.48;18.00;0.00
84314200;15.65;25.48;18.00;0.00
84314310;15.65;17.65;18.00;0.00
84314390;15.65;25.48;18.00;0.00
84314910;15.65;25.48;18.00;0.00
84314921;15.65;23.43;18.00;0.00
84314922;15.65;25.48;18.00;0.00
84314923;15.65;25.48;18.00;0.00
84314929;15.65;17.65;18.00;0.00
84321000;13.45;23.28;18.00;0.00
84322100;13.45;23.28;18.00;0.00
84322900;13.45;23.28;18.00;0.00
84323110;13.45;23.28;18.00;0.00
84323190;13.45;23.28;18.00;0.00
84323910;13.45;23.28;18.00;0.00
84323990;13.45;23.28;18.00;0.00
84324100;13.45;23.28;18.00;0.00
84324200;13.45;23.28;18.00;0.00
84328000;13.45;23.28;18.00;0.00
84329000;15.65;25.48;18.00;0.00
84331100;15.65;27.41;18.00;0.00
84331900;15.65;27.41;18.00;0.00
84332010;13.45;23.28;18.00;0.00
84332090;13.45;23.28;18.00;0.00
84333000;13.45;23.28;18.00;0.00
84334000;13.45;23.28;18.00;0.00
84335100;13.45;23.28;18.00;0.00
84335200;13.45;23.28;18.00;0.00
84335300;13.45;23.28;18.00;0.00
84335911;13.45;23.28;18.00;0.00
84335919;13.45;15.45;18.00;0.00
84335990;13.45;23.28;18.00;0.00
84336010;13.45;23.28;18.00;0.00
84336021;13.45;15.45;18.00;0.00
84336029;13.45;23.28;18.00;0.00
84336090;13.45;23.28;18.00;0.00
84339010;15.65;26.46;18.00;0.00
84339090;15.65;25.48;18.00;0.00
84341000;13.45;23.28;18.00;0.00
84342010;13.45;23.28;18.00;0.00
84342090;13.45;23.28;18.00;0.00
84349000;15.65;25.48;18.00;0.00
84351000;13.45;23.28;18.00;0.00
84359000;15.65;25.48;18.00;0.00
84361000;13.45;23.28;18.00;0.00
84362100;13.45;23.28;18.00;0.00
84362900;13.45;23.28;18.00;0.00
84368000;13.45;23.28;18.00;0.00
84369100;15.65;25.48;18.00;0.00
84369900;15.65;25.48;18.00;0.00
84371000;13.45;23.28;18.00;0.00
84378010;13.45;23.28;18.00;0.00
84378090;13.45;23.28;18.00;0.00
84379000;15.65;25.48;18.00;0.00
84381000;13.45;23.28;18.00;0.00
84382011;13.45;15.45;18.00;0.00
84382019;13.45;23.28;18.00;0.00
84382090;13.45;23.28;18.00;0.00
84383000;13.45;23.28;18.00;0.00
84384000;13.45;23.28;18.00;0.00
84385000;13.45;23.28;18.00;0.00
84386000;13.45;23.28;18.00;0.00
84388010;13.45;23.28;18.00;0.00
84388020;13.45;15.45;18.00;0.00
84388090;13.45;23.28;18.00;0.00
84389000;15.65;25.48;18.00;0.00
84391010;13.45;23.28;18.00;0.00
84391020;13.45;23.28;18.00;0.00
84391030;13.45;23.28;18.00;0.00
84391090;13.45;23.28;18.00;0.00
84392000;13.45;23.28;18.00;0.00
84393010;13.45;23.28;18.00;0.00
84393020;13.45;23.28;18.00;0.00
84393030;13.45;23.28;18.00;0.00
84393090;13.45;23.28;18.00;0.00
84399100;15.65;25.48;18.00;0.00
84399910;15.65;17.65;18.00;0.00
84399990;15.65;25.48;18.00;0.00
84401011;13.45;15.45;18.00;0.00
84401019;13.45;23.28;18.00;0.00
84401020;13.45;15.45;18.00;0.00
84401090;13.45;23.28;18.00;0.00
84409000;15.65;25.48;18.00;0.00
84411010;13.45;15.45;18.00;0.00
84411090;13.45;23.28;18.00;0.00
84412000;13.45;23.28;18.00;0.00
84413010;13.45;23.28;18.00;0.00
84413090;13.45;23.28;12.00;0.00
84414000;13.45;23.28;18.00;0.00
84418000;13.45;21.23;12.00;0.00
84419000;15.65;25.48;18.00;0.00
84423010;13.45;21.23;18.00;0.00
84423020;13.45;15.45;18.00;0.00
84423090;13.45;23.28;18.00;0.00
84424010;15.65;23.43;18.00;0.00
84424020;15.65;17.65;18.00;0.00
84424090;15.65;25.48;18.00;0.00
84425000;15.65;25.48;18.00;0.00
84431110;13.45;15.45;18.00;0.00
84431190;13.45;23.28;18.00;0.00
84431200;13.45;23.28;12.00;0.00
84431310;13.45;15.45;18.00;0.00
84431321;13.45;15.45;18.00;0.00
84431329;13.45;23.28;18.00;0.00
84431390;13.45;23.28;18.00;0.00
84431400;13.45;15.45;18.00;0.00
84431500;13.45;23.28;18.00;0.00
84431600;13.45;23.28;18.00;0.00
84431710;13.45;23.28;18.00;0.00
84431790;13.45;23.28;18.00;0.00
84431910;13.45;23.28;18.00;0.00
84431990;13.45;23.28;18.00;0.00
84433111;19.67;28.49;18.00;0.00
84433112;19.67;21.67;18.00;0.00
84433113;19.67;28.49;18.00;0.00
84433114;19.67;21.67;18.00;0.00
84433115;19.67;21.67;18.00;0.00
84433116;19.67;21.67;18.00;0.00
84433119;19.67;28.49;18.00;0.00
84433191;19.67;28.49;18.00;0.00
84433199;19.67;21.67;18.00;0.00
84433221;19.67;21.67;18.00;0.00
84433222;13.45;15.45;18.00;0.00
84433223;19.67;31.33;18.00;0.00
84433229;19.67;31.33;18.00;0.00
84433231;19.67;31.33;18.00;0.00
84433232;22.58;24.58;18.00;0.00
84433233;19.67;28.49;18.00;0.00
84433234;19.67;21.67;18.00;0.00
84433235;19.67;27.80;18.00;0.00
84433236;19.67;21.67;18.00;0.00
84433237;19.67;21.67;18.00;0.00
84433238;19.67;21.67;18.00;0.00
84433239;19.67;31.33;18.00;0.00
84433240;19.67;21.67;18.00;0.00
84433251;19.67;28.49;18.00;0.00
84433252;19.67;21.67;18.00;0.00
84433259;19.67;31.33;18.00;0.00
84433291;19.67;21.67;18.00;0.00
84433299;22.58;34.24;18.00;0.00
84433910;13.45;23.28;18.00;0.00
84433921;21.50;31.33;18.00;0.00
84433928;21.50;23.50;18.00;0.00
84433929;21.50;31.33;18.00;0.00
84433930;21.50;31.33;18.00;0.00
84433990;21.50;31.33;18.00;0.00
84439110;15.65;25.48;18.00;0.00
84439191;13.45;23.28;18.00;0.00
84439192;13.45;23.28;18.00;0.00
84439199;13.45;23.28;18.00;0.00
84439911;17.72;26.54;18.00;0.00
84439912;17.72;19.72;18.00;0.00
84439919;17.72;24.42;18.00;0.00
84439921;17.72;24.42;18.00;0.00
84439922;15.65;17.65;18.00;0.00
84439923;15.65;17.65;18.00;0.00
84439929;17.72;24.42;18.00;0.00
84439931;15.65;17.65;18.00;0.00
84439932;15.65;17.65;18.00;0.00
84439933;15.65;17.65;18.00;0.00
84439939;17.72;24.42;18.00;0.00
84439941;17.72;24.42;18.00;0.00
84439942;15.65;17.65;18.00;0.00
84439949;17.72;24.42;18.00;0.00
84439950;17.72;24.42;18.00;0.00
84439960;19.67;28.49;18.00;0.00
84439970;17.72;24.42;18.00;0.00
84439980;17.72;24.42;18.00;0.00
84439990;17.72;24.42;18.00;0.00
84440010;13.45;23.28;18.00;0.00
84440020;13.45;15.45;18.00;0.00
84440090;13.45;15.45;18.00;0.00
84451110;13.45;15.45;18.00;0.00
84451120;13.45;15.45;18.00;0.00
84451190;13.45;23.28;18.00;0.00
84451200;13.45;15.45;18.00;0.00
84451300;13.45;15.45;12.00;0.00
84451910;13.45;15.45;18.00;0.00
84451921;13.45;23.28;18.00;0.00
84451922;13.45;23.28;18.00;0.00
84451923;13.45;23.28;18.00;0.00
84451924;13.45;15.45;18.00;0.00
84451925;13.45;15.45;18.00;0.00
84451926;13.45;15.45;18.00;0.00
84451927;13.45;15.45;18.00;0.00
84451929;13.45;23.28;18.00;0.00
84452000;13.45;15.45;18.00;0.00
84453010;13.45;15.45;18.00;0.00
84453090;13.45;23.28;18.00;0.00
84454011;13.45;15.45;18.00;0.00
84454012;13.45;15.45;18.00;0.00
84454018;13.45;15.45;18.00;0.00
84454019;13.45;23.28;18.00;0.00
84454021;13.45;15.45;18.00;0.00
84454029;13.45;23.28;18.00;0.00
84454031;13.45;15.45;18.00;0.00
84454039;13.45;23.28;18.00;0.00
84454040;13.45;15.45;18.00;0.00
84454090;13.45;23.28;18.00;0.00
84459010;13.45;23.28;18.00;0.00
84459020;13.45;15.45;18.00;0.00
84459030;13.45;23.28;18.00;0.00
84459040;13.45;15.45;18.00;0.00
84459090;13.45;23.28;18.00;0.00
84461010;13.45;15.45;18.00;0.00
84461090;13.45;23.28;18.00;0.00
84462100;13.45;23.28;18.00;0.00
84462900;13.45;23.28;18.00;0.00
84463010;13.45;15.45;18.00;0.00
84463020;13.45;15.45;18.00;0.00
84463030;13.45;15.45;18.00;0.00
84463040;13.45;15.45;18.00;0.00
84463090;13.45;23.28;18.00;0.00
84471100;13.45;15.45;18.00;0.00
84471200;13.45;23.28;18.00;0.00
84472010;13.45;26.13;18.00;0.00
84472021;13.45;15.45;18.00;0.00
84472029;13.45;23.28;18.00;0.00
84472030;13.45;23.28;18.00;0.00
84479010;13.45;15.45;18.00;0.00
84479020;13.45;15.45;18.00;0.00
84479090;13.45;23.28;18.00;0.00
84481110;13.45;23.28;18.00;0.00
84481120;13.45;15.45;18.00;0.00
84481190;13.45;23.28;18.00;0.00
84481900;15.65;25.48;18.00;0.00
84482010;15.65;17.65;18.00;0.00
84482020;15.65;25.48;18.00;0.00
84482030;15.65;17.65;18.00;0.00
84482090;15.65;17.65;18.00;0.00
84483100;13.45;23.28;18.00;0.00
84483211;15.65;25.48;18.00;0.00
84483219;15.65;25.48;18.00;0.00
84483220;15.65;17.65;18.00;0.00
84483230;15.65;25.48;18.00;0.00
84483240;15.65;17.65;18.00;0.00
84483250;15.65;17.65;18.00;0.00
84483290;15.65;25.48;18.00;0.00
84483310;15.65;25.48;18.00;0.00
84483390;15.65;25.48;18.00;0.00
84483911;15.65;25.48;18.00;0.00
84483912;15.65;17.65;18.00;0.00
84483917;15.65;25.48;18.00;0.00
84483919;15.65;25.48;18.00;0.00
84483921;15.65;17.65;18.00;0.00
84483922;15.65;17.65;18.00;0.00
84483923;15.65;25.48;18.00;0.00
84483929;15.65;25.48;18.00;0.00
84483991;15.65;25.48;18.00;0.00
84483992;15.65;17.65;18.00;0.00
84483999;15.65;25.48;18.00;0.00
84484200;13.45;23.28;18.00;0.00
84484910;15.65;25.48;18.00;0.00
84484920;15.65;17.65;18.00;0.00
84484990;15.65;25.48;18.00;0.00
84485110;15.65;25.48;18.00;0.00
84485190;15.65;17.65;18.00;0.00
84485910;15.65;25.48;18.00;0.00
84485921;15.65;26.46;18.00;0.00
84485922;15.65;17.65;18.00;0.00
84485929;15.65;25.48;18.00;0.00
84485930;15.65;17.65;18.00;0.00
84485940;15.65;25.48;18.00;0.00
84485990;15.65;25.48;18.00;0.00
84490010;13.45;23.28;18.00;0.00
84490020;13.45;15.45;12.00;0.00
84490080;13.45;23.28;18.00;0.00
84490091;15.65;17.65;18.00;0.00
84490099;15.65;25.48;18.00;0.00
84501100;15.65;28.33;18.00;0.00
84501200;15.65;28.33;18.00;0.00
84501900;15.65;28.33;18.00;0.00
84502010;15.65;17.65;18.00;0.00
84502020;21.50;31.33;18.00;0.00
84502090;21.50;31.33;18.00;0.00
84509010;21.50;31.33;18.00;0.00
84509090;21.50;32.31;18.00;0.00
84511000;13.45;23.28;18.00;0.00
84512100;15.65;28.33;18.00;0.00
84512910;13.45;15.45;18.00;0.00
84512990;13.45;23.28;18.00;0.00
84513010;13.45;15.45;18.00;0.00
84513091;15.65;28.33;18.00;0.00
84513099;13.45;23.28;18.00;0.00
84514010;13.45;23.28;18.00;0.00
84514021;13.45;23.28;18.00;0.00
84514029;13.45;23.28;18.00;0.00
84514090;13.45;23.28;18.00;0.00
84515010;13.45;15.45;18.00;0.00
84515020;13.45;15.45;18.00;0.00
84515090;13.45;23.28;18.00;0.00
84518000;13.45;23.28;18.00;0.00
84519010;15.65;26.46;18.00;0.00
84519090;15.65;25.48;18.00;0.00
84521000;14.79;28.46;18.00;0.00
84522110;13.45;15.45;18.00;0.00
84522120;13.45;15.45;18.00;0.00
84522190;13.45;15.45;18.00;0.00
84522910;13.45;21.23;18.00;0.00
84522921;13.45;15.45;18.00;0.00
84522922;13.45;15.45;18.00;0.00
84522923;13.45;15.45;18.00;0.00
84522924;13.45;15.45;18.00;0.00
84522925;13.45;21.23;18.00;0.00
84522929;13.45;15.45;18.00;0.00
84522990;13.45;21.23;18.00;0.00
84523000;15.65;25.48;18.00;0.00
84529020;15.65;27.41;18.00;0.00
84529081;15.65;26.46;18.00;0.00
84529089;15.65;26.46;18.00;0.00
84529091;15.65;25.48;18.00;0.00
84529092;15.65;17.65;18.00;0.00
84529093;15.65;17.65;18.00;0.00
84529094;15.65;25.48;18.00;0.00
84529099;15.65;17.65;18.00;0.00
84531010;13.45;23.28;18.00;0.00
84531090;13.45;23.28;18.00;0.00
84532000;13.45;23.28;18.00;0.00
84538000;13.45;23.28;18.00;0.00
84539000;13.45;23.28;18.00;0.00
84541000;13.45;23.28;18.00;0.00
84542010;13.45;23.28;18.00;0.00
84542090;13.45;23.28;18.00;0.00
84543010;13.45;23.28;18.00;0.00
84543020;13.45;15.45;18.00;0.00
84543090;13.45;23.28;18.00;0.00
84549010;15.65;17.65;18.00;0.00
84549090;13.45;23.28;18.00;0.00
84551000;13.45;23.28;18.00;0.00
84552110;13.45;23.28;18.00;0.00
84552190;13.45;23.28;18.00;0.00
84552210;13.45;23.28;18.00;0.00
84552290;13.45;23.28;18.00;0.00
84553010;13.45;23.28;18.00;0.00
84553020;13.45;15.45;18.00;0.00
84553090;13.45;23.28;18.00;0.00
84559000;15.65;25.48;18.00;0.00
84561111;13.45;18.14;12.00;0.00
84561119;13.45;23.28;12.00;0.00
84561190;13.45;23.28;12.00;0.00
84561211;13.45;15.45;12.00;0.00
84561219;13.45;23.28;12.00;0.00
84561290;13.45;23.28;12.00;0.00
84562010;13.45;15.45;12.00;0.00
84562090;13.45;15.45;12.00;0.00
84563011;13.45;15.45;12.00;0.00
84563019;13.45;23.28;12.00;0.00
84563090;13.45;23.28;18.00;0.00
84564000;13.45;23.28;12.00;0.00
84565000;13.45;23.28;12.00;0.00
84569000;13.45;23.28;12.00;0.00
84571000;13.45;23.28;18.00;0.00
84572010;13.45;23.28;18.00;0.00
84572090;13.45;23.28;18.00;0.00
84573010;13.45;23.28;18.00;0.00
84573090;13.45;23.28;18.00;0.00
84581110;13.45;23.28;18.00;0.00
84581191;13.45;15.45;18.00;0.00
84581199;13.45;23.28;18.00;0.00
84581910;13.45;23.28;18.00;0.00
84581990;13.45;23.28;18.00;0.00
84589100;13.45;23.28;18.00;0.00
84589900;13.45;23.28;18.00;0.00
84591000;13.45;23.28;18.00;0.00
84592110;13.45;23.28;18.00;0.00
84592191;13.45;23.28;18.00;0.00
84592199;13.45;23.28;18.00;0.00
84592900;13.45;23.28;18.00;0.00
84593100;13.45;23.28;18.00;0.00
84593900;13.45;23.28;18.00;0.00
84594100;13.45;23.28;18.00;0.00
84594900;13.45;23.28;18.00;0.00
84595100;13.45;23.28;18.00;0.00
84595900;13.45;23.28;18.00;0.00
84596100;13.45;23.28;18.00;0.00
84596900;13.45;23.28;18.00;0.00
84597000;13.45;23.28;18.00;0.00
84601200;13.45;23.28;18.00;0.00
84601900;13.45;23.28;18.00;0.00
84602200;13.45;23.28;18.00;0.00
84602300;13.45;23.28;18.00;0.00
84602400;13.45;23.28;18.00;0.00
84602900;13.45;23.28;18.00;0.00
84603100;13.45;23.28;18.00;0.00
84603900;13.45;23.28;18.00;0.00
84604011;13.45;23.28;18.00;0.00
84604019;13.45;23.28;18.00;0.00
84604091;13.45;23.28;18.00;0.00
84604099;13.45;23.28;18.00;0.00
84609011;13.45;15.45;18.00;0.00
84609012;13.45;15.45;18.00;0.00
84609019;13.45;23.28;18.00;0.00
84609090;13.45;23.28;18.00;0.00
84612010;13.45;23.28;18.00;0.00
84612090;13.45;23.28;18.00;0.00
84613010;13.45;23.28;18.00;0.00
84613090;13.45;23.28;18.00;0.00
84614010;13.45;15.45;18.00;0.00
84614091;13.45;23.28;18.00;0.00
84614099;13.45;23.28;18.00;0.00
84615010;13.45;23.28;18.00;0.00
84615020;13.45;23.28;18.00;0.00
84615090;13.45;23.28;18.00;0.00
84619010;13.45;23.28;18.00;0.00
84619090;13.45;23.28;18.00;0.00
84621100;13.45;23.28;18.00;0.00
84621900;13.45;23.28;18.00;0.00
84622200;13.45;23.28;18.00;0.00
84622300;13.45;23.28;18.00;0.00
84622400;13.45;23.28;18.00;0.00
84622500;13.45;23.28;18.00;0.00
84622600;13.45;23.28;18.00;0.00
84622900;13.45;23.28;18.00;0.00
84623200;13.45;23.28;18.00;0.00
84623300;13.45;23.28;18.00;0.00
84623900;13.45;23.28;18.00;0.00
84624200;13.45;23.28;18.00;0.00
84624900;13.45;23.28;18.00;0.00
84625100;13.45;23.28;18.00;0.00
84625900;13.45;23.28;18.00;0.00
84626100;13.45;23.28;18.00;0.00
84626200;13.45;23.28;18.00;0.00
84626300;13.45;23.28;18.00;0.00
84626900;13.45;23.28;18.00;0.00
84629000;13.45;23.28;18.00;0.00
84631010;13.45;23.28;18.00;0.00
84631090;13.45;23.28;18.00;0.00
84632010;13.45;23.28;18.00;0.00
84632091;13.45;15.45;18.00;0.00
84632099;13.45;23.28;18.00;0.00
84633000;13.45;23.28;18.00;0.00
84639010;13.45;23.28;18.00;0.00
84639090;13.45;23.28;18.00;0.00
84641000;13.45;23.28;18.00;0.00
84642010;13.45;23.28;18.00;0.00
84642021;13.45;15.45;18.00;0.00
84642029;13.45;23.28;18.00;0.00
84642090;13.45;23.28;18.00;0.00
84649011;13.45;15.45;18.00;0.00
84649019;13.45;23.28;18.00;0.00
84649090;13.45;23.28;18.00;0.00
84651000;13.45;23.28;18.00;0.00
84652000;13.45;23.28;18.00;0.00
84659110;13.45;23.28;18.00;0.00
84659120;13.45;23.28;18.00;0.00
84659190;13.45;23.28;18.00;0.00
84659211;13.45;23.28;18.00;0.00
84659219;13.45;23.28;18.00;0.00
84659290;13.45;23.28;18.00;0.00
84659310;13.45;23.28;18.00;0.00
84659390;13.45;23.28;18.00;0.00
84659400;13.45;23.28;18.00;0.00
84659511;13.45;23.28;18.00;0.00
84659512;13.45;23.28;18.00;0.00
84659591;13.45;23.28;18.00;0.00
84659592;13.45;23.28;18.00;0.00
84659600;13.45;23.28;18.00;0.00
84659900;13.45;23.28;18.00;0.00
84661000;13.45;23.28;18.00;0.00
84662010;13.45;23.28;12.00;0.00
84662090;13.45;23.28;18.00;0.00
84663000;13.45;23.28;18.00;0.00
84669100;13.45;23.28;12.00;0.00
84669200;13.45;23.28;12.00;0.00
84669311;15.65;17.65;12.00;0.00
84669319;13.45;23.28;12.00;0.00
84669320;13.45;23.28;12.00;0.00
84669330;13.45;23.28;12.00;0.00
84669340;13.45;23.28;12.00;0.00
84669350;13.45;23.28;12.00;0.00
84669360;13.45;23.28;12.00;0.00
84669410;13.45;23.28;18.00;0.00
84669420;13.45;23.28;18.00;0.00
84669490;13.45;23.28;12.00;0.00
84671110;15.65;26.25;18.00;0.00
84671190;15.65;26.25;18.00;0.00
84671900;15.65;26.25;18.00;0.00
84672100;16.91;29.59;18.00;0.00
84672200;16.91;29.59;18.00;0.00
84672910;16.91;29.59;18.00;0.00
84672991;16.91;29.59;18.00;0.00
84672992;16.91;29.59;18.00;0.00
84672993;16.91;26.74;18.00;0.00
84672999;16.91;29.59;18.00;0.00
84678100;16.91;24.69;18.00;0.00
84678900;16.91;26.74;18.00;0.00
84679100;16.91;26.74;18.00;0.00
84679200;16.91;26.74;18.00;0.00
84679900;16.91;26.74;18.00;0.00
84681000;15.65;26.46;18.00;0.00
84682000;13.45;23.28;18.00;0.00
84688010;13.45;15.45;18.00;0.00
84688090;13.45;23.28;18.00;0.00
84689010;15.65;26.46;18.00;0.00
84689020;15.65;17.65;18.00;0.00
84689090;15.65;25.48;18.00;0.00
84701000;19.67;32.35;18.00;0.00
84702100;19.67;32.35;18.00;0.00
84702900;19.67;32.35;18.00;0.00
84703000;19.67;32.35;18.00;0.00
84705010;19.67;31.33;18.00;0.00
84705090;22.58;32.41;18.00;0.00
84709010;19.67;21.67;18.00;0.00
84709090;19.67;29.50;18.00;0.00
84713011;22.58;24.58;18.00;0.00
84713012;22.58;34.24;18.00;0.00
84713019;22.58;34.24;18.00;0.00
84713090;22.58;34.24;18.00;0.00
84714100;19.67;31.33;18.00;0.00
84714900;19.67;31.33;18.00;0.00
84715010;22.58;33.39;18.00;0.00
84715020;22.58;32.08;18.00;0.00
84715030;22.58;29.28;18.00;0.00
84715040;22.58;27.27;18.00;0.00
84715090;22.58;34.24;18.00;0.00
84716052;19.67;28.49;18.00;0.00
84716053;19.67;28.49;18.00;0.00
84716054;19.67;28.49;18.00;0.00
84716059;19.67;28.49;18.00;0.00
84716061;19.67;31.33;18.00;0.00
84716062;19.67;31.33;18.00;0.00
84716080;19.67;31.33;18.00;0.00
84716090;19.67;31.33;18.00;0.00
84717010;19.67;26.37;18.00;0.00
84717020;17.72;19.72;18.00;0.00
84717030;19.67;21.67;18.00;0.00
84717040;19.67;29.17;18.00;0.00
84717090;19.67;29.17;18.00;0.00
84718000;19.67;31.33;18.00;0.00
84719011;19.67;28.49;18.00;0.00
84719012;19.67;28.49;18.00;0.00
84719013;19.67;28.49;18.00;0.00
84719014;22.58;24.58;18.00;0.00
84719019;19.67;28.49;18.00;0.00
84719090;19.67;31.33;18.00;0.00
84721000;21.50;31.33;18.00;0.00
84723010;21.50;23.50;18.00;0.00
84723020;21.50;23.50;18.00;0.00
84723030;21.50;23.50;18.00;0.00
84723090;21.50;23.50;18.00;0.00
84729010;22.58;34.24;18.00;0.00
84729020;19.67;31.33;18.00;0.00
84729030;21.50;31.33;18.00;0.00
84729040;21.50;33.26;18.00;0.00
84729051;19.67;21.67;18.00;0.00
84729059;19.67;28.49;18.00;0.00
84729091;21.50;23.50;18.00;0.00
84729099;21.50;31.33;18.00;0.00
84732100;14.35;25.16;18.00;0.00
84732910;22.58;31.40;18.00;0.00
84732920;21.50;32.31;18.00;0.00
84732990;22.58;29.28;18.00;0.00
84733011;17.72;26.54;18.00;0.00
84733019;17.72;25.50;18.00;0.00
84733031;17.72;19.72;18.00;0.00
84733032;14.35;16.35;18.00;0.00
84733033;14.35;16.35;18.00;0.00
84733034;17.72;19.72;18.00;0.00
84733039;17.72;19.72;18.00;0.00
84733041;22.58;31.40;18.00;0.00
84733042;22.58;31.40;18.00;0.00
84733049;22.58;31.40;18.00;0.00
84733090;17.72;24.42;18.00;0.00
84734010;19.67;28.49;18.00;0.00
84734070;19.81;29.64;18.00;0.00
84734090;17.72;24.42;18.00;0.00
84735010;22.58;31.40;18.00;0.00
84735040;15.65;17.65;18.00;0.00
84735050;19.67;28.49;18.00;0.00
84735090;19.81;31.47;18.00;0.00
84741000;13.45;23.28;18.00;0.00
84742010;13.45;23.28;18.00;0.00
84742090;13.45;23.28;18.00;0.00
84743100;13.45;23.28;18.00;0.00
84743200;13.45;23.28;18.00;0.00
84743900;13.45;23.28;18.00;0.00
84748010;13.45;23.28;18.00;0.00
84748090;13.45;23.28;18.00;0.00
84749000;13.45;23.28;18.00;0.00
84751000;13.45;15.45;18.00;0.00
84752100;13.45;23.28;18.00;0.00
84752910;13.45;23.28;18.00;0.00
84752990;13.45;23.28;18.00;0.00
84759000;15.65;25.48;18.00;0.00
84762100;20.78;30.61;18.00;0.00
84762900;20.78;30.61;18.00;0.00
84768100;20.78;30.61;18.00;0.00
84768910;20.78;22.78;18.00;0.00
84768990;20.78;30.61;18.00;0.00
84769000;20.78;30.61;18.00;0.00
84771011;13.45;23.28;18.00;0.00
84771019;13.45;23.28;18.00;0.00
84771021;13.45;23.28;18.00;0.00
84771029;13.45;23.28;18.00;0.00
84771091;13.45;23.28;18.00;0.00
84771099;13.45;23.28;18.00;0.00
84772010;13.45;23.28;18.00;0.00
84772090;13.45;23.28;18.00;0.00
84773010;13.45;23.28;18.00;0.00
84773090;13.45;23.28;18.00;0.00
84774010;13.45;15.45;18.00;0.00
84774090;13.45;23.28;18.00;0.00
84775100;13.45;23.28;18.00;0.00
84775911;13.45;23.28;18.00;0.00
84775919;13.45;23.28;18.00;0.00
84775990;13.45;23.28;18.00;0.00
84778010;13.45;15.45;18.00;0.00
84778090;13.45;23.28;18.00;0.00
84779000;15.65;25.48;18.00;0.00
84781010;17.72;27.55;18.00;0.00
84781090;17.72;27.55;18.00;0.00
84789000;17.72;27.55;18.00;0.00
84791010;13.45;23.28;18.00;0.00
84791090;13.45;23.28;18.00;0.00
84792000;13.45;23.28;18.00;0.00
84793000;13.45;23.28;18.00;0.00
84794000;13.45;23.28;18.00;0.00
84795000;13.45;23.28;18.00;0.00
84796000;13.45;23.28;18.00;0.00
84797100;13.45;23.28;18.00;0.00
84797900;13.45;23.28;18.00;0.00
84798110;13.45;15.45;18.00;0.00
84798190;13.45;23.28;18.00;0.00
84798210;13.45;23.28;18.00;0.00
84798290;13.45;23.28;18.00;0.00
84798300;13.45;23.28;18.00;0.00
84798911;13.45;23.28;18.00;0.00
84798912;13.45;23.28;18.00;0.00
84798921;13.45;15.45;18.00;0.00
84798922;13.45;15.45;18.00;0.00
84798931;15.65;27.41;18.00;0.00
84798932;15.65;27.41;18.00;0.00
84798940;13.45;23.28;18.00;0.00
84798991;13.45;23.28;18.00;0.00
84798992;15.65;25.48;18.00;0.00
84798999;13.45;23.28;18.00;0.00
84799010;15.65;26.46;18.00;0.00
84799090;13.45;23.28;18.00;0.00
84801000;13.45;23.28;18.00;0.00
84802000;13.45;23.28;12.00;0.00
84803000;13.45;23.28;18.00;0.00
84804100;13.45;23.28;18.00;0.00
84804910;13.45;23.28;18.00;0.00
84804990;13.45;23.28;18.00;0.00
84805000;13.45;23.28;18.00;0.00
84806000;13.45;23.28;18.00;0.00
84807100;13.45;23.28;18.00;0.00
84807910;13.45;23.28;18.00;0.00
84807990;13.45;23.28;18.00;0.00
84811000;13.45;23.28;18.00;0.00
84812011;15.65;25.48;18.00;0.00
84812019;15.65;17.65;18.00;0.00
84812090;13.45;23.28;18.00;0.00
84813000;13.45;23.28;18.00;0.00
84814000;13.45;23.28;18.00;0.00
84818011;13.45;25.21;18.00;0.00
84818019;13.45;25.21;18.00;0.00
84818021;13.45;23.28;18.00;0.00
84818029;13.45;23.28;18.00;0.00
84818031;15.22;26.98;18.00;0.00
84818039;15.22;25.05;18.00;0.00
84818091;18.51;30.27;18.00;0.00
84818092;13.45;23.28;18.00;0.00
84818093;13.45;23.28;18.00;0.00
84818094;13.45;23.28;18.00;0.00
84818095;13.45;23.28;18.00;0.00
84818096;13.45;23.28;18.00;0.00
84818097;13.45;23.28;18.00;0.00
84818099;15.65;25.48;18.00;0.00
84819010;18.51;29.32;18.00;0.00
84819090;13.45;23.28;18.00;0.00
84821010;18.51;30.17;18.00;0.00
84821090;18.51;30.17;18.00;0.00
84822010;18.51;30.17;18.00;0.00
84822090;18.51;30.17;18.00;0.00
84823000;18.51;30.17;18.00;0.00
84824000;18.51;30.17;18.00;0.00
84825010;18.51;30.17;18.00;0.00
84825090;18.51;30.17;18.00;0.00
84828000;18.51;30.17;18.00;0.00
84829111;18.51;20.51;18.00;0.00
84829119;18.51;20.51;18.00;0.00
84829120;18.51;20.51;18.00;0.00
84829130;18.51;28.34;18.00;0.00
84829190;18.51;28.34;18.00;0.00
84829910;18.51;20.51;18.00;0.00
84829990;18.51;28.34;18.00;0.00
84831011;13.45;15.45;18.00;0.00
84831019;13.45;25.11;18.00;0.00
84831020;13.45;25.11;18.00;0.00
84831030;13.45;25.11;18.00;0.00
84831040;13.45;25.11;18.00;0.00
84831050;18.51;20.51;18.00;0.00
84831090;13.45;25.11;18.00;0.00
84832000;18.51;30.17;18.00;0.00
84833010;18.51;30.17;18.00;0.00
84833021;18.51;20.51;18.00;0.00
84833029;18.51;30.17;18.00;0.00
84833090;18.51;30.17;18.00;0.00
84834010;13.45;23.28;18.00;0.00
84834090;13.45;23.28;18.00;0.00
84835010;18.51;30.17;18.00;0.00
84835090;18.51;30.17;18.00;0.00
84836011;13.45;23.28;18.00;0.00
84836019;13.45;23.28;18.00;0.00
84836090;13.45;23.28;18.00;0.00
84839000;13.45;23.28;18.00;0.00
84841000;18.51;30.17;18.00;0.00
84842000;17.72;27.55;18.00;0.00
84849000;18.51;30.17;18.00;0.00
84851000;13.45;23.28;18.00;0.00
84852000;13.45;23.28;18.00;0.00
84853000;13.45;23.28;18.00;0.00
84858000;13.45;23.28;18.00;0.00
84859000;15.65;25.48;18.00;0.00
84861000;13.45;23.28;18.00;0.00
84862000;13.45;23.28;18.00;0.00
84863000;13.45;23.28;18.00;0.00
84864000;13.45;23.28;18.00;0.00
84869000;13.45;23.28;18.00;0.00
84871000;17.72;27.55;18.00;0.00
84879000;17.72;27.55;18.00;0.00
85011011;15.65;17.65;18.00;0.00
85011019;17.72;30.40;18.00;0.00
85011021;17.72;30.40;18.00;0.00
85011029;19.81;32.49;18.00;0.00
85011030;17.72;29.48;18.00;0.00
85012000;17.72;30.40;18.00;0.00
85013110;17.72;30.40;18.00;0.00
85013120;13.45;25.21;18.00;0.00
85013210;13.45;26.13;18.00;0.00
85013220;13.45;26.13;18.00;0.00
85013310;13.45;23.28;18.00;0.00
85013320;13.45;23.28;18.00;0.00
85013411;13.45;23.28;18.00;0.00
85013419;13.45;15.45;18.00;0.00
85013420;13.45;23.28;18.00;0.00
85014011;13.45;25.21;18.00;0.00
85014019;17.72;29.48;18.00;0.00
85014021;13.45;23.28;18.00;0.00
85014029;17.72;27.55;18.00;0.00
85015110;15.65;25.48;18.00;0.00
85015120;13.45;23.28;18.00;0.00
85015190;13.45;23.28;18.00;0.00
85015210;13.45;23.28;18.00;0.00
85015220;13.45;23.28;18.00;0.00
85015290;13.45;23.28;18.00;0.00
85015310;13.45;23.28;18.00;0.00
85015320;13.45;23.28;18.00;0.00
85015330;13.45;23.28;18.00;0.00
85015390;13.45;15.45;18.00;0.00
85016100;13.45;23.28;18.00;0.00
85016200;13.45;23.28;18.00;0.00
85016300;13.45;23.28;18.00;0.00
85016400;13.45;23.28;18.00;0.00
85017100;13.45;26.13;18.00;0.00
85017210;13.45;26.13;18.00;0.00
85017290;13.45;23.28;18.00;0.00
85018000;13.45;23.28;18.00;0.00
85021110;13.45;23.28;18.00;0.00
85021190;13.45;23.28;18.00;0.00
85021210;13.45;23.28;12.00;0.00
85021290;13.45;23.28;12.00;0.00
85021311;13.45;23.28;18.00;0.00
85021319;13.45;23.28;12.00;0.00
85021390;13.45;23.28;18.00;0.00
85022011;13.45;23.28;18.00;0.00
85022019;13.45;15.45;18.00;0.00
85022090;13.45;23.28;18.00;0.00
85023100;13.45;27.12;18.00;0.00
85023900;13.45;22.50;18.00;0.00
85024010;13.45;23.28;18.00;0.00
85024090;13.45;23.28;18.00;0.00
85030010;17.72;27.55;18.00;0.00
85030090;17.72;27.55;18.00;0.00
85041000;15.65;27.41;20.00;0.00
85042100;13.45;23.28;20.00;0.00
85042200;13.45;23.28;20.00;0.00
85042300;13.45;23.28;20.00;0.00
85043111;17.72;29.48;20.00;0.00
85043119;17.72;30.40;20.00;0.00
85043191;15.65;17.65;20.00;0.00
85043192;21.50;33.26;20.00;0.00
85043193;17.72;19.72;20.00;0.00
85043199;17.72;29.48;20.00;0.00
85043211;13.45;25.21;20.00;0.00
85043219;13.45;25.21;20.00;0.00
85043221;13.45;25.21;20.00;0.00
85043229;13.45;25.21;20.00;0.00
85043300;13.45;23.28;20.00;0.00
85043400;13.45;23.28;20.00;0.00
85044010;16.78;29.46;20.00;0.00
85044021;15.98;27.74;20.00;0.00
85044022;15.65;27.41;20.00;0.00
85044029;16.78;28.54;20.00;0.00
85044030;22.58;29.16;20.00;0.00
85044040;19.67;31.33;20.00;0.00
85044050;19.67;29.50;20.00;0.00
85044060;19.67;31.43;20.00;0.00
85044090;19.67;29.50;20.00;0.00
85045010;13.45;15.45;20.00;0.00
85045090;13.45;26.13;20.00;0.00
85049010;17.72;28.53;20.00;0.00
85049020;17.72;28.53;20.00;0.00
85049030;17.72;27.55;20.00;0.00
85049040;17.72;27.55;20.00;0.00
85049090;17.72;28.53;20.00;0.00
85051100;19.67;31.33;18.00;0.00
85051910;19.67;31.33;18.00;0.00
85051990;19.67;31.33;18.00;0.00
85052010;15.65;17.65;18.00;0.00
85052090;15.65;25.48;18.00;0.00
85059011;15.65;17.65;18.00;0.00
85059019;15.65;27.31;18.00;0.00
85059080;19.67;29.50;18.00;0.00
85059090;19.67;29.50;18.00;0.00
85061011;19.67;21.67;18.00;0.00
85061012;19.67;21.67;18.00;0.00
85061019;19.67;30.48;18.00;0.00
85061020;19.67;30.48;18.00;0.00
85061031;19.67;21.67;18.00;0.00
85061032;19.67;21.67;18.00;0.00
85061039;19.67;30.48;18.00;0.00
85063010;19.67;21.67;18.00;0.00
85063090;19.67;30.48;18.00;0.00
85064010;19.67;21.67;18.00;0.00
85064090;19.67;30.48;18.00;0.00
85065010;19.67;21.67;18.00;0.00
85065090;19.67;31.33;18.00;0.00
85066010;19.67;21.67;18.00;0.00
85066090;19.67;30.48;18.00;0.00
85068010;19.67;21.67;18.00;0.00
85068090;19.67;30.48;18.00;0.00
85069000;19.67;29.50;18.00;0.00
85071010;19.67;32.35;18.00;0.00
85071090;19.67;32.35;18.00;0.00
85072010;19.67;32.35;18.00;0.00
85072090;19.67;31.43;18.00;0.00
85073011;19.67;31.43;18.00;0.00
85073019;19.67;32.35;18.00;0.00
85073090;19.67;31.43;18.00;0.00
85075010;19.67;21.67;18.00;0.00
85075020;19.67;21.67;18.00;0.00
85075090;19.67;32.35;18.00;0.00
85076000;20.53;33.21;18.00;0.00
85078000;19.67;32.35;18.00;0.00
85079010;19.67;31.33;18.00;0.00
85079020;19.67;31.33;18.00;0.00
85079090;22.58;34.24;18.00;0.00
85081100;17.72;30.40;18.00;0.00
85081900;17.72;30.40;18.00;0.00
85086000;17.72;27.55;18.00;0.00
85087000;17.72;27.55;18.00;0.00
85094010;17.72;30.40;18.00;0.00
85094020;17.72;30.40;18.00;0.00
85094030;17.72;30.40;18.00;0.00
85094040;17.72;30.40;18.00;0.00
85094050;17.72;30.40;18.00;0.00
85094090;17.72;30.40;18.00;0.00
85098010;17.72;30.40;18.00;0.00
85098090;17.72;30.40;18.00;0.00
85099000;19.81;30.62;18.00;0.00
85101000;21.50;34.18;18.00;0.00
85102000;21.50;23.50;18.00;0.00
85103000;17.72;30.40;18.00;0.00
85109011;21.50;32.31;18.00;0.00
85109019;21.50;32.31;18.00;0.00
85109020;21.50;31.33;18.00;0.00
85109090;21.50;23.50;18.00;0.00
85111000;19.67;32.35;18.00;0.00
85112010;19.67;32.35;18.00;0.00
85112090;19.67;32.35;18.00;0.00
85113010;19.67;32.35;18.00;0.00
85113020;19.67;32.35;18.00;0.00
85114000;19.67;32.35;18.00;0.00
85115010;19.67;32.35;18.00;0.00
85115090;22.58;35.26;18.00;0.00
85118010;19.67;32.35;18.00;0.00
85118020;19.67;32.35;18.00;0.00
85118030;19.67;31.33;18.00;0.00
85118090;19.67;32.35;18.00;0.00
85119000;19.67;31.33;18.00;0.00
85121000;19.67;31.43;18.00;0.00
85122011;19.67;32.35;18.00;0.00
85122019;19.67;32.35;18.00;0.00
85122021;19.67;32.35;18.00;0.00
85122022;19.67;32.35;18.00;0.00
85122023;19.67;32.35;18.00;0.00
85122029;19.67;32.35;18.00;0.00
85123000;19.67;32.35;18.00;0.00
85124010;19.67;32.35;18.00;0.00
85124020;19.67;32.35;18.00;0.00
85129000;19.67;31.33;18.00;0.00
85131010;19.67;31.43;18.00;0.00
85131090;19.67;31.43;18.00;0.00
85139000;19.67;30.48;18.00;0.00
85141100;15.65;25.48;18.00;0.00
85141900;15.65;25.48;18.00;0.00
85142011;13.45;23.28;18.00;0.00
85142019;15.65;25.48;18.00;0.00
85142020;15.65;25.48;18.00;0.00
85143100;13.45;23.28;18.00;0.00
85143200;15.65;25.48;18.00;0.00
85143900;13.45;23.28;18.00;0.00
85144000;13.45;23.28;18.00;0.00
85149000;15.65;25.48;18.00;0.00
85151100;15.65;25.48;18.00;0.00
85151900;13.45;23.28;18.00;0.00
85152100;13.45;23.28;18.00;0.00
85152900;13.45;23.28;18.00;0.00
85153110;13.45;15.45;18.00;0.00
85153190;13.45;23.28;18.00;0.00
85153900;13.45;23.28;18.00;0.00
85158010;13.45;15.45;18.00;0.00
85158090;13.45;23.28;18.00;0.00
85159000;13.45;23.28;18.00;0.00
85161000;21.50;34.18;18.00;0.00
85162100;21.50;34.18;18.00;0.00
85162900;21.50;34.18;18.00;0.00
85163100;25.12;37.80;18.00;0.00
85163200;25.12;37.80;18.00;0.00
85163300;21.50;34.18;18.00;0.00
85164000;17.72;30.40;18.00;0.00
85165000;31.60;44.28;18.00;0.00
85166000;18.51;31.19;18.00;0.00
85167100;18.51;31.19;18.00;0.00
85167200;18.51;31.19;18.00;0.00
85167910;18.51;31.19;18.00;0.00
85167920;18.51;31.19;18.00;0.00
85167990;19.67;32.35;18.00;0.00
85168010;17.72;28.53;18.00;0.00
85168090;17.72;29.38;18.00;0.00
85169000;19.81;30.62;18.00;0.00
85171100;17.72;30.40;18.00;0.00
85171300;22.58;34.24;20.00;0.00
85171410;19.67;28.49;20.00;0.00
85171431;20.53;32.19;20.00;0.00
85171432;19.67;21.67;20.00;0.00
85171439;19.67;28.49;20.00;0.00
85171441;19.67;21.67;20.00;0.00
85171449;19.67;31.33;20.00;0.00
85171490;19.67;21.67;20.00;0.00
85171830;17.72;30.40;18.00;0.00
85171890;17.72;30.40;18.00;0.00
85176130;22.58;30.71;18.00;0.00
85176141;19.67;21.67;18.00;0.00
85176142;19.67;21.67;18.00;0.00
85176143;19.67;21.67;18.00;0.00
85176149;19.67;31.33;18.00;0.00
85176191;19.67;31.33;18.00;0.00
85176192;19.67;27.80;18.00;0.00
85176199;19.67;21.67;18.00;0.00
85176214;19.67;31.33;18.00;0.00
85176215;19.67;28.49;18.00;0.00
85176221;19.67;31.33;18.00;0.00
85176229;19.67;31.33;18.00;0.00
85176234;19.67;31.33;18.00;0.00
85176239;19.67;31.33;18.00;0.00
85176241;22.58;34.24;18.00;0.00
85176249;19.67;28.49;18.00;0.00
85176251;19.67;27.80;18.00;0.00
85176252;19.67;27.80;18.00;0.00
85176253;19.67;21.67;18.00;0.00
85176254;19.67;27.80;18.00;0.00
85176255;20.53;32.19;18.00;0.00
85176256;19.81;33.48;18.00;0.00
85176259;22.58;36.25;18.00;0.00
85176262;22.58;31.40;18.00;0.00
85176264;19.67;21.67;18.00;0.00
85176265;19.67;31.33;18.00;0.00
85176272;22.58;33.39;18.00;0.00
85176273;19.81;33.48;18.00;0.00
85176277;22.58;34.24;18.00;0.00
85176278;19.67;31.33;18.00;0.00
85176279;22.58;30.71;18.00;0.00
85176291;19.67;28.49;18.00;0.00
85176294;19.67;31.33;18.00;0.00
85176296;19.67;28.49;18.00;0.00
85176299;21.50;34.18;18.00;0.00
85176900;19.67;29.50;18.00;0.00
85177110;15.65;17.65;18.00;0.00
85177190;17.72;29.38;18.00;0.00
85177900;18.33;25.03;18.00;0.00
85181010;15.65;17.65;20.00;0.00
85181090;19.67;33.34;20.00;0.00
85182100;22.58;36.25;20.00;0.00
85182200;22.58;35.26;20.00;0.00
85182910;15.65;17.65;20.00;0.00
85182990;19.67;33.34;20.00;0.00
85183000;19.67;32.35;20.00;0.00
85184000;22.58;36.25;20.00;0.00
85185000;19.67;33.34;20.00;0.00
85189010;19.67;31.33;20.00;0.00
85189090;22.58;33.39;20.00;0.00
85192000;23.23;35.91;18.00;0.00
85193000;24.87;37.55;18.00;0.00
85198110;24.87;38.54;18.00;0.00
85198120;23.23;25.23;18.00;0.00
85198190;23.23;35.91;18.00;0.00
85198900;23.23;35.91;18.00;0.00
85211010;23.23;25.23;18.00;0.00
85211081;23.23;35.91;18.00;0.00
85211089;23.23;35.91;18.00;0.00
85211090;23.23;25.23;18.00;0.00
85219000;22.58;35.26;18.00;0.00
85221000;23.23;34.99;18.00;0.00
85229000;23.23;34.04;18.00;0.00
85232110;19.67;30.48;18.00;0.00
85232120;19.67;30.48;18.00;0.00
85232911;15.65;17.65;18.00;0.00
85232919;19.67;30.48;18.00;0.00
85232990;19.67;30.48;18.00;0.00
85234110;19.67;30.48;18.00;0.00
85234190;19.67;30.48;18.00;0.00
85234910;22.58;33.39;18.00;0.00
85234920;19.67;30.48;18.00;0.00
85234990;22.58;33.39;18.00;0.00
85235110;19.67;29.61;18.00;0.00
85235190;22.58;33.39;18.00;0.00
85235210;17.72;26.54;18.00;0.00
85235290;15.65;21.24;18.00;0.00
85235900;19.67;30.48;18.00;0.00
85238000;19.67;30.48;18.00;0.00
85241100;17.72;19.72;18.00;0.00
85241200;17.72;26.54;18.00;0.00
85241900;17.72;26.54;18.00;0.00
85249100;19.81;21.81;18.00;0.00
85249200;19.81;21.81;18.00;0.00
85249900;19.81;21.81;18.00;0.00
85255011;19.67;21.67;18.00;0.00
85255019;19.67;28.49;18.00;0.00
85255021;19.67;27.80;18.00;0.00
85255022;19.67;21.67;18.00;0.00
85255023;19.67;27.80;18.00;0.00
85255024;19.67;27.80;18.00;0.00
85255029;19.67;28.49;18.00;0.00
85256010;19.67;28.49;18.00;0.00
85256020;19.67;21.67;18.00;0.00
85256090;19.67;28.49;18.00;0.00
85258100;22.58;24.58;18.00;0.00
85258200;22.58;24.58;18.00;0.00
85258300;22.58;24.58;18.00;0.00
85258911;21.50;23.50;20.00;0.00
85258912;25.12;27.12;20.00;0.00
85258913;21.50;31.33;20.00;0.00
85258914;21.50;23.50;20.00;0.00
85258919;25.12;38.79;20.00;0.00
85258921;21.50;23.50;20.00;0.00
85258922;21.50;23.50;20.00;0.00
85258929;22.58;36.25;20.00;0.00
85261000;21.50;23.50;18.00;0.00
85269100;21.50;23.50;18.00;0.00
85269200;21.50;34.18;18.00;0.00
85271200;21.50;34.18;20.00;0.00
85271300;25.12;37.80;20.00;0.00
85271900;21.50;34.18;20.00;0.00
85272100;19.81;33.48;20.00;0.00
85272900;19.81;33.48;20.00;0.00
85279100;22.58;35.26;20.00;0.00
85279200;21.50;34.18;20.00;0.00
85279910;21.50;35.17;20.00;0.00
85279990;21.50;34.18;20.00;0.00
85284200;19.67;31.33;18.00;0.00
85284930;21.50;33.16;18.00;0.00
85284990;21.50;34.18;18.00;0.00
85285200;22.58;31.40;18.00;0.00
85285900;21.50;35.17;18.00;0.00
85286200;22.58;34.24;18.00;0.00
85286910;21.50;23.50;18.00;0.00
85286990;21.50;35.17;18.00;0.00
85287111;15.65;17.65;18.00;0.00
85287119;15.98;28.66;18.00;0.00
85287190;22.58;35.26;18.00;0.00
85287200;25.12;37.80;18.00;0.00
85287300;21.50;34.18;18.00;0.00
85291020;17.72;28.53;20.00;0.00
85291090;17.72;29.38;20.00;0.00
85299011;17.72;24.42;20.00;0.00
85299012;22.58;31.40;20.00;0.00
85299019;17.72;24.42;20.00;0.00
85299020;18.33;27.15;20.00;0.00
85299030;17.72;19.72;20.00;0.00
85299040;17.72;19.72;20.00;0.00
85299050;17.72;26.54;20.00;0.00
85299090;17.72;29.38;20.00;0.00
85301010;19.67;29.50;18.00;0.00
85301090;15.65;25.48;18.00;0.00
85308010;19.67;29.50;18.00;0.00
85308090;17.72;27.55;18.00;0.00
85309000;17.72;27.55;18.00;0.00
85311010;19.67;31.43;18.00;0.00
85311090;22.58;35.26;18.00;0.00
85312000;19.67;28.49;18.00;0.00
85318000;19.67;31.43;18.00;0.00
85319000;19.67;31.33;18.00;0.00
85321000;13.45;24.26;18.00;0.00
85322111;14.35;16.35;18.00;0.00
85322119;14.35;26.01;18.00;0.00
85322120;17.72;19.72;18.00;0.00
85322190;17.72;28.53;18.00;0.00
85322200;17.72;22.41;18.00;0.00
85322310;15.65;17.65;18.00;0.00
85322390;17.72;29.38;18.00;0.00
85322410;14.35;16.35;18.00;0.00
85322420;17.72;19.72;18.00;0.00
85322490;17.72;28.53;18.00;0.00
85322510;14.35;16.35;18.00;0.00
85322590;17.72;29.38;18.00;0.00
85322910;14.35;16.35;18.00;0.00
85322990;17.72;29.38;18.00;0.00
85323010;14.35;16.35;18.00;0.00
85323090;17.72;29.38;18.00;0.00
85329000;17.72;27.55;18.00;0.00
85331000;17.72;29.38;18.00;0.00
85332110;17.72;29.38;18.00;0.00
85332120;14.35;16.35;18.00;0.00
85332190;17.72;29.38;18.00;0.00
85332900;17.72;29.38;18.00;0.00
85333110;17.72;29.38;18.00;0.00
85333190;17.72;29.38;18.00;0.00
85333910;17.72;28.53;18.00;0.00
85333990;17.72;29.38;18.00;0.00
85334011;17.72;19.72;18.00;0.00
85334012;17.72;19.72;18.00;0.00
85334013;17.72;28.53;18.00;0.00
85334019;17.72;29.38;18.00;0.00
85334091;17.72;19.72;18.00;0.00
85334092;17.72;29.38;18.00;0.00
85334099;17.72;29.38;18.00;0.00
85339000;17.72;27.55;18.00;0.00
85340011;17.72;25.85;18.00;0.00
85340012;17.72;25.85;18.00;0.00
85340013;17.72;25.85;18.00;0.00
85340019;17.72;25.85;18.00;0.00
85340020;17.72;25.50;18.00;0.00
85340031;17.72;25.85;18.00;0.00
85340032;17.72;25.85;18.00;0.00
85340033;17.72;25.85;18.00;0.00
85340039;17.72;25.85;18.00;0.00
85340040;17.72;25.50;18.00;0.00
85340051;17.72;25.85;18.00;0.00
85340059;17.72;25.85;18.00;0.00
85351000;13.45;24.26;18.00;0.00
85352100;15.65;26.46;18.00;0.00
85352900;13.45;24.26;18.00;0.00
85353013;15.65;17.65;18.00;0.00
85353017;15.65;26.46;18.00;0.00
85353018;15.65;26.46;18.00;0.00
85353019;15.65;27.31;18.00;0.00
85353023;13.45;15.45;18.00;0.00
85353027;13.45;24.26;18.00;0.00
85353028;13.45;24.26;18.00;0.00
85353029;13.45;24.26;18.00;0.00
85354010;13.45;24.26;18.00;0.00
85354090;13.45;24.26;18.00;0.00
85359010;15.65;17.65;18.00;0.00
85359090;15.65;26.46;18.00;0.00
85361000;19.67;31.33;18.00;0.00
85362000;17.72;24.91;18.00;0.00
85363010;19.67;21.67;18.00;0.00
85363090;19.67;30.48;18.00;0.00
85364100;15.65;27.31;18.00;0.00
85364900;15.65;27.31;18.00;0.00
85365010;17.72;19.72;18.00;0.00
85365020;17.72;19.72;18.00;0.00
85365030;14.35;16.35;18.00;0.00
85365090;19.67;31.33;18.00;0.00
85366100;19.67;31.33;18.00;0.00
85366910;19.67;30.48;18.00;0.00
85366990;19.67;31.33;18.00;0.00
85367000;19.67;30.48;18.00;0.00
85369010;19.67;31.33;18.00;0.00
85369020;19.67;30.48;18.00;0.00
85369030;17.72;29.38;18.00;0.00
85369040;17.72;25.50;18.00;0.00
85369050;19.67;21.67;18.00;0.00
85369060;19.67;21.67;18.00;0.00
85369090;19.67;31.33;18.00;0.00
85371011;19.67;21.67;18.00;0.00
85371019;19.67;29.50;18.00;0.00
85371020;19.67;29.50;18.00;0.00
85371030;19.67;29.50;18.00;0.00
85371090;19.67;32.35;18.00;0.00
85372010;13.45;15.45;18.00;0.00
85372090;13.45;25.21;18.00;0.00
85381000;19.67;31.33;18.00;0.00
85389010;19.67;28.49;18.00;0.00
85389020;19.67;21.67;18.00;0.00
85389090;19.67;31.33;18.00;0.00
85391010;19.67;32.35;18.00;0.00
85391090;19.67;32.35;18.00;0.00
85392110;19.67;32.35;18.00;0.00
85392190;19.67;32.35;18.00;0.00
85392200;19.67;31.43;18.00;0.00
85392910;19.67;32.35;18.00;0.00
85392990;19.67;32.35;18.00;0.00
85393111;19.67;31.43;18.00;0.00
85393119;19.67;31.43;18.00;0.00
85393120;19.67;31.43;18.00;0.00
85393131;19.67;31.43;18.00;0.00
85393132;19.67;31.43;18.00;0.00
85393139;19.67;31.43;18.00;0.00
85393210;19.67;31.43;18.00;0.00
85393220;19.67;31.43;18.00;0.00
85393230;19.67;31.43;18.00;0.00
85393911;19.67;32.35;18.00;0.00
85393912;19.67;32.35;18.00;0.00
85393913;19.67;32.35;18.00;0.00
85393919;19.67;32.35;18.00;0.00
85393990;19.67;32.35;18.00;0.00
85394110;19.67;21.67;18.00;0.00
85394190;19.67;31.43;18.00;0.00
85394900;19.67;31.43;18.00;0.00
85395100;19.67;28.49;18.00;0.00
85395200;17.72;27.22;18.00;0.00
85399010;19.67;29.50;18.00;0.00
85399020;19.67;29.50;18.00;0.00
85399090;19.67;29.50;18.00;0.00
85401100;17.72;29.48;18.00;0.00
85401200;17.72;29.48;18.00;0.00
85402011;17.72;29.48;18.00;0.00
85402019;17.72;19.72;18.00;0.00
85402020;17.72;19.72;18.00;0.00
85402090;17.72;19.72;18.00;0.00
85404000;17.72;19.72;18.00;0.00
85406010;17.72;24.42;18.00;0.00
85406090;17.72;29.48;18.00;0.00
85407100;17.72;30.40;18.00;0.00
85407900;17.72;29.48;18.00;0.00
85408100;17.72;29.48;18.00;0.00
85408910;17.72;19.72;18.00;0.00
85408990;17.72;29.48;18.00;0.00
85409110;17.72;28.53;18.00;0.00
85409120;17.72;19.72;18.00;0.00
85409130;17.72;28.53;18.00;0.00
85409140;17.72;28.53;18.00;0.00
85409190;17.72;19.72;18.00;0.00
85409900;17.72;28.53;18.00;0.00
85411011;14.35;16.35;18.00;0.00
85411012;15.65;17.65;18.00;0.00
85411019;15.65;21.24;18.00;0.00
85411021;14.35;16.35;18.00;0.00
85411022;14.35;16.35;18.00;0.00
85411029;14.35;16.35;18.00;0.00
85411031;14.35;16.35;18.00;0.00
85411032;14.35;16.35;18.00;0.00
85411039;15.65;21.24;18.00;0.00
85411091;14.35;16.35;18.00;0.00
85411092;14.35;16.35;18.00;0.00
85411099;15.65;21.24;18.00;0.00
85412110;14.35;16.35;18.00;0.00
85412120;14.35;16.35;18.00;0.00
85412191;14.35;16.35;18.00;0.00
85412199;14.35;16.35;18.00;0.00
85412910;14.35;16.35;18.00;0.00
85412920;14.35;16.35;18.00;0.00
85413011;14.35;16.35;18.00;0.00
85413019;15.65;21.24;18.00;0.00
85413021;15.65;21.24;18.00;0.00
85413029;15.65;21.24;18.00;0.00
85414111;15.65;17.65;18.00;0.00
85414112;14.35;16.35;18.00;0.00
85414121;14.35;16.35;18.00;0.00
85414122;14.35;16.35;18.00;0.00
85414123;15.65;17.65;18.00;0.00
85414124;14.35;16.35;18.00;0.00
85414210;13.45;15.45;18.00;0.00
85414220;13.45;15.45;18.00;0.00
85414290;14.35;16.35;18.00;0.00
85414300;17.72;33.72;18.00;0.00
85414900;14.35;16.35;18.00;0.00
85415100;15.65;17.65;18.00;0.00
85415900;15.65;17.65;18.00;0.00
85416010;15.65;21.24;18.00;0.00
85416090;15.65;21.24;18.00;0.00
85419010;14.35;16.35;18.00;0.00
85419020;14.35;16.35;18.00;0.00
85419090;14.35;16.35;18.00;0.00
85423110;14.35;16.35;18.00;0.00
85423120;14.82;16.82;18.00;0.00
85423190;14.82;16.82;18.00;0.00
85423210;14.35;16.35;18.00;0.00
85423221;15.65;17.65;18.00;0.00
85423229;16.78;23.48;18.00;0.00
85423291;15.65;17.65;18.00;0.00
85423299;15.65;22.35;18.00;0.00
85423311;17.72;19.72;18.00;0.00
85423319;17.72;26.54;18.00;0.00
85423320;14.35;16.35;18.00;0.00
85423390;15.65;17.65;18.00;0.00
85423911;17.72;19.72;18.00;0.00
85423919;17.72;26.54;18.00;0.00
85423920;14.35;16.35;18.00;0.00
85423931;14.35;16.35;18.00;0.00
85423939;15.65;17.65;18.00;0.00
85423991;14.35;16.35;18.00;0.00
85423999;15.65;17.65;18.00;0.00
85429000;14.35;16.35;18.00;0.00
85431000;17.72;19.72;18.00;0.00
85432000;15.65;25.48;18.00;0.00
85433010;13.45;15.45;18.00;0.00
85433090;13.45;23.28;18.00;0.00
85434000;17.72;26.54;18.00;0.00
85437011;17.72;19.72;18.00;0.00
85437012;17.72;19.72;18.00;0.00
85437013;17.72;26.54;18.00;0.00
85437014;17.72;26.54;18.00;0.00
85437015;17.72;26.54;18.00;0.00
85437019;17.72;26.54;18.00;0.00
85437020;17.72;29.48;18.00;0.00
85437031;17.72;19.72;18.00;0.00
85437032;17.72;19.72;18.00;0.00
85437033;17.72;19.72;18.00;0.00
85437034;17.72;19.72;18.00;0.00
85437035;17.72;19.72;18.00;0.00
85437036;17.72;19.72;18.00;0.00
85437039;17.72;26.54;18.00;0.00
85437040;17.72;19.72;18.00;0.00
85437050;17.72;19.72;18.00;0.00
85437091;17.72;19.72;18.00;0.00
85437092;17.72;26.54;18.00;0.00
85437099;17.72;26.54;18.00;0.00
85439010;17.72;27.22;18.00;0.00
85439090;17.72;27.55;18.00;0.00
85441100;13.45;23.28;18.00;0.00
85441911;15.65;17.65;18.00;0.00
85441919;15.65;25.48;18.00;0.00
85441990;15.65;25.48;18.00;0.00
85442000;15.65;27.31;18.00;0.00
85443000;17.72;29.38;18.00;0.00
85444200;16.78;23.97;18.00;0.00
85444900;13.45;25.11;18.00;0.00
85446000;15.65;26.46;18.00;0.00
85447010;19.67;39.82;18.00;0.00
85447020;19.67;21.67;18.00;0.00
85447030;19.67;29.50;18.00;0.00
85447090;19.67;29.50;18.00;0.00
85451100;17.72;25.50;18.00;0.00
85451910;17.72;19.72;18.00;0.00
85451920;17.72;19.72;18.00;0.00
85451990;17.72;27.22;18.00;0.00
85452000;17.72;27.22;18.00;0.00
85459010;17.72;19.72;18.00;0.00
85459020;17.72;27.22;18.00;0.00
85459030;17.72;27.22;18.00;0.00
85459090;17.72;27.22;18.00;0.00
85461000;19.67;30.48;18.00;0.00
85462000;19.67;31.33;18.00;0.00
85469000;19.67;31.33;18.00;0.00
85471000;19.67;31.33;18.00;0.00
85472010;19.67;21.67;18.00;0.00
85472090;19.67;31.33;18.00;0.00
85479000;19.67;31.33;18.00;0.00
85480010;17.72;28.53;18.00;0.00
85480090;17.72;27.55;18.00;0.00
85491100;13.45;17.88;18.00;0.00
85491200;13.45;25.21;18.00;0.00
85491300;13.45;25.21;18.00;0.00
85491400;13.45;15.45;18.00;0.00
85491900;13.45;25.21;18.00;0.00
85492100;13.45;15.45;18.00;0.00
85492900;13.45;15.45;18.00;0.00
85493100;13.45;25.21;18.00;0.00
85493900;13.45;25.21;18.00;0.00
85499100;13.45;25.21;18.00;0.00
85499900;13.45;25.21;18.00;0.00
86011000;13.45;23.28;18.00;0.00
86012000;13.45;23.28;18.00;0.00
86021000;13.45;23.28;18.00;0.00
86029000;13.45;23.28;18.00;0.00
86031000;13.45;23.28;18.00;0.00
86039000;13.45;23.28;18.00;0.00
86040010;13.45;15.45;18.00;0.00
86040090;13.45;23.28;18.00;0.00
86050010;13.45;23.28;18.00;0.00
86050090;13.45;23.28;18.00;0.00
86061000;13.45;31.60;18.00;0.00
86063000;13.45;23.28;18.00;0.00
86069100;13.45;31.60;18.00;0.00
86069200;13.45;31.60;18.00;0.00
86069900;13.45;31.60;18.00;0.00
86071110;13.45;29.45;18.00;0.00
86071120;13.45;23.28;18.00;0.00
86071200;13.45;23.28;18.00;0.00
86071911;13.45;15.45;18.00;0.00
86071919;13.45;23.28;18.00;0.00
86071990;13.45;27.12;18.00;0.00
86072100;13.45;23.28;18.00;0.00
86072900;13.45;23.28;18.00;0.00
86073000;13.45;23.28;18.00;0.00
86079100;13.45;23.28;18.00;0.00
86079900;13.45;23.28;18.00;0.00
86080011;13.45;23.28;18.00;0.00
86080012;13.45;23.28;18.00;0.00
86080090;13.45;23.28;18.00;0.00
86090000;13.45;23.28;18.00;0.00
87011000;13.45;23.28;18.00;0.00
87012100;13.45;27.12;12.00;0.00
87012200;13.45;27.12;12.00;0.00
87012300;13.45;27.12;12.00;0.00
87012400;13.45;27.12;12.00;0.00
87012900;13.45;27.12;12.00;0.00
87013000;13.45;23.28;18.00;0.00
87019100;15.65;25.48;18.00;0.00
87019200;15.65;25.48;18.00;0.00
87019300;15.65;25.48;18.00;0.00
87019410;13.45;15.45;18.00;0.00
87019490;15.65;25.48;18.00;0.00
87019510;13.45;15.45;18.00;0.00
87019590;15.65;25.48;18.00;0.00
87021000;23.23;36.90;12.00;0.00
87022000;23.23;36.90;12.00;0.00
87023000;23.23;36.90;12.00;0.00
87024010;13.45;27.12;18.00;0.00
87024090;23.23;36.90;12.00;0.00
87029000;23.23;36.90;12.00;0.00
87031000;31.16;44.83;18.00;0.00
87032100;16.95;30.62;12.00;0.00
87032210;19.69;33.36;12.00;0.00
87032290;19.69;33.36;12.00;0.00
87032310;24.53;38.20;12.00;0.00
87032390;24.53;38.20;12.00;0.00
87032410;24.53;38.20;12.00;0.00
87032490;24.53;38.20;12.00;0.00
87033110;24.53;38.20;18.00;0.00
87033190;24.53;38.20;18.00;0.00
87033210;24.53;38.20;12.00;0.00
87033290;24.53;38.20;12.00;0.00
87033310;24.53;38.20;12.00;0.00
87033390;24.53;38.20;12.00;0.00
87034000;24.53;44.68;12.00;0.00
87035000;24.53;38.20;12.00;0.00
87036000;24.53;44.68;12.00;0.00
87037000;24.53;38.20;12.00;0.00
87038000;24.53;44.68;12.00;0.00
87039000;24.53;38.20;18.00;0.00
87041010;13.45;15.45;18.00;0.00
87041090;13.45;23.28;18.00;0.00
87042110;13.45;27.12;12.00;0.00
87042120;13.45;27.12;12.00;0.00
87042130;13.45;27.12;12.00;0.00
87042190;13.45;27.12;12.00;0.00
87042210;13.45;27.12;12.00;0.00
87042220;13.45;27.12;12.00;0.00
87042230;13.45;27.12;12.00;0.00
87042290;13.45;27.12;12.00;0.00
87042310;13.45;27.12;12.00;0.00
87042320;13.45;27.12;12.00;0.00
87042330;13.45;27.12;12.00;0.00
87042340;15.65;25.48;12.00;0.00
87042390;13.45;27.12;12.00;0.00
87043110;17.72;31.39;12.00;0.00
87043120;15.22;28.89;12.00;0.00
87043130;15.22;28.89;12.00;0.00
87043190;16.91;30.58;12.00;0.00
87043210;13.45;27.12;12.00;0.00
87043220;13.45;27.12;12.00;0.00
87043230;13.45;27.12;12.00;0.00
87043290;13.45;27.12;12.00;0.00
87044100;13.45;27.12;12.00;0.00
87044200;13.45;27.12;12.00;0.00
87044300;13.45;27.12;12.00;0.00
87045100;16.91;30.58;12.00;0.00
87045200;13.45;27.12;12.00;0.00
87046000;13.45;27.12;12.00;0.00
87049000;13.45;33.60;18.00;0.00
87051020;13.45;15.45;18.00;0.00
87051030;13.45;15.45;18.00;0.00
87051090;13.45;26.13;18.00;0.00
87052000;13.45;27.12;18.00;0.00
87053000;13.45;27.12;18.00;0.00
87054000;13.45;27.12;18.00;0.00
87059010;15.65;17.65;18.00;0.00
87059090;15.65;29.32;18.00;0.00
87060010;23.23;35.91;12.00;0.00
87060020;15.65;25.48;18.00;0.00
87060090;17.72;30.40;12.00;0.00
87071000;17.72;30.40;18.00;0.00
87079010;15.65;25.48;18.00;0.00
87079090;15.65;28.33;18.00;0.00
87081000;15.65;28.33;18.00;0.00
87082100;15.65;28.33;18.00;0.00
87082200;15.65;28.33;18.00;0.00
87082911;15.65;25.48;18.00;0.00
87082912;15.65;25.48;18.00;0.00
87082913;15.65;25.48;18.00;0.00
87082914;15.65;25.48;18.00;0.00
87082919;15.65;25.48;18.00;0.00
87082991;15.65;28.33;18.00;0.00
87082992;15.65;28.33;18.00;0.00
87082993;15.65;28.33;18.00;0.00
87082994;15.65;28.33;18.00;0.00
87082995;15.65;17.65;18.00;0.00
87082999;15.65;28.33;18.00;0.00
87083011;15.65;25.48;18.00;0.00
87083019;15.65;28.33;18.00;0.00
87083090;15.65;28.33;18.00;0.00
87084011;15.65;17.65;18.00;0.00
87084019;15.65;25.48;18.00;0.00
87084080;15.65;28.33;18.00;0.00
87084090;15.65;28.33;18.00;0.00
87085011;15.65;17.65;18.00;0.00
87085012;15.65;25.48;18.00;0.00
87085019;15.65;25.48;18.00;0.00
87085080;15.65;28.33;18.00;0.00
87085091;15.65;25.48;18.00;0.00
87085099;15.65;28.33;18.00;0.00
87087010;15.65;25.48;18.00;0.00
87087090;15.65;28.33;18.00;0.00
87088000;15.65;28.33;18.00;0.00
87089100;15.65;28.33;18.00;0.00
87089200;20.04;32.72;18.00;0.00
87089300;20.04;32.72;18.00;0.00
87089411;15.22;25.05;18.00;0.00
87089412;15.22;25.05;18.00;0.00
87089413;15.22;25.05;18.00;0.00
87089481;15.65;28.33;18.00;0.00
87089482;15.65;28.33;18.00;0.00
87089483;15.65;28.33;18.00;0.00
87089490;15.65;28.33;18.00;0.00
87089510;15.65;28.33;18.00;0.00
87089521;15.65;28.33;18.00;0.00
87089522;15.65;17.65;18.00;0.00
87089529;15.65;28.33;18.00;0.00
87089910;13.45;15.45;18.00;0.00
87089990;15.65;28.33;18.00;0.00
87091100;13.45;23.28;18.00;0.00
87091900;13.45;23.28;18.00;0.00
87099000;15.65;25.48;18.00;0.00
87100000;13.45;15.45;18.00;0.00
87111000;31.60;44.28;12.00;0.00
87112010;31.60;44.28;12.00;0.00
87112020;31.60;44.28;12.00;0.00
87112090;31.60;44.28;12.00;0.00
87113000;31.60;44.28;12.00;0.00
87114000;31.60;44.28;12.00;0.00
87115000;31.60;44.28;12.00;0.00
87116000;31.60;44.28;12.00;0.00
87119000;31.60;44.28;12.00;0.00
87120010;18.33;37.10;18.00;0.00
87120090;17.72;30.40;18.00;0.00
87131000;13.45;22.95;18.00;0.00
87139000;13.45;15.45;18.00;0.00
87141000;19.23;30.04;18.00;0.00
87142000;13.45;21.23;18.00;0.00
87149100;17.72;28.53;18.00;0.00
87149200;17.72;28.53;18.00;0.00
87149311;17.72;19.72;18.00;0.00
87149319;17.72;28.53;18.00;0.00
87149320;17.72;19.72;18.00;0.00
87149410;17.72;28.53;18.00;0.00
87149490;17.72;29.38;18.00;0.00
87149500;17.72;28.53;18.00;0.00
87149611;17.72;28.53;18.00;0.00
87149612;17.72;28.53;18.00;0.00
87149619;17.72;19.72;18.00;0.00
87149690;17.72;28.53;18.00;0.00
87149910;17.72;19.72;18.00;0.00
87149920;17.72;19.72;18.00;0.00
87149990;17.72;28.53;18.00;0.00
87150000;17.72;30.40;18.00;0.00
87161000;17.72;30.40;18.00;0.00
87162000;13.45;23.28;18.00;0.00
87163100;13.45;26.13;18.00;0.00
87163900;13.45;33.60;18.00;0.00
87164000;15.65;28.33;18.00;0.00
87168000;15.65;28.33;18.00;0.00
87169010;15.65;27.31;18.00;0.00
87169090;15.65;27.31;18.00;0.00
88010000;17.72;19.72;18.00;0.00
88021100;17.72;19.72;18.00;0.00
88021210;17.72;19.72;18.00;0.00
88021290;17.72;19.72;18.00;0.00
88022010;17.72;19.72;18.00;0.00
88022021;17.72;19.72;18.00;0.00
88022022;17.72;19.72;18.00;0.00
88022090;17.72;19.72;18.00;0.00
88023010;17.72;19.72;18.00;0.00
88023021;17.72;19.72;18.00;0.00
88023029;17.72;19.72;18.00;0.00
88023031;17.72;19.72;18.00;0.00
88023039;17.72;19.72;18.00;0.00
88023090;17.72;19.72;18.00;0.00
88024010;17.72;19.72;18.00;0.00
88024090;17.72;19.72;18.00;0.00
88026000;13.45;15.45;18.00;0.00
88040000;17.72;27.55;18.00;0.00
88051000;13.45;15.45;18.00;0.00
88052100;13.45;15.45;18.00;0.00
88052900;13.45;15.45;18.00;0.00
88061000;17.72;19.72;18.00;0.00
88062100;17.72;19.72;18.00;0.00
88062200;17.72;19.72;18.00;0.00
88062300;17.72;19.72;18.00;0.00
88062400;17.72;19.72;18.00;0.00
88062900;17.72;19.72;18.00;0.00
88069100;17.72;19.72;18.00;0.00
88069200;17.72;19.72;18.00;0.00
88069300;17.72;19.72;18.00;0.00
88069400;17.72;19.72;18.00;0.00
88069900;17.72;19.72;18.00;0.00
88071000;13.45;15.45;18.00;0.00
88072000;13.45;15.45;18.00;0.00
88073000;13.45;15.45;18.00;0.00
88079000;13.45;15.45;18.00;0.00
89011000;13.45;23.28;25.00;0.00
89012000;13.45;33.60;25.00;0.00
89013000;13.45;23.28;25.00;0.00
89019000;13.45;23.28;25.00;0.00
89020010;13.45;23.28;25.00;0.00
89020090;13.45;23.28;25.00;0.00
89031100;17.72;30.40;25.00;0.00
89031200;17.72;30.40;25.00;0.00
89031900;17.72;30.40;25.00;0.00
89032100;17.72;19.72;25.00;0.00
89032200;17.72;19.72;25.00;0.00
89032300;17.72;30.40;25.00;0.00
89033100;19.81;32.49;25.00;0.00
89033200;19.81;32.49;25.00;0.00
89033300;19.81;32.49;25.00;0.00
89039300;17.72;30.40;25.00;0.00
89039900;17.72;30.40;25.00;0.00
89040000;13.45;23.28;25.00;0.00
89051000;13.45;23.28;25.00;0.00
89052000;13.45;23.28;25.00;0.00
89059000;13.45;23.28;25.00;0.00
89061000;13.45;23.28;25.00;0.00
89069000;13.45;23.28;25.00;0.00
89071000;15.65;25.48;25.00;0.00
89079000;15.98;25.81;25.00;0.00
89080000;13.45;15.45;25.00;0.00
90011011;17.72;37.87;18.00;0.00
90011019;17.72;26.54;18.00;0.00
90011020;19.67;29.50;18.00;0.00
90012000;19.67;31.43;18.00;0.00
90013000;13.45;25.21;18.00;0.00
90014000;13.45;25.21;18.00;0.00
90015000;13.45;25.21;18.00;0.00
90019010;13.45;25.21;18.00;0.00
90019090;19.67;31.43;18.00;0.00
90021111;19.67;21.67;20.00;0.00
90021119;19.67;30.48;18.00;0.00
90021120;19.67;21.67;18.00;0.00
90021190;19.67;30.48;18.00;0.00
90021900;19.67;30.48;18.00;0.00
90022010;19.67;30.48;18.00;0.00
90022090;19.67;30.48;18.00;0.00
90029010;19.67;21.67;18.00;0.00
90029090;19.67;31.33;18.00;0.00
90031100;15.65;27.41;18.00;0.00
90031910;15.65;27.41;18.00;0.00
90031990;15.65;27.41;18.00;0.00
90039010;15.65;26.46;18.00;0.00
90039090;15.65;26.46;18.00;0.00
90041000;19.67;32.35;18.00;0.00
90049010;15.65;27.41;18.00;0.00
90049020;15.65;27.41;18.00;0.00
90049090;15.65;27.41;18.00;0.00
90051000;19.67;31.43;18.00;0.00
90058000;19.67;29.50;18.00;0.00
90059010;19.67;30.48;18.00;0.00
90059090;19.67;29.50;18.00;0.00
90063000;19.67;29.50;18.00;0.00
90064000;19.67;21.67;20.00;0.00
90065310;19.67;31.43;18.00;0.00
90065320;19.67;31.43;18.00;0.00
90065930;13.45;15.45;18.00;0.00
90065940;19.67;31.43;18.00;0.00
90065951;19.67;27.45;18.00;0.00
90065959;19.67;31.43;20.00;0.00
90066100;19.67;31.43;18.00;0.00
90066900;19.67;31.43;18.00;0.00
90069110;19.67;30.48;20.00;0.00
90069190;19.67;30.48;20.00;0.00
90069900;19.67;30.48;20.00;0.00
90071000;24.87;34.70;18.00;0.00
90072020;21.50;23.50;18.00;0.00
90072090;21.50;31.33;18.00;0.00
90079100;21.50;31.33;18.00;0.00
90079200;21.50;31.33;18.00;0.00
90085000;21.50;33.26;18.00;0.00
90089000;21.50;32.31;18.00;0.00
90101010;21.50;23.50;18.00;0.00
90101020;21.50;23.50;18.00;0.00
90101090;21.50;31.33;18.00;0.00
90105010;21.50;23.50;18.00;0.00
90105020;21.50;23.50;18.00;0.00
90105090;21.50;33.26;18.00;0.00
90106000;21.50;33.26;18.00;0.00
90109010;21.50;31.33;18.00;0.00
90109090;21.50;32.31;18.00;0.00
90111000;15.65;25.48;18.00;0.00
90112010;15.65;17.65;18.00;0.00
90112020;15.65;17.65;18.00;0.00
90112030;15.65;17.65;18.00;0.00
90118010;15.65;17.65;18.00;0.00
90118090;15.65;25.48;18.00;0.00
90119010;15.65;17.65;18.00;0.00
90119090;15.65;25.48;18.00;0.00
90121010;13.45;15.45;18.00;0.00
90121090;13.45;24.05;18.00;0.00
90129010;15.65;17.65;18.00;0.00
90129090;15.65;25.48;18.00;0.00
90131010;19.67;31.43;18.00;0.00
90131090;19.67;29.50;18.00;0.00
90132000;19.67;29.50;18.00;0.00
90138000;19.67;32.35;18.00;0.00
90139000;19.67;29.50;18.00;0.00
90141000;15.65;25.48;18.00;0.00
90142010;15.65;17.65;18.00;0.00
90142020;15.65;17.65;18.00;0.00
90142030;15.65;17.65;18.00;0.00
90142090;15.65;17.65;18.00;0.00
90148010;15.65;25.48;18.00;0.00
90148090;15.65;25.48;18.00;0.00
90149000;15.65;25.48;18.00;0.00
90151000;15.65;25.48;18.00;0.00
90152010;15.65;25.48;18.00;0.00
90152090;15.65;25.48;18.00;0.00
90153000;15.65;25.48;18.00;0.00
90154000;15.65;17.65;18.00;0.00
90158010;15.65;25.48;18.00;0.00
90158090;15.65;25.48;18.00;0.00
90159010;15.65;17.65;18.00;0.00
90159090;15.65;25.48;18.00;0.00
90160010;13.45;23.28;18.00;0.00
90160090;13.45;23.28;18.00;0.00
90171010;19.67;21.67;18.00;0.00
90171090;19.67;31.43;18.00;0.00
90172000;19.67;31.43;18.00;0.00
90173010;13.45;21.23;18.00;0.00
90173020;13.45;25.21;18.00;0.00
90173090;13.45;25.21;18.00;0.00
90178010;19.67;31.43;18.00;0.00
90178090;19.67;31.43;18.00;0.00
90179010;19.67;21.67;18.00;0.00
90179090;19.67;30.48;18.00;0.00
90181100;14.35;24.18;18.00;0.00
90181210;14.35;16.35;18.00;0.00
90181290;14.35;24.18;18.00;0.00
90181300;14.35;16.35;18.00;0.00
90181410;14.35;16.35;18.00;0.00
90181420;14.35;16.35;18.00;0.00
90181490;14.35;24.18;18.00;0.00
90181910;14.35;16.35;18.00;0.00
90181920;14.35;24.18;18.00;0.00
90181980;14.35;24.18;18.00;0.00
90181990;14.35;24.18;18.00;0.00
90182010;16.91;18.91;18.00;0.00
90182020;16.91;18.91;18.00;0.00
90182090;16.91;26.74;18.00;0.00
90183111;13.45;24.26;18.00;0.00
90183119;13.45;24.26;18.00;0.00
90183190;13.45;15.45;18.00;0.00
90183211;16.91;27.72;18.00;0.00
90183212;16.91;18.91;18.00;0.00
90183213;16.91;18.91;18.00;0.00
90183219;18.64;29.45;18.00;0.00
90183220;16.91;18.91;18.00;0.00
90183910;16.91;27.72;18.00;0.00
90183921;13.45;15.45;18.00;0.00
90183922;13.45;15.45;18.00;0.00
90183923;16.91;18.91;18.00;0.00
90183925;13.45;16.69;18.00;0.00
90183926;13.45;24.26;18.00;0.00
90183929;13.45;15.45;18.00;0.00
90183930;16.91;27.72;18.00;0.00
90183991;13.45;24.26;18.00;0.00
90183999;16.91;27.72;18.00;0.00
90184100;16.91;26.74;18.00;0.00
90184911;16.91;27.72;18.00;0.00
90184912;16.91;27.72;18.00;0.00
90184919;16.91;27.72;18.00;0.00
90184920;16.91;27.72;18.00;0.00
90184940;16.91;18.91;18.00;0.00
90184991;16.91;18.91;18.00;0.00
90184999;16.91;27.72;18.00;0.00
90185010;16.91;18.91;18.00;0.00
90185090;16.91;26.74;18.00;0.00
90189010;13.45;15.45;18.00;0.00
90189021;16.91;27.72;18.00;0.00
90189029;16.91;27.72;18.00;0.00
90189031;16.91;18.91;18.00;0.00
90189039;16.91;26.74;18.00;0.00
90189040;13.45;20.15;18.00;0.00
90189050;16.91;26.74;18.00;0.00
90189061;16.91;27.72;18.00;0.00
90189069;16.91;27.72;18.00;0.00
90189091;16.91;26.74;18.00;0.00
90189093;16.91;18.91;18.00;0.00
90189094;16.91;18.91;18.00;0.00
90189095;13.45;15.45;18.00;0.00
90189096;16.91;18.91;18.00;0.00
90189099;16.91;27.72;18.00;0.00
90191000;16.91;26.74;18.00;0.00
90192010;14.35;24.18;18.00;0.00
90192020;14.35;24.18;18.00;0.00
90192030;16.91;26.74;18.00;0.00
90192040;16.91;26.74;18.00;0.00
90192090;16.91;26.74;18.00;0.00
90200010;13.45;15.45;18.00;0.00
90200090;16.91;27.72;18.00;0.00
90211010;13.45;23.28;18.00;0.00
90211020;13.45;18.14;18.00;0.00
90211091;13.45;15.45;18.00;0.00
90211099;13.45;23.28;18.00;0.00
90212110;13.45;24.26;18.00;0.00
90212190;13.45;24.26;18.00;0.00
90212900;13.45;24.26;18.00;0.00
90213110;13.45;18.14;18.00;0.00
90213120;13.45;15.45;18.00;0.00
90213190;13.45;18.14;18.00;0.00
90213911;13.45;15.45;18.00;0.00
90213919;13.45;23.28;18.00;0.00
90213920;13.45;15.45;18.00;0.00
90213930;13.45;15.45;18.00;0.00
90213940;13.45;15.45;18.00;0.00
90213980;13.45;23.28;18.00;0.00
90213991;13.45;15.45;18.00;0.00
90213999;13.45;23.28;18.00;0.00
90214000;13.45;15.45;18.00;0.00
90215000;13.45;15.45;18.00;0.00
90219011;13.45;15.45;18.00;0.00
90219012;13.45;15.45;18.00;0.00
90219013;13.45;15.45;18.00;0.00
90219019;13.45;15.45;18.00;0.00
90219080;13.45;23.28;18.00;0.00
90219091;13.45;15.45;18.00;0.00
90219092;13.45;15.45;18.00;0.00
90219099;13.45;23.28;18.00;0.00
90221200;15.65;17.65;18.00;0.00
90221311;15.65;17.65;18.00;0.00
90221319;15.65;25.48;18.00;0.00
90221390;15.65;17.65;18.00;0.00
90221411;15.65;25.48;18.00;0.00
90221412;15.65;17.65;18.00;0.00
90221413;15.65;17.65;18.00;0.00
90221419;15.65;25.48;18.00;0.00
90221490;15.65;17.65;18.00;0.00
90221910;15.65;17.65;18.00;0.00
90221991;15.65;25.48;18.00;0.00
90221999;15.65;31.65;18.00;0.00
90222110;13.45;23.28;18.00;0.00
90222120;13.45;15.45;18.00;0.00
90222190;13.45;23.28;18.00;0.00
90222910;13.45;15.45;18.00;0.00
90222990;13.45;23.28;18.00;0.00
90223000;13.45;15.45;18.00;0.00
90229010;15.65;25.48;18.00;0.00
90229020;15.65;25.48;18.00;0.00
90229080;15.65;25.48;18.00;0.00
90229091;15.65;25.48;18.00;0.00
90229099;15.65;25.48;18.00;0.00
90230000;19.67;30.48;18.00;0.00
90241010;13.45;23.28;18.00;0.00
90241020;13.45;23.28;18.00;0.00
90241090;13.45;23.28;18.00;0.00
90248011;13.45;15.45;18.00;0.00
90248019;13.45;23.28;18.00;0.00
90248021;13.45;15.45;18.00;0.00
90248029;13.45;23.28;18.00;0.00
90248090;13.45;23.28;18.00;0.00
90249000;15.65;25.48;18.00;0.00
90251111;19.67;31.43;18.00;0.00
90251119;19.67;31.43;18.00;0.00
90251191;19.67;32.35;18.00;0.00
90251199;19.67;32.35;18.00;0.00
90251910;19.67;21.67;18.00;0.00
90251990;19.67;32.35;18.00;0.00
90258000;19.67;31.43;18.00;0.00
90259010;19.67;31.33;18.00;0.00
90259090;19.67;31.33;18.00;0.00
90261011;19.67;29.50;18.00;0.00
90261019;19.67;32.35;18.00;0.00
90261021;13.45;15.45;18.00;0.00
90261029;13.45;26.13;18.00;0.00
90262010;13.45;26.13;18.00;0.00
90262090;13.45;26.13;18.00;0.00
90268000;19.67;32.35;18.00;0.00
90269010;22.58;34.24;18.00;0.00
90269020;19.67;31.33;18.00;0.00
90269090;19.67;31.33;18.00;0.00
90271000;13.45;23.28;18.00;0.00
90272011;13.45;15.45;18.00;0.00
90272012;13.45;15.45;18.00;0.00
90272019;13.45;15.45;18.00;0.00
90272021;13.45;15.45;18.00;0.00
90272029;13.45;23.28;18.00;0.00
90273011;13.45;15.45;18.00;0.00
90273019;13.45;23.28;18.00;0.00
90273020;13.45;23.28;18.00;0.00
90275010;13.45;23.28;18.00;0.00
90275020;13.45;23.28;18.00;0.00
90275030;13.45;23.28;18.00;0.00
90275040;13.45;23.28;18.00;0.00
90275050;13.45;15.45;18.00;0.00
90275090;13.45;23.28;18.00;0.00
90278100;13.45;23.28;18.00;0.00
90278911;13.45;15.45;18.00;0.00
90278912;13.45;23.28;18.00;0.00
90278913;13.45;23.28;18.00;0.00
90278914;13.45;23.28;18.00;0.00
90278920;13.45;15.45;18.00;0.00
90278991;13.45;15.45;18.00;0.00
90278999;13.45;23.28;18.00;0.00
90279010;15.65;17.65;18.00;0.00
90279091;15.65;17.65;18.00;0.00
90279093;15.65;17.65;18.00;0.00
90279099;15.65;25.48;18.00;0.00
90281011;15.65;25.48;18.00;0.00
90281019;15.65;25.48;18.00;0.00
90281090;15.65;27.41;18.00;0.00
90282010;15.65;28.33;18.00;0.00
90282020;15.65;25.48;18.00;0.00
90283011;22.58;32.41;18.00;0.00
90283019;15.65;27.41;18.00;0.00
90283021;19.67;29.50;18.00;0.00
90283029;15.65;27.41;18.00;0.00
90283031;19.67;29.50;18.00;0.00
90283039;15.65;27.41;18.00;0.00
90283090;15.65;27.41;18.00;0.00
90289010;19.67;30.48;18.00;0.00
90289090;19.67;30.48;18.00;0.00
90291010;19.67;29.50;18.00;0.00
90291090;19.67;32.35;18.00;0.00
90292010;19.67;32.35;18.00;0.00
90292020;19.67;31.43;18.00;0.00
90299010;19.67;31.33;18.00;0.00
90299090;19.67;31.33;18.00;0.00
90301010;15.65;24.01;18.00;0.00
90301090;15.65;25.48;18.00;0.00
90302010;15.65;17.65;18.00;0.00
90302021;15.65;17.65;18.00;0.00
90302022;15.65;17.65;18.00;0.00
90302029;15.65;24.47;18.00;0.00
90302030;15.65;17.65;18.00;0.00
90303100;15.65;25.48;18.00;0.00
90303200;15.65;25.48;18.00;0.00
90303311;15.65;24.47;18.00;0.00
90303319;15.65;24.47;18.00;0.00
90303321;15.65;28.33;18.00;0.00
90303329;15.65;25.48;18.00;0.00
90303390;15.65;25.48;18.00;0.00
90303910;15.65;24.47;18.00;0.00
90303990;15.65;25.48;18.00;0.00
90304010;15.65;24.47;18.00;0.00
90304020;15.65;24.47;18.00;0.00
90304030;15.65;24.47;18.00;0.00
90304090;15.65;24.47;18.00;0.00
90308210;15.65;24.47;18.00;0.00
90308290;15.65;24.47;18.00;0.00
90308410;15.65;17.65;18.00;0.00
90308420;15.65;17.65;18.00;0.00
90308490;15.65;25.48;18.00;0.00
90308910;15.65;17.65;18.00;0.00
90308920;15.65;17.65;18.00;0.00
90308930;15.65;24.47;18.00;0.00
90308940;15.65;24.47;18.00;0.00
90308990;15.65;24.47;18.00;0.00
90309010;15.65;25.48;18.00;0.00
90309090;15.65;22.35;18.00;0.00
90311000;13.45;23.28;18.00;0.00
90312010;13.45;23.28;18.00;0.00
90312090;13.45;23.28;18.00;0.00
90314100;13.45;23.28;18.00;0.00
90314910;15.65;17.65;18.00;0.00
90314920;15.65;17.65;18.00;0.00
90314990;15.65;25.48;18.00;0.00
90318011;13.45;23.28;18.00;0.00
90318012;13.45;23.28;18.00;0.00
90318020;13.45;23.28;18.00;0.00
90318030;15.65;23.43;18.00;0.00
90318040;19.67;31.33;18.00;0.00
90318050;13.45;15.45;18.00;0.00
90318060;15.65;25.48;18.00;0.00
90318091;15.65;17.65;18.00;0.00
90318099;15.65;25.48;18.00;0.00
90319010;19.67;29.50;18.00;0.00
90319090;19.67;29.50;18.00;0.00
90321010;19.67;32.35;18.00;0.00
90321090;19.67;32.35;18.00;0.00
90322000;19.67;32.35;18.00;0.00
90328100;13.45;25.21;18.00;0.00
90328911;19.67;28.49;18.00;0.00
90328919;19.67;32.35;18.00;0.00
90328921;19.67;31.33;18.00;0.00
90328922;19.67;31.33;18.00;0.00
90328923;19.67;31.33;18.00;0.00
90328924;19.67;31.33;18.00;0.00
90328925;19.67;31.33;18.00;0.00
90328929;19.67;31.33;18.00;0.00
90328930;19.67;29.50;18.00;0.00
90328981;19.67;29.50;18.00;0.00
90328982;19.67;29.50;18.00;0.00
90328983;19.67;29.50;18.00;0.00
90328984;19.67;29.50;18.00;0.00
90328989;19.67;29.50;18.00;0.00
90328990;19.67;32.35;18.00;0.00
90329010;19.67;28.49;18.00;0.00
90329091;19.67;31.33;18.00;0.00
90329099;19.67;26.37;18.00;0.00
90330000;19.67;30.48;18.00;0.00
91011100;23.23;35.91;18.00;0.00
91011900;23.23;35.91;18.00;0.00
91012100;23.23;35.91;18.00;0.00
91012900;23.23;35.91;18.00;0.00
91019100;23.23;35.91;18.00;0.00
91019900;23.23;35.91;18.00;0.00
91021110;25.12;37.80;18.00;0.00
91021190;25.12;37.80;18.00;0.00
91021210;25.12;37.80;18.00;0.00
91021220;25.12;37.80;18.00;0.00
91021290;21.50;34.18;18.00;0.00
91021900;25.12;37.80;18.00;0.00
91022100;25.12;37.80;18.00;0.00
91022900;21.50;34.18;18.00;0.00
91029100;21.50;34.18;18.00;0.00
91029900;21.50;34.18;18.00;0.00
91031000;21.50;34.18;18.00;0.00
91039000;21.50;34.18;18.00;0.00
91040000;20.78;34.45;18.00;0.00
91051100;21.50;34.18;18.00;0.00
91051900;21.50;34.18;18.00;0.00
91052100;21.50;34.18;18.00;0.00
91052900;21.50;34.18;18.00;0.00
91059100;21.50;34.18;18.00;0.00
91059900;21.50;34.18;18.00;0.00
91061000;19.67;32.35;18.00;0.00
91069000;19.67;32.35;18.00;0.00
91070010;19.67;32.35;18.00;0.00
91070090;19.67;32.35;18.00;0.00
91081110;21.50;33.26;18.00;0.00
91081190;21.50;33.26;18.00;0.00
91081200;21.50;33.26;18.00;0.00
91081900;21.50;33.26;18.00;0.00
91082000;21.50;33.26;18.00;0.00
91089000;21.50;33.26;18.00;0.00
91091000;21.50;34.18;18.00;0.00
91099000;21.50;33.26;18.00;0.00
91101110;21.50;33.26;18.00;0.00
91101190;21.50;33.26;18.00;0.00
91101200;21.50;33.26;18.00;0.00
91101900;21.50;33.26;18.00;0.00
91109000;21.50;33.26;18.00;0.00
91111000;21.50;33.26;18.00;0.00
91112010;21.50;33.26;18.00;0.00
91112090;21.50;33.26;18.00;0.00
91118000;21.50;33.26;18.00;0.00
91119010;21.50;33.26;18.00;0.00
91119090;21.50;33.26;18.00;0.00
91122000;21.50;33.26;18.00;0.00
91129000;21.50;33.26;18.00;0.00
91131000;17.72;29.48;18.00;0.00
91132000;17.72;29.48;18.00;0.00
91139000;17.72;29.48;18.00;0.00
91143000;21.50;33.26;18.00;0.00
91144000;21.50;33.26;18.00;0.00
91149000;21.50;34.18;18.00;0.00
92011000;13.45;25.21;18.00;0.00
92012000;13.45;25.21;18.00;0.00
92019000;13.45;25.21;18.00;0.00
92021000;13.45;25.21;18.00;0.00
92029000;13.45;18.78;18.00;0.00
92051000;13.45;25.21;18.00;0.00
92059000;13.45;25.21;18.00;0.00
92060000;13.45;25.21;18.00;0.00
92071010;13.45;21.23;18.00;0.00
92071090;13.45;21.23;18.00;0.00
92079010;13.45;25.21;18.00;0.00
92079090;13.45;25.21;18.00;0.00
92081000;13.45;25.21;18.00;0.00
92089000;13.45;25.21;18.00;0.00
92093000;13.45;24.26;18.00;0.00
92099100;13.45;15.45;18.00;0.00
92099200;13.45;24.26;18.00;0.00
92099400;13.45;24.26;18.00;0.00
92099900;13.45;24.26;18.00;0.00
93011000;13.45;26.13;18.00;0.00
93012000;13.45;26.13;18.00;0.00
93019000;13.45;26.13;18.00;0.00
93020000;38.29;54.29;27.00;0.00
93031000;38.29;50.97;27.00;0.00
93032000;38.29;50.97;27.00;0.00
93033000;38.29;50.97;27.00;0.00
93039010;38.29;50.97;27.00;0.00
93039090;38.29;50.97;27.00;0.00
93040010;38.29;50.97;27.00;0.00
93040090;38.29;50.97;27.00;0.00
93051000;29.29;41.97;18.00;0.00
93052000;29.29;41.97;18.00;0.00
93059100;13.45;26.13;18.00;0.00
93059900;29.29;41.97;18.00;0.00
93062110;21.50;23.50;25.00;0.00
93062120;21.50;34.18;25.00;0.00
93062130;21.50;34.18;25.00;0.00
93062190;27.45;40.13;25.00;0.00
93062900;38.29;50.97;25.00;0.00
93063000;27.45;40.13;25.00;0.00
93069010;29.29;41.97;25.00;0.00
93069020;29.29;41.97;25.00;0.00
93069090;38.29;50.97;25.00;0.00
93070000;29.29;41.97;27.00;0.00
94011010;17.72;29.48;18.00;0.00
94011090;17.72;29.48;18.00;0.00
94012000;19.67;32.35;18.00;0.00
94013100;15.65;27.41;18.00;0.00
94013900;15.65;27.41;18.00;0.00
94014100;15.65;27.41;18.00;0.00
94014900;15.65;27.41;18.00;0.00
94015200;15.65;27.41;18.00;0.00
94015300;15.65;27.41;18.00;0.00
94015900;15.65;27.41;18.00;0.00
94016100;15.65;27.41;18.00;0.00
94016900;15.65;27.41;18.00;0.00
94017100;15.65;27.41;18.00;0.00
94017900;15.65;27.41;18.00;0.00
94018000;15.65;28.33;18.00;0.00
94019100;15.65;27.41;18.00;0.00
94019900;15.65;27.41;18.00;0.00
94021000;15.65;27.41;18.00;0.00
94029010;15.65;25.48;18.00;0.00
94029020;15.65;25.48;18.00;0.00
94029090;15.65;26.46;18.00;0.00
94031000;15.65;27.41;18.00;0.00
94032010;15.65;27.41;18.00;0.00
94032090;15.65;27.41;18.00;0.00
94033000;15.65;27.41;18.00;0.00
94034000;15.65;27.41;18.00;0.00
94035000;15.65;27.41;18.00;0.00
94036000;15.65;27.41;18.00;0.00
94037000;15.65;27.41;18.00;0.00
94038200;15.65;27.41;18.00;0.00
94038300;15.65;27.41;18.00;0.00
94038900;15.65;27.41;18.00;0.00
94039100;15.65;27.41;18.00;0.00
94039900;15.65;27.41;18.00;0.00
94041000;13.45;25.21;18.00;0.00
94042100;13.45;25.21;18.00;0.00
94042900;13.45;25.21;18.00;0.00
94043000;13.45;25.21;18.00;0.00
94044000;13.45;25.21;18.00;0.00
94049000;13.45;25.21;18.00;0.00
94051110;19.67;31.43;18.00;0.00
94051190;19.67;31.43;18.00;0.00
94051910;19.67;31.43;18.00;0.00
94051990;22.58;34.34;18.00;0.00
94052100;19.67;31.43;18.00;0.00
94052900;19.67;31.43;18.00;0.00
94053100;19.67;31.43;18.00;0.00
94053900;19.67;31.43;18.00;0.00
94054100;19.67;31.43;18.00;0.00
94054200;19.67;31.43;18.00;0.00
94054900;19.67;31.43;18.00;0.00
94055000;15.65;27.41;18.00;0.00
94056100;19.67;31.43;18.00;0.00
94056900;19.67;31.43;18.00;0.00
94059100;19.67;31.43;18.00;0.00
94059200;19.67;31.43;18.00;0.00
94059900;19.67;31.43;18.00;0.00
94061010;13.45;23.28;18.00;0.00
94061090;13.45;25.21;18.00;0.00
94062000;13.45;23.28;18.00;0.00
94069010;13.45;23.28;18.00;0.00
94069020;13.45;23.28;18.00;0.00
94069090;13.45;25.21;18.00;0.00
95030010;17.72;31.39;18.00;0.00
95030021;17.72;31.39;18.00;0.00
95030022;17.72;31.39;18.00;0.00
95030029;17.72;30.40;18.00;0.00
95030031;17.72;31.39;18.00;0.00
95030039;17.72;31.39;18.00;0.00
95030040;17.72;31.39;18.00;0.00
95030050;17.72;31.39;18.00;0.00
95030060;17.72;31.39;18.00;0.00
95030070;17.72;31.39;18.00;0.00
95030080;17.72;31.39;18.00;0.00
95030091;17.72;31.39;18.00;0.00
95030097;17.72;31.39;18.00;0.00
95030098;17.72;31.39;18.00;0.00
95030099;17.72;31.39;18.00;0.00
95042000;27.89;40.57;18.00;0.00
95043000;21.50;34.18;18.00;0.00
95044000;19.81;32.49;18.00;0.00
95045000;25.12;37.80;18.00;0.00
95049010;21.50;23.50;18.00;0.00
95049090;21.50;34.18;18.00;0.00
95051000;21.50;34.18;18.00;0.00
95059000;21.50;34.18;18.00;0.00
95061100;21.50;23.50;18.00;0.00
95061200;21.50;23.50;18.00;0.00
95061900;21.50;34.18;18.00;0.00
95062100;21.50;34.18;18.00;0.00
95062900;21.50;34.18;18.00;0.00
95063100;21.50;34.18;18.00;0.00
95063200;21.50;34.18;18.00;0.00
95063900;21.50;34.18;18.00;0.00
95064000;21.50;34.18;18.00;0.00
95065100;21.50;35.17;18.00;0.00
95065900;21.50;34.18;18.00;0.00
95066100;21.50;34.18;18.00;0.00
95066200;13.45;26.13;18.00;0.00
95066900;21.50;34.18;18.00;0.00
95067000;21.50;34.18;18.00;0.00
95069100;21.50;34.18;18.00;0.00
95069900;21.50;34.18;18.00;0.00
95071000;21.50;34.18;20.00;0.00
95072000;21.50;34.18;20.00;0.00
95073000;21.50;34.18;20.00;0.00
95079000;21.50;34.18;20.00;0.00
95081000;17.72;30.40;18.00;0.00
95082110;17.72;19.72;18.00;0.00
95082120;17.72;19.72;18.00;0.00
95082190;17.72;30.40;18.00;0.00
95082210;17.72;30.40;18.00;0.00
95082290;17.72;19.72;18.00;0.00
95082300;17.72;19.72;18.00;0.00
95082400;17.72;19.72;18.00;0.00
95082500;17.72;19.72;18.00;0.00
95082600;17.72;19.72;18.00;0.00
95082900;17.72;19.72;18.00;0.00
95083000;17.72;19.72;18.00;0.00
95084000;17.72;19.72;18.00;0.00
96011000;13.45;25.21;18.00;0.00
96019000;13.45;25.21;18.00;0.00
96020010;13.45;23.28;18.00;0.00
96020020;13.45;25.21;18.00;0.00
96020090;13.45;25.21;18.00;0.00
96031000;13.45;25.21;18.00;0.00
96032100;13.45;25.21;18.00;0.00
96032900;13.45;25.21;18.00;0.00
96033000;13.45;25.21;18.00;0.00
96034010;13.45;25.21;18.00;0.00
96034090;13.45;25.21;18.00;0.00
96035000;13.45;26.13;18.00;0.00
96039000;13.45;25.21;18.00;0.00
96040000;13.45;25.21;18.00;0.00
96050000;17.72;29.48;18.00;0.00
96061000;13.45;25.21;18.00;0.00
96062100;13.45;25.21;18.00;0.00
96062200;13.45;25.21;18.00;0.00
96062900;13.45;25.21;18.00;0.00
96063000;13.45;25.21;18.00;0.00
96071100;13.45;25.21;18.00;0.00
96071900;13.45;25.21;18.00;0.00
96072000;13.45;25.21;18.00;0.00
96081000;25.12;36.88;18.00;0.00
96082000;21.50;33.26;18.00;0.00
96083000;21.50;33.26;18.00;0.00
96084000;21.50;33.26;18.00;0.00
96085000;21.50;33.26;18.00;0.00
96086000;21.50;33.26;18.00;0.00
96089100;21.50;33.26;18.00;0.00
96089981;21.50;33.26;18.00;0.00
96089989;21.50;33.26;18.00;0.00
96089990;21.50;33.26;18.00;0.00
96091000;13.45;25.21;18.00;0.00
96092000;13.45;25.21;18.00;0.00
96099000;13.45;25.21;18.00;0.00
96100000;13.45;25.21;18.00;0.00
96110000;13.45;25.21;18.00;0.00
96121000;22.58;34.34;18.00;0.00
96122000;21.50;33.26;18.00;0.00
96131000;33.45;45.21;18.00;0.00
96132000;27.89;39.65;18.00;0.00
96138000;27.89;40.57;18.00;0.00
96139000;27.89;40.57;18.00;0.00
96140000;24.87;36.63;18.00;0.00
96151100;19.67;31.43;18.00;0.00
96151900;19.67;31.43;18.00;0.00
96159000;19.67;31.43;18.00;0.00
96161000;21.50;33.26;18.00;0.00
96162000;13.45;25.21;18.00;0.00
96170010;19.67;31.43;18.00;0.00
96170020;22.58;33.39;18.00;0.00
96180000;20.78;32.54;18.00;0.00
96190000;13.45;21.81;18.00;0.00
96200000;19.67;30.48;18.00;0.00
97012100;13.45;17.88;18.00;0.00
97012200;13.45;17.88;18.00;0.00
97012900;13.45;17.88;18.00;0.00
97019100;13.45;17.88;18.00;0.00
97019200;13.45;17.88;18.00;0.00
97019900;13.45;17.88;18.00;0.00
97021000;13.45;17.88;18.00;0.00
97029000;13.45;17.88;18.00;0.00
97031000;13.45;17.88;18.00;0.00
97039000;13.45;17.88;18.00;0.00
97040000;13.45;17.88;18.00;0.00
97051000;13.45;17.88;18.00;0.00
97052100;13.45;17.88;18.00;0.00
97052200;13.45;17.88;18.00;0.00
97052900;13.45;17.88;18.00;0.00
97053100;13.45;17.88;18.00;0.00
97053900;13.45;17.88;18.00;0.00
97061000;13.45;17.88;18.00;0.00
97069000;13.45;17.88;18.00;0.00
